20260802 180000;4081.935000;4081.935000;4069.685000;4073.295000;0
20260802 180100;4073.125000;4074.505000;4069.785000;4072.195000;0
20260802 180200;4072.165000;4077.215000;4066.805000;4075.315000;0
20260802 180300;4074.985000;4079.255000;4073.935000;4077.185000;0
20260802 180400;4077.005000;4077.925000;4073.065000;4075.085000;0
20260802 180500;4075.365000;4077.145000;4071.165000;4077.035000;0
20260802 180600;4076.905000;4076.995000;4070.125000;4070.505000;0
20260802 180700;4073.257000;4077.185000;4070.527000;4074.935000;0
20260802 180800;4075.095000;4075.535000;4073.295000;4073.295000;0
20260802 180900;4073.575000;4075.575000;4069.615000;4074.905000;0
20260802 181000;4074.335000;4075.415000;4073.445000;4074.725000;0
20260802 181100;4074.165000;4077.145000;4074.015000;4077.005000;0
20260802 181200;4076.885000;4077.305000;4076.065000;4076.995000;0
20260802 181300;4076.765000;4078.475000;4076.235000;4077.955000;0
20260802 181400;4077.845000;4078.195000;4075.795000;4075.995000;0
20260802 181500;4075.705000;4076.865000;4072.325000;4072.655000;0
20260802 181600;4072.475000;4072.685000;4071.825000;4072.415000;0
20260802 181700;4072.405000;4072.685000;4071.145000;4071.365000;0
20260802 181800;4071.245000;4071.565000;4068.455000;4068.895000;0
20260802 181900;4069.035000;4069.515000;4066.925000;4068.305000;0
20260802 182000;4068.415000;4069.285000;4067.955000;4068.735000;0
20260802 182100;4068.835000;4069.765000;4067.905000;4067.975000;0
20260802 182200;4068.075000;4068.455000;4067.095000;4067.765000;0
20260802 182300;4067.875000;4068.005000;4066.005000;4066.325000;0
20260802 182400;4066.425000;4066.925000;4063.745000;4064.465000;0
20260802 182500;4064.755000;4065.635000;4064.045000;4064.825000;0
20260802 182600;4064.725000;4065.495000;4063.225000;4064.075000;0
20260802 182700;4064.185000;4065.615000;4063.905000;4065.005000;0
20260802 182800;4065.615000;4066.865000;4064.325000;4066.525000;0
20260802 182900;4066.465000;4066.885000;4064.285000;4065.625000;0
20260802 183000;4065.515000;4066.805000;4064.535000;4064.905000;0
20260802 183100;4065.505000;4067.245000;4065.055000;4066.205000;0
20260802 183200;4066.065000;4067.045000;4065.675000;4065.825000;0
20260802 183300;4065.965000;4067.785000;4065.615000;4067.785000;0
20260802 183400;4067.775000;4068.025000;4063.955000;4064.135000;0
20260802 183500;4064.015000;4066.505000;4063.855000;4065.915000;0
20260802 183600;4066.175000;4066.235000;4064.225000;4064.595000;0
20260802 183700;4064.765000;4065.345000;4063.785000;4064.115000;0
20260802 183800;4063.985000;4066.435000;4063.825000;4064.965000;0
20260802 183900;4065.155000;4067.355000;4064.995000;4065.465000;0
20260802 184000;4065.325000;4067.185000;4064.865000;4067.145000;0
20260802 184100;4067.015000;4067.245000;4066.325000;4066.815000;0
20260802 184200;4066.715000;4067.835000;4066.385000;4067.725000;0
20260802 184300;4067.695000;4067.805000;4066.635000;4066.635000;0
20260802 184400;4066.515000;4066.945000;4066.245000;4066.695000;0
20260802 184500;4066.585000;4066.925000;4066.335000;4066.825000;0
20260802 184600;4066.935000;4066.935000;4064.755000;4065.425000;0
20260802 184700;4065.555000;4066.195000;4064.795000;4065.205000;0
20260802 184800;4065.335000;4065.755000;4064.615000;4065.285000;0
20260802 184900;4065.405000;4065.975000;4064.255000;4064.415000;0
20260802 185000;4064.635000;4065.315000;4063.885000;4063.885000;0
20260802 185100;4063.995000;4065.155000;4063.745000;4064.305000;0
20260802 185200;4064.415000;4064.855000;4063.435000;4063.635000;0
20260802 185300;4063.515000;4065.845000;4063.515000;4065.275000;0
20260802 185400;4065.385000;4065.495000;4063.835000;4064.665000;0
20260802 185500;4064.705000;4065.075000;4064.455000;4064.885000;0
20260802 185600;4064.865000;4065.205000;4064.565000;4065.175000;0
20260802 185700;4065.445000;4065.625000;4064.445000;4064.605000;0
20260802 185800;4064.565000;4064.565000;4060.115000;4060.705000;0
20260802 185900;4060.415000;4060.425000;4059.025000;4059.385000;0
20260802 190000;4059.085000;4060.705000;4059.085000;4059.565000;0
20260802 190100;4059.825000;4060.805000;4059.515000;4059.515000;0
20260802 190200;4059.245000;4060.115000;4058.945000;4060.115000;0
20260802 190300;4059.805000;4061.125000;4059.455000;4060.275000;0
20260802 190400;4060.585000;4061.545000;4060.585000;4061.255000;0
20260802 190500;4061.235000;4061.235000;4059.445000;4059.695000;0
20260802 190600;4059.405000;4061.185000;4059.405000;4061.185000;0
20260802 190700;4060.785000;4060.855000;4060.235000;4060.595000;0
20260802 190800;4060.255000;4060.855000;4059.975000;4060.565000;0
20260802 190900;4060.275000;4060.905000;4060.015000;4060.035000;0
20260802 191000;4064.145000;4064.155000;4062.875000;4063.915000;0
20260802 191100;4063.675000;4064.265000;4063.535000;4063.705000;0
20260802 191200;4063.805000;4065.015000;4063.505000;4064.915000;0
20260802 191300;4064.815000;4065.505000;4061.035000;4065.445000;0
20260802 191400;4065.315000;4066.645000;4065.035000;4066.345000;0
20260802 191500;4066.235000;4067.475000;4065.855000;4066.875000;0
20260802 191600;4066.915000;4067.285000;4066.815000;4067.145000;0
20260802 191700;4067.005000;4069.365000;4066.105000;4069.365000;0
20260802 191800;4069.225000;4070.235000;4068.815000;4070.025000;0
20260802 191900;4069.815000;4071.705000;4068.595000;4071.555000;0
20260802 192000;4071.525000;4072.085000;4070.495000;4070.685000;0
20260802 192100;4070.555000;4070.555000;4068.975000;4069.165000;0
20260802 192200;4069.395000;4069.975000;4067.755000;4069.325000;0
20260802 192300;4069.215000;4070.575000;4069.085000;4070.155000;0
20260802 192400;4070.265000;4072.015000;4067.405000;4071.135000;0
20260802 192500;4071.105000;4071.975000;4070.245000;4071.665000;0
20260802 192600;4071.765000;4071.975000;4071.055000;4071.695000;0
20260802 192700;4071.515000;4072.385000;4071.215000;4072.195000;0
20260802 192800;4072.295000;4072.585000;4071.875000;4072.165000;0
20260802 192900;4071.925000;4072.195000;4071.655000;4071.925000;0
20260802 193000;4071.765000;4072.265000;4071.765000;4071.915000;0
20260802 193100;4072.055000;4072.055000;4070.895000;4071.135000;0
20260802 193200;4071.245000;4071.435000;4069.725000;4069.845000;0
20260802 193300;4069.865000;4070.325000;4069.695000;4069.855000;0
20260802 193400;4070.035000;4070.235000;4069.405000;4069.955000;0
20260802 193500;4069.775000;4069.865000;4069.265000;4069.565000;0
20260802 193600;4069.695000;4070.115000;4069.565000;4069.985000;0
20260802 193700;4070.315000;4070.665000;4070.305000;4070.395000;0
20260802 193800;4070.215000;4070.335000;4069.635000;4069.935000;0
20260802 193900;4069.825000;4069.875000;4069.225000;4069.225000;0
20260802 194000;4069.495000;4069.545000;4069.195000;4069.405000;0
20260802 194100;4069.265000;4069.375000;4068.605000;4068.605000;0
20260802 194200;4068.455000;4069.085000;4068.205000;4068.615000;0
20260802 194300;4068.825000;4068.835000;4067.615000;4068.045000;0
20260802 194400;4068.075000;4069.845000;4068.075000;4069.365000;0
20260802 194500;4069.545000;4070.415000;4067.975000;4068.075000;0
20260802 194600;4067.955000;4072.225000;4067.955000;4071.395000;0
20260802 194700;4071.545000;4072.105000;4068.875000;4069.585000;0
20260802 194800;4069.475000;4069.575000;4068.125000;4068.125000;0
20260802 194900;4068.285000;4068.725000;4068.025000;4068.595000;0
20260802 195000;4068.635000;4073.515000;4068.005000;4072.025000;0
20260802 195100;4072.015000;4072.715000;4071.035000;4071.845000;0
20260802 195200;4071.705000;4071.965000;4069.915000;4071.885000;0
20260802 195300;4072.005000;4072.325000;4070.895000;4072.325000;0
20260802 195400;4072.215000;4072.615000;4071.135000;4072.175000;0
20260802 195500;4072.275000;4073.025000;4071.375000;4073.015000;0
20260802 195600;4072.905000;4074.525000;4072.285000;4073.525000;0
20260802 195700;4073.405000;4073.835000;4072.715000;4073.045000;0
20260802 195800;4072.935000;4073.825000;4072.665000;4073.265000;0
20260802 195900;4073.135000;4074.775000;4072.835000;4074.775000;0
20260802 200000;4074.665000;4077.455000;4074.425000;4077.405000;0
20260802 200100;4077.345000;4079.155000;4076.725000;4078.355000;0
20260802 200200;4078.235000;4078.755000;4076.255000;4076.565000;0
20260802 200300;4076.555000;4077.965000;4075.855000;4077.705000;0
20260802 200400;4077.555000;4078.295000;4076.775000;4077.795000;0
20260802 200500;4077.665000;4078.155000;4076.345000;4077.935000;0
20260802 200600;4077.715000;4078.095000;4073.935000;4074.575000;0
20260802 200700;4074.605000;4075.775000;4073.875000;4075.745000;0
20260802 200800;4075.625000;4076.935000;4073.725000;4074.365000;0
20260802 200900;4074.465000;4074.575000;4072.555000;4072.975000;0
20260802 201000;4072.785000;4073.385000;4071.565000;4072.355000;0
20260802 201100;4072.235000;4073.335000;4071.635000;4072.555000;0
20260802 201200;4072.435000;4072.435000;4070.375000;4070.705000;0
20260802 201300;4070.815000;4071.785000;4069.515000;4071.135000;0
20260802 201400;4070.985000;4071.935000;4070.785000;4071.585000;0
20260802 201500;4071.435000;4072.765000;4070.475000;4072.245000;0
20260802 201600;4071.975000;4071.995000;4070.575000;4070.645000;0
20260802 201700;4070.365000;4070.485000;4069.625000;4070.375000;0
20260802 201800;4070.205000;4070.835000;4069.305000;4070.015000;0
20260802 201900;4070.115000;4070.995000;4069.795000;4069.915000;0
20260802 202000;4069.775000;4069.975000;4068.025000;4068.365000;0
20260802 202100;4068.475000;4068.885000;4067.195000;4067.595000;0
20260802 202200;4067.385000;4068.525000;4067.025000;4068.465000;0
20260802 202300;4068.315000;4068.555000;4066.445000;4067.595000;0
20260802 202400;4067.485000;4067.805000;4066.125000;4066.205000;0
20260802 202500;4066.385000;4067.525000;4063.895000;4064.075000;0
20260802 202600;4063.955000;4064.355000;4062.755000;4063.195000;0
20260802 202700;4063.475000;4064.325000;4060.825000;4063.555000;0
20260802 202800;4062.975000;4066.475000;4061.855000;4064.705000;0
20260802 202900;4064.585000;4066.045000;4062.855000;4064.035000;0
20260802 203000;4063.845000;4069.695000;4063.705000;4069.045000;0
20260802 203100;4069.145000;4069.405000;4067.035000;4067.115000;0
20260802 203200;4067.115000;4067.115000;4065.225000;4065.665000;0
20260802 203300;4065.845000;4066.805000;4062.795000;4063.575000;0
20260802 203400;4063.715000;4065.225000;4063.135000;4064.305000;0
20260802 203500;4064.175000;4065.085000;4062.625000;4063.135000;0
20260802 203600;4063.145000;4064.295000;4061.545000;4061.775000;0
20260802 203700;4061.615000;4062.315000;4060.095000;4061.905000;0
20260802 203800;4062.085000;4062.785000;4060.655000;4060.935000;0
20260802 203900;4061.125000;4061.125000;4059.025000;4059.545000;0
20260802 204000;4059.795000;4059.975000;4057.575000;4059.665000;0
20260802 204100;4059.855000;4060.975000;4058.265000;4059.305000;0
20260802 204200;4059.395000;4059.965000;4058.055000;4058.055000;0
20260802 204300;4057.835000;4058.525000;4056.705000;4056.705000;0
20260802 204400;4056.855000;4058.605000;4056.395000;4058.045000;0
20260802 204500;4057.925000;4058.805000;4057.425000;4058.475000;0
20260802 204600;4058.715000;4059.705000;4056.875000;4056.875000;0
20260802 204700;4057.035000;4058.045000;4055.815000;4057.125000;0
20260802 204800;4056.965000;4060.335000;4056.695000;4058.875000;0
20260802 204900;4058.755000;4060.415000;4057.665000;4057.805000;0
20260802 205000;4057.635000;4059.615000;4056.965000;4058.905000;0
20260802 205100;4059.015000;4059.015000;4057.105000;4057.415000;0
20260802 205200;4057.305000;4060.235000;4057.265000;4059.645000;0
20260802 205300;4059.745000;4060.045000;4058.265000;4060.045000;0
20260802 205400;4059.925000;4060.385000;4058.225000;4058.375000;0
20260802 205500;4058.075000;4059.475000;4057.695000;4058.555000;0
20260802 205600;4058.625000;4058.695000;4057.325000;4057.795000;0
20260802 205700;4057.925000;4059.225000;4056.385000;4057.155000;0
20260802 205800;4057.035000;4057.475000;4056.135000;4056.825000;0
20260802 205900;4057.005000;4057.125000;4055.395000;4056.725000;0
20260802 210000;4056.885000;4057.265000;4051.585000;4055.815000;0
20260802 210100;4055.945000;4062.315000;4054.655000;4061.815000;0
20260802 210200;4061.715000;4063.165000;4055.905000;4057.555000;0
20260802 210300;4057.405000;4058.165000;4054.915000;4057.395000;0
20260802 210400;4057.585000;4058.685000;4056.745000;4057.885000;0
20260802 210500;4057.775000;4060.845000;4057.625000;4060.775000;0
20260802 210600;4060.775000;4061.495000;4058.535000;4058.855000;0
20260802 210700;4058.755000;4059.015000;4056.185000;4058.995000;0
20260802 210800;4059.065000;4060.815000;4057.465000;4059.975000;0
20260802 210900;4060.315000;4061.065000;4059.035000;4059.615000;0
20260802 211000;4059.725000;4060.565000;4057.655000;4058.775000;0
20260802 211100;4058.455000;4059.135000;4056.525000;4057.165000;0
20260802 211200;4057.525000;4057.635000;4054.305000;4054.425000;0
20260802 211300;4054.545000;4055.165000;4052.755000;4053.305000;0
20260802 211400;4053.575000;4054.045000;4051.265000;4052.055000;0
20260802 211500;4052.115000;4053.495000;4050.955000;4051.085000;0
20260802 211600;4050.955000;4051.605000;4047.085000;4048.935000;0
20260802 211700;4049.035000;4049.685000;4048.145000;4048.495000;0
20260802 211800;4048.665000;4050.265000;4047.245000;4049.705000;0
20260802 211900;4049.915000;4049.915000;4048.825000;4048.965000;0
20260802 212000;4049.275000;4051.245000;4048.905000;4050.875000;0
20260802 212100;4050.755000;4051.305000;4050.175000;4050.835000;0
20260802 212200;4050.835000;4051.135000;4048.915000;4049.635000;0
20260802 212300;4049.515000;4051.635000;4049.045000;4051.565000;0
20260802 212400;4051.565000;4053.895000;4050.705000;4053.555000;0
20260802 212500;4053.695000;4054.995000;4053.315000;4053.485000;0
20260802 212600;4053.615000;4054.015000;4051.875000;4053.005000;0
20260802 212700;4053.015000;4054.315000;4052.535000;4052.665000;0
20260802 212800;4052.505000;4054.365000;4052.505000;4053.625000;0
20260802 212900;4053.885000;4054.355000;4051.985000;4052.515000;0
20260802 213000;4052.375000;4053.795000;4051.905000;4051.905000;0
20260802 213100;4052.005000;4052.345000;4049.885000;4050.445000;0
20260802 213200;4050.555000;4051.495000;4050.055000;4051.115000;0
20260802 213300;4051.165000;4052.835000;4050.235000;4052.245000;0
20260802 213400;4052.245000;4053.655000;4051.015000;4053.655000;0
20260802 213500;4053.495000;4055.365000;4053.255000;4054.955000;0
20260802 213600;4054.935000;4056.935000;4054.935000;4056.355000;0
20260802 213700;4056.235000;4056.645000;4052.995000;4053.545000;0
20260802 213800;4053.385000;4053.805000;4052.285000;4052.445000;0
20260802 213900;4052.365000;4053.815000;4051.795000;4053.135000;0
20260802 214000;4053.225000;4053.765000;4051.745000;4052.275000;0
20260802 214100;4052.325000;4052.405000;4050.475000;4051.115000;0
20260802 214200;4051.235000;4051.235000;4047.345000;4048.255000;0
20260802 214300;4048.105000;4049.115000;4047.155000;4048.785000;0
20260802 214400;4048.575000;4051.045000;4047.865000;4050.935000;0
20260802 214500;4050.825000;4051.765000;4050.355000;4051.325000;0
20260802 214600;4051.175000;4051.965000;4049.755000;4049.835000;0
20260802 214700;4049.845000;4053.045000;4049.785000;4052.885000;0
20260802 214800;4052.875000;4055.065000;4052.875000;4053.675000;0
20260802 214900;4053.675000;4054.865000;4052.975000;4053.015000;0
20260802 215000;4053.085000;4054.315000;4052.895000;4053.785000;0
20260802 215100;4054.045000;4055.375000;4052.945000;4054.065000;0
20260802 215200;4054.295000;4055.325000;4053.965000;4054.545000;0
20260802 215300;4054.315000;4054.315000;4051.555000;4051.565000;0
20260802 215400;4051.515000;4051.675000;4050.115000;4051.085000;0
20260802 215500;4051.135000;4054.535000;4049.675000;4054.365000;0
20260802 215600;4054.475000;4055.875000;4053.845000;4053.945000;0
20260802 215700;4053.815000;4054.755000;4053.425000;4054.135000;0
20260802 215800;4053.965000;4055.725000;4053.705000;4055.085000;0
20260802 215900;4055.085000;4057.365000;4054.715000;4056.375000;0
20260802 220000;4056.485000;4060.695000;4056.365000;4058.855000;0
20260802 220100;4058.885000;4059.025000;4057.385000;4058.975000;0
20260802 220200;4058.815000;4059.785000;4058.025000;4059.525000;0
20260802 220300;4059.555000;4060.685000;4059.215000;4060.395000;0
20260802 220400;4060.395000;4060.395000;4059.095000;4059.095000;0
20260802 220500;4059.145000;4059.945000;4058.355000;4059.735000;0
20260802 220600;4059.835000;4060.445000;4059.085000;4059.125000;0
20260802 220700;4058.875000;4059.405000;4057.565000;4057.745000;0
20260802 220800;4057.885000;4058.925000;4056.195000;4056.595000;0
20260802 220900;4056.745000;4057.205000;4055.555000;4055.685000;0
20260802 221000;4055.855000;4056.045000;4054.935000;4055.305000;0
20260802 221100;4055.525000;4056.615000;4055.175000;4055.175000;0
20260802 221200;4055.525000;4055.725000;4052.965000;4053.715000;0
20260802 221300;4053.825000;4055.375000;4053.825000;4055.255000;0
20260802 221400;4055.375000;4056.065000;4054.225000;4055.475000;0
20260802 221500;4055.405000;4055.485000;4051.865000;4052.955000;0
20260802 221600;4052.955000;4055.215000;4052.365000;4055.215000;0
20260802 221700;4055.215000;4055.425000;4053.965000;4055.375000;0
20260802 221800;4055.265000;4057.385000;4054.565000;4056.985000;0
20260802 221900;4056.875000;4060.545000;4056.345000;4060.255000;0
20260802 222000;4060.415000;4060.565000;4058.465000;4058.565000;0
20260802 222100;4058.565000;4058.795000;4058.085000;4058.505000;0
20260802 222200;4058.625000;4058.715000;4056.425000;4056.675000;0
20260802 222300;4056.505000;4056.685000;4055.435000;4055.515000;0
20260802 222400;4055.645000;4055.845000;4054.225000;4054.855000;0
20260802 222500;4054.965000;4055.905000;4054.895000;4055.525000;0
20260802 222600;4055.655000;4055.765000;4054.235000;4054.285000;0
20260802 222700;4054.255000;4058.475000;4053.945000;4058.435000;0
20260802 222800;4058.265000;4058.495000;4057.395000;4057.835000;0
20260802 222900;4057.705000;4058.395000;4057.285000;4058.095000;0
20260802 223000;4057.895000;4059.405000;4057.315000;4058.525000;0
20260802 223100;4058.445000;4058.555000;4054.715000;4055.335000;0
20260802 223200;4055.045000;4055.365000;4053.625000;4054.165000;0
20260802 223300;4054.275000;4055.865000;4053.955000;4055.465000;0
20260802 223400;4055.455000;4055.685000;4054.235000;4055.585000;0
20260802 223500;4055.435000;4056.835000;4054.365000;4054.745000;0
20260802 223600;4054.765000;4054.825000;4052.225000;4052.815000;0
20260802 223700;4052.715000;4054.125000;4052.315000;4053.925000;0
20260802 223800;4053.955000;4056.025000;4053.625000;4055.555000;0
20260802 223900;4055.415000;4058.745000;4055.035000;4057.425000;0
20260802 224000;4057.385000;4060.415000;4057.375000;4058.075000;0
20260802 224100;4058.265000;4059.295000;4057.395000;4057.635000;0
20260802 224200;4057.495000;4059.395000;4057.245000;4059.185000;0
20260802 224300;4059.195000;4059.865000;4058.755000;4059.045000;0
20260802 224400;4059.225000;4060.225000;4058.815000;4059.365000;0
20260802 224500;4059.135000;4059.845000;4058.205000;4058.545000;0
20260802 224600;4058.585000;4059.925000;4058.585000;4059.485000;0
20260802 224700;4059.485000;4061.565000;4059.465000;4060.165000;0
20260802 224800;4060.295000;4063.025000;4059.995000;4063.025000;0
20260802 224900;4063.195000;4066.995000;4062.895000;4063.285000;0
20260802 225000;4063.355000;4065.055000;4063.355000;4064.225000;0
20260802 225100;4064.375000;4064.425000;4062.555000;4062.985000;0
20260802 225200;4063.205000;4063.805000;4062.315000;4063.145000;0
20260802 225300;4063.145000;4064.685000;4062.515000;4062.795000;0
20260802 225400;4062.805000;4063.325000;4062.065000;4062.485000;0
20260802 225500;4062.585000;4063.125000;4061.275000;4061.335000;0
20260802 225600;4061.445000;4062.455000;4060.605000;4062.455000;0
20260802 225700;4062.345000;4063.735000;4062.205000;4062.415000;0
20260802 225800;4062.095000;4064.345000;4061.945000;4062.835000;0
20260802 225900;4062.645000;4063.015000;4062.045000;4062.105000;0
20260802 230000;4062.235000;4062.455000;4060.785000;4061.185000;0
20260802 230100;4061.395000;4063.325000;4060.675000;4062.105000;0
20260802 230200;4062.255000;4062.645000;4061.295000;4062.525000;0
20260802 230300;4062.525000;4062.925000;4061.925000;4062.655000;0
20260802 230400;4062.535000;4063.765000;4062.005000;4062.185000;0
20260802 230500;4062.215000;4065.205000;4062.215000;4064.715000;0
20260802 230600;4064.875000;4065.015000;4063.655000;4064.245000;0
20260802 230700;4064.135000;4064.385000;4062.195000;4062.395000;0
20260802 230800;4062.545000;4063.735000;4062.345000;4062.535000;0
20260802 230900;4062.655000;4064.565000;4062.095000;4064.305000;0
20260802 231000;4064.195000;4064.795000;4062.735000;4063.725000;0
20260802 231100;4063.605000;4064.615000;4063.245000;4064.335000;0
20260802 231200;4064.205000;4064.335000;4063.315000;4063.635000;0
20260802 231300;4063.805000;4064.575000;4063.635000;4064.065000;0
20260802 231400;4063.985000;4064.455000;4063.695000;4064.095000;0
20260802 231500;4063.875000;4065.885000;4062.845000;4063.155000;0
20260802 231600;4063.035000;4064.155000;4062.905000;4063.815000;0
20260802 231700;4063.945000;4066.245000;4063.835000;4065.085000;0
20260802 231800;4065.085000;4066.995000;4065.085000;4066.385000;0
20260802 231900;4066.385000;4067.525000;4065.685000;4067.445000;0
20260802 232000;4067.315000;4067.795000;4065.955000;4066.155000;0
20260802 232100;4066.275000;4066.275000;4064.965000;4065.095000;0
20260802 232200;4065.475000;4065.475000;4061.675000;4061.835000;0
20260802 232300;4061.715000;4063.515000;4061.375000;4063.255000;0
20260802 232400;4063.105000;4063.435000;4062.475000;4062.505000;0
20260802 232500;4062.545000;4064.965000;4061.265000;4063.445000;0
20260802 232600;4063.395000;4064.255000;4062.515000;4063.915000;0
20260802 232700;4063.915000;4064.735000;4062.745000;4063.485000;0
20260802 232800;4063.355000;4063.865000;4062.595000;4063.295000;0
20260802 232900;4063.445000;4063.845000;4062.885000;4063.765000;0
20260802 233000;4063.645000;4064.575000;4062.175000;4062.815000;0
20260802 233100;4062.875000;4064.355000;4062.535000;4063.005000;0
20260802 233200;4063.255000;4064.225000;4063.255000;4064.115000;0
20260802 233300;4063.905000;4064.735000;4062.915000;4063.065000;0
20260802 233400;4063.375000;4064.555000;4062.775000;4063.015000;0
20260802 233500;4062.895000;4064.815000;4061.485000;4062.075000;0
20260802 233600;4061.735000;4062.255000;4061.345000;4061.965000;0
20260802 233700;4061.745000;4061.745000;4060.895000;4061.525000;0
20260802 233800;4061.415000;4062.565000;4061.135000;4062.105000;0
20260802 233900;4062.235000;4062.725000;4061.895000;4062.485000;0
20260802 234000;4062.455000;4063.385000;4062.385000;4063.045000;0
20260802 234100;4062.705000;4063.025000;4061.425000;4061.705000;0
20260802 234200;4061.685000;4062.285000;4061.355000;4062.075000;0
20260802 234300;4061.975000;4061.975000;4061.405000;4061.625000;0
20260802 234400;4061.505000;4061.635000;4060.265000;4060.445000;0
20260802 234500;4060.445000;4060.815000;4058.915000;4059.115000;0
20260802 234600;4059.265000;4060.375000;4059.125000;4060.085000;0
20260802 234700;4060.105000;4060.695000;4060.035000;4060.575000;0
20260802 234800;4060.715000;4061.195000;4060.395000;4060.485000;0
20260802 234900;4060.735000;4061.275000;4060.365000;4061.045000;0
20260802 235000;4061.145000;4063.185000;4060.985000;4062.995000;0
20260802 235100;4062.865000;4063.605000;4061.815000;4063.355000;0
20260802 235200;4063.485000;4065.215000;4062.905000;4065.215000;0
20260802 235300;4065.115000;4065.305000;4063.905000;4064.055000;0
20260802 235400;4064.435000;4066.375000;4063.515000;4065.845000;0
20260802 235500;4065.885000;4066.585000;4065.375000;4065.605000;0
20260802 235600;4065.695000;4066.175000;4064.005000;4064.235000;0
20260802 235700;4064.205000;4064.785000;4063.935000;4064.425000;0
20260802 235800;4064.265000;4064.905000;4064.265000;4064.455000;0
20260802 235900;4064.415000;4065.085000;4064.195000;4064.845000;0
20260803 000000;4064.935000;4065.855000;4064.635000;4064.715000;0
20260803 000100;4064.585000;4065.555000;4063.955000;4065.285000;0
20260803 000200;4065.395000;4066.025000;4065.085000;4065.405000;0
20260803 000300;4065.245000;4066.525000;4064.775000;4065.745000;0
20260803 000400;4065.835000;4066.395000;4065.595000;4066.265000;0
20260803 000500;4066.065000;4067.045000;4065.975000;4066.045000;0
20260803 000600;4065.985000;4067.165000;4065.795000;4066.495000;0
20260803 000700;4066.665000;4068.205000;4066.635000;4067.115000;0
20260803 000800;4067.235000;4067.855000;4066.585000;4066.725000;0
20260803 000900;4066.845000;4067.255000;4064.875000;4065.105000;0
20260803 001000;4065.205000;4066.055000;4065.105000;4065.255000;0
20260803 001100;4065.345000;4065.705000;4065.125000;4065.335000;0
20260803 001200;4065.305000;4065.905000;4065.195000;4065.555000;0
20260803 001300;4065.765000;4066.365000;4065.185000;4065.785000;0
20260803 001400;4065.795000;4066.465000;4065.415000;4066.415000;0
20260803 001500;4066.275000;4067.445000;4065.775000;4067.045000;0
20260803 001600;4067.215000;4069.805000;4066.445000;4069.315000;0
20260803 001700;4068.945000;4069.535000;4067.925000;4068.155000;0
20260803 001800;4068.045000;4068.545000;4067.515000;4068.205000;0
20260803 001900;4067.985000;4069.565000;4067.985000;4069.415000;0
20260803 002000;4069.335000;4069.595000;4069.225000;4069.475000;0
20260803 002100;4069.645000;4070.875000;4069.625000;4070.265000;0
20260803 002200;4070.155000;4070.755000;4069.375000;4069.775000;0
20260803 002300;4069.665000;4069.675000;4068.735000;4068.805000;0
20260803 002400;4068.885000;4069.345000;4068.615000;4068.725000;0
20260803 002500;4068.935000;4069.775000;4068.755000;4069.135000;0
20260803 002600;4068.995000;4069.325000;4067.965000;4068.405000;0
20260803 002700;4068.155000;4068.705000;4067.765000;4068.295000;0
20260803 002800;4068.145000;4068.375000;4067.695000;4067.695000;0
20260803 002900;4067.895000;4068.445000;4067.785000;4068.065000;0
20260803 003000;4068.205000;4070.115000;4068.105000;4069.785000;0
20260803 003100;4069.975000;4070.755000;4069.675000;4070.685000;0
20260803 003200;4070.875000;4070.875000;4070.125000;4070.635000;0
20260803 003300;4070.475000;4070.895000;4069.965000;4070.425000;0
20260803 003400;4070.225000;4070.875000;4069.945000;4070.435000;0
20260803 003500;4070.585000;4070.935000;4069.895000;4070.795000;0
20260803 003600;4070.695000;4071.185000;4069.085000;4069.085000;0
20260803 003700;4069.095000;4069.355000;4068.305000;4068.565000;0
20260803 003800;4068.675000;4070.045000;4068.385000;4069.485000;0
20260803 003900;4069.365000;4070.025000;4069.285000;4069.545000;0
20260803 004000;4069.595000;4069.675000;4068.575000;4068.855000;0
20260803 004100;4069.125000;4069.815000;4068.745000;4069.125000;0
20260803 004200;4069.005000;4069.935000;4068.665000;4069.055000;0
20260803 004300;4069.205000;4069.305000;4068.745000;4069.095000;0
20260803 004400;4068.895000;4070.265000;4068.705000;4070.225000;0
20260803 004500;4070.275000;4070.665000;4069.215000;4069.445000;0
20260803 004600;4069.555000;4069.625000;4068.895000;4069.305000;0
20260803 004700;4069.415000;4069.635000;4068.515000;4068.665000;0
20260803 004800;4068.795000;4071.125000;4068.695000;4071.025000;0
20260803 004900;4071.055000;4071.595000;4070.485000;4070.485000;0
20260803 005000;4070.635000;4071.565000;4070.445000;4070.725000;0
20260803 005100;4070.555000;4070.625000;4067.985000;4068.575000;0
20260803 005200;4068.575000;4068.575000;4067.605000;4068.035000;0
20260803 005300;4067.875000;4068.365000;4067.475000;4067.585000;0
20260803 005400;4067.685000;4067.745000;4067.365000;4067.585000;0
20260803 005500;4067.695000;4067.935000;4067.095000;4067.255000;0
20260803 005600;4067.385000;4068.025000;4067.185000;4067.255000;0
20260803 005700;4067.365000;4067.365000;4066.095000;4066.325000;0
20260803 005800;4066.445000;4066.645000;4064.765000;4065.465000;0
20260803 005900;4065.535000;4065.605000;4063.505000;4063.535000;0
20260803 010000;4063.545000;4064.475000;4062.545000;4063.515000;0
20260803 010100;4063.525000;4064.525000;4063.115000;4063.785000;0
20260803 010200;4063.795000;4065.135000;4063.795000;4064.875000;0
20260803 010300;4065.125000;4065.125000;4062.485000;4062.675000;0
20260803 010400;4062.845000;4063.885000;4062.105000;4062.225000;0
20260803 010500;4062.315000;4062.315000;4061.185000;4061.275000;0
20260803 010600;4061.485000;4062.795000;4060.755000;4061.415000;0
20260803 010700;4061.665000;4062.025000;4060.865000;4061.315000;0
20260803 010800;4061.225000;4061.855000;4060.385000;4061.365000;0
20260803 010900;4061.435000;4061.715000;4060.495000;4060.675000;0
20260803 011000;4060.675000;4060.675000;4057.465000;4057.945000;0
20260803 011100;4058.045000;4058.605000;4056.865000;4056.995000;0
20260803 011200;4057.015000;4057.035000;4056.255000;4056.645000;0
20260803 011300;4056.615000;4057.735000;4056.325000;4057.125000;0
20260803 011400;4057.075000;4057.385000;4056.565000;4057.185000;0
20260803 011500;4057.075000;4057.765000;4055.955000;4056.195000;0
20260803 011600;4056.205000;4057.015000;4054.995000;4055.035000;0
20260803 011700;4055.035000;4056.205000;4053.855000;4056.205000;0
20260803 011800;4056.185000;4057.145000;4055.855000;4056.505000;0
20260803 011900;4056.415000;4056.965000;4056.115000;4056.255000;0
20260803 012000;4056.145000;4057.275000;4055.615000;4057.125000;0
20260803 012100;4057.055000;4057.795000;4056.755000;4057.125000;0
20260803 012200;4057.115000;4057.835000;4057.005000;4057.305000;0
20260803 012300;4057.565000;4057.635000;4056.795000;4057.525000;0
20260803 012400;4057.425000;4058.985000;4057.315000;4058.885000;0
20260803 012500;4058.885000;4060.085000;4058.205000;4059.915000;0
20260803 012600;4059.805000;4062.365000;4059.375000;4061.625000;0
20260803 012700;4061.595000;4061.655000;4059.855000;4060.275000;0
20260803 012800;4060.145000;4060.545000;4059.665000;4060.345000;0
20260803 012900;4060.265000;4060.475000;4059.925000;4059.925000;0
20260803 013000;4059.545000;4060.395000;4058.095000;4059.775000;0
20260803 013100;4059.665000;4060.515000;4058.325000;4060.175000;0
20260803 013200;4060.315000;4060.355000;4058.935000;4059.155000;0
20260803 013300;4059.225000;4060.035000;4057.945000;4058.755000;0
20260803 013400;4058.715000;4058.715000;4055.575000;4056.245000;0
20260803 013500;4056.155000;4057.505000;4055.275000;4056.505000;0
20260803 013600;4056.605000;4056.925000;4054.845000;4056.325000;0
20260803 013700;4056.425000;4058.175000;4056.145000;4057.755000;0
20260803 013800;4057.545000;4058.975000;4057.545000;4058.525000;0
20260803 013900;4058.595000;4059.725000;4056.885000;4057.025000;0
20260803 014000;4057.135000;4058.615000;4056.025000;4058.555000;0
20260803 014100;4058.525000;4060.065000;4058.125000;4059.585000;0
20260803 014200;4059.705000;4064.135000;4059.245000;4062.955000;0
20260803 014300;4062.685000;4064.595000;4061.305000;4064.115000;0
20260803 014400;4064.125000;4064.485000;4062.635000;4063.285000;0
20260803 014500;4063.395000;4063.395000;4060.865000;4060.895000;0
20260803 014600;4061.055000;4062.325000;4060.915000;4061.875000;0
20260803 014700;4061.905000;4063.245000;4060.555000;4060.675000;0
20260803 014800;4060.635000;4060.975000;4059.685000;4059.745000;0
20260803 014900;4059.745000;4059.985000;4058.665000;4059.815000;0
20260803 015000;4059.745000;4060.335000;4059.025000;4059.455000;0
20260803 015100;4059.345000;4059.975000;4059.075000;4059.175000;0
20260803 015200;4059.175000;4062.795000;4059.175000;4062.585000;0
20260803 015300;4062.575000;4063.345000;4061.505000;4063.125000;0
20260803 015400;4063.145000;4065.285000;4063.095000;4064.835000;0
20260803 015500;4064.995000;4065.645000;4064.275000;4064.865000;0
20260803 015600;4064.825000;4065.855000;4064.705000;4065.695000;0
20260803 015700;4065.645000;4066.245000;4065.165000;4065.595000;0
20260803 015800;4065.465000;4069.355000;4065.445000;4069.035000;0
20260803 015900;4069.145000;4069.705000;4068.365000;4068.645000;0
20260803 020000;4068.645000;4070.375000;4068.495000;4069.265000;0
20260803 020100;4069.295000;4070.355000;4067.735000;4068.655000;0
20260803 020200;4068.615000;4070.005000;4068.485000;4069.705000;0
20260803 020300;4069.875000;4070.925000;4068.135000;4068.495000;0
20260803 020400;4068.225000;4069.205000;4067.255000;4067.705000;0
20260803 020500;4067.625000;4070.275000;4067.625000;4070.275000;0
20260803 020600;4070.075000;4070.205000;4067.685000;4068.825000;0
20260803 020700;4068.665000;4068.775000;4067.295000;4067.875000;0
20260803 020800;4067.755000;4068.515000;4066.935000;4067.605000;0
20260803 020900;4067.715000;4068.125000;4067.235000;4067.445000;0
20260803 021000;4067.815000;4068.035000;4066.115000;4066.245000;0
20260803 021100;4066.375000;4067.355000;4066.135000;4067.125000;0
20260803 021200;4066.945000;4067.275000;4065.745000;4065.925000;0
20260803 021300;4066.075000;4067.065000;4065.945000;4065.975000;0
20260803 021400;4065.875000;4066.985000;4065.735000;4065.735000;0
20260803 021500;4065.835000;4066.915000;4065.245000;4066.915000;0
20260803 021600;4067.145000;4068.195000;4066.735000;4067.615000;0
20260803 021700;4067.775000;4068.275000;4067.395000;4068.045000;0
20260803 021800;4067.865000;4069.135000;4067.755000;4067.975000;0
20260803 021900;4068.115000;4069.875000;4067.965000;4069.295000;0
20260803 022000;4069.415000;4069.415000;4068.185000;4068.245000;0
20260803 022100;4068.545000;4068.865000;4067.385000;4067.715000;0
20260803 022200;4067.845000;4068.965000;4067.335000;4068.445000;0
20260803 022300;4068.345000;4071.175000;4068.015000;4069.815000;0
20260803 022400;4069.925000;4071.695000;4069.675000;4070.535000;0
20260803 022500;4070.825000;4071.115000;4068.815000;4069.295000;0
20260803 022600;4069.115000;4069.275000;4066.185000;4066.185000;0
20260803 022700;4066.215000;4067.385000;4065.865000;4067.045000;0
20260803 022800;4066.895000;4068.725000;4066.595000;4068.615000;0
20260803 022900;4068.735000;4069.085000;4068.035000;4068.205000;0
20260803 023000;4068.105000;4068.595000;4067.225000;4067.675000;0
20260803 023100;4067.565000;4068.005000;4065.985000;4066.065000;0
20260803 023200;4066.115000;4067.185000;4065.415000;4065.865000;0
20260803 023300;4065.745000;4066.535000;4064.775000;4065.485000;0
20260803 023400;4065.495000;4065.505000;4060.355000;4060.365000;0
20260803 023500;4060.455000;4064.705000;4060.265000;4064.535000;0
20260803 023600;4064.555000;4066.265000;4064.555000;4065.845000;0
20260803 023700;4065.945000;4066.165000;4064.965000;4065.735000;0
20260803 023800;4065.615000;4067.005000;4065.465000;4066.615000;0
20260803 023900;4066.505000;4067.265000;4065.925000;4066.015000;0
20260803 024000;4065.895000;4066.305000;4065.395000;4065.675000;0
20260803 024100;4065.565000;4066.125000;4064.785000;4064.985000;0
20260803 024200;4064.855000;4066.065000;4064.845000;4065.475000;0
20260803 024300;4065.365000;4065.465000;4064.705000;4065.305000;0
20260803 024400;4065.575000;4065.575000;4064.135000;4065.365000;0
20260803 024500;4065.245000;4065.775000;4064.625000;4064.875000;0
20260803 024600;4064.845000;4066.735000;4064.335000;4066.535000;0
20260803 024700;4066.575000;4066.575000;4064.935000;4065.575000;0
20260803 024800;4065.465000;4065.695000;4063.045000;4063.285000;0
20260803 024900;4063.425000;4063.615000;4062.845000;4063.225000;0
20260803 025000;4063.115000;4063.645000;4062.775000;4063.605000;0
20260803 025100;4063.465000;4065.085000;4063.465000;4063.945000;0
20260803 025200;4063.985000;4064.685000;4063.105000;4064.345000;0
20260803 025300;4064.185000;4064.205000;4062.485000;4063.345000;0
20260803 025400;4063.375000;4064.395000;4062.995000;4063.715000;0
20260803 025500;4063.535000;4064.385000;4063.405000;4063.695000;0
20260803 025600;4063.705000;4064.255000;4063.595000;4064.255000;0
20260803 025700;4064.295000;4066.065000;4063.885000;4065.935000;0
20260803 025800;4065.985000;4066.115000;4064.625000;4064.805000;0
20260803 025900;4064.765000;4064.995000;4063.505000;4063.815000;0
20260803 030000;4063.655000;4065.095000;4061.945000;4064.315000;0
20260803 030100;4064.205000;4064.335000;4062.215000;4062.575000;0
20260803 030200;4062.575000;4062.665000;4061.185000;4061.925000;0
20260803 030300;4061.805000;4062.275000;4059.975000;4060.205000;0
20260803 030400;4060.245000;4061.395000;4059.525000;4060.935000;0
20260803 030500;4060.795000;4061.815000;4060.505000;4061.145000;0
20260803 030600;4061.305000;4061.975000;4059.465000;4059.575000;0
20260803 030700;4059.575000;4061.805000;4059.515000;4061.765000;0
20260803 030800;4061.815000;4061.905000;4060.745000;4061.605000;0
20260803 030900;4061.605000;4063.785000;4061.505000;4062.745000;0
20260803 031000;4062.745000;4063.435000;4062.175000;4063.435000;0
20260803 031100;4063.195000;4064.275000;4062.165000;4062.515000;0
20260803 031200;4062.485000;4063.975000;4062.465000;4063.385000;0
20260803 031300;4063.515000;4063.525000;4062.435000;4062.545000;0
20260803 031400;4062.545000;4063.365000;4061.185000;4061.385000;0
20260803 031500;4061.325000;4061.785000;4060.785000;4061.675000;0
20260803 031600;4061.675000;4061.675000;4059.095000;4059.195000;0
20260803 031700;4059.245000;4059.615000;4054.605000;4054.805000;0
20260803 031800;4054.695000;4055.855000;4053.725000;4055.535000;0
20260803 031900;4055.515000;4056.345000;4053.015000;4054.375000;0
20260803 032000;4054.375000;4054.715000;4051.915000;4053.005000;0
20260803 032100;4053.475000;4054.545000;4052.855000;4054.525000;0
20260803 032200;4054.415000;4055.155000;4053.385000;4055.035000;0
20260803 032300;4054.945000;4056.015000;4054.715000;4054.825000;0
20260803 032400;4054.685000;4056.055000;4054.255000;4055.965000;0
20260803 032500;4055.895000;4056.795000;4055.375000;4055.385000;0
20260803 032600;4055.405000;4058.425000;4055.395000;4058.245000;0
20260803 032700;4058.405000;4058.885000;4057.825000;4058.615000;0
20260803 032800;4058.675000;4058.825000;4057.735000;4057.905000;0
20260803 032900;4057.905000;4058.865000;4057.815000;4057.925000;0
20260803 033000;4058.025000;4059.435000;4057.285000;4059.355000;0
20260803 033100;4059.335000;4059.345000;4058.135000;4058.745000;0
20260803 033200;4058.635000;4059.365000;4058.635000;4059.345000;0
20260803 033300;4059.225000;4059.415000;4058.765000;4059.105000;0
20260803 033400;4059.125000;4060.215000;4058.795000;4059.525000;0
20260803 033500;4059.475000;4061.015000;4059.475000;4060.335000;0
20260803 033600;4060.455000;4060.655000;4057.265000;4057.695000;0
20260803 033700;4057.695000;4058.325000;4056.445000;4056.525000;0
20260803 033800;4056.525000;4058.285000;4056.495000;4058.145000;0
20260803 033900;4058.465000;4059.965000;4058.415000;4059.585000;0
20260803 034000;4059.735000;4059.735000;4058.115000;4058.475000;0
20260803 034100;4058.475000;4059.385000;4058.045000;4058.175000;0
20260803 034200;4058.205000;4058.845000;4057.955000;4058.235000;0
20260803 034300;4058.235000;4059.095000;4058.235000;4058.485000;0
20260803 034400;4058.495000;4059.515000;4058.475000;4059.515000;0
20260803 034500;4059.515000;4060.145000;4058.525000;4059.465000;0
20260803 034600;4059.345000;4060.535000;4059.135000;4059.485000;0
20260803 034700;4059.485000;4059.485000;4058.095000;4058.345000;0
20260803 034800;4058.465000;4059.015000;4058.425000;4059.015000;0
20260803 034900;4059.095000;4060.865000;4059.025000;4059.085000;0
20260803 035000;4059.115000;4059.905000;4058.505000;4059.335000;0
20260803 035100;4059.385000;4060.235000;4059.125000;4060.155000;0
20260803 035200;4060.065000;4061.325000;4059.405000;4061.265000;0
20260803 035300;4061.285000;4062.315000;4060.685000;4061.555000;0
20260803 035400;4061.645000;4063.135000;4061.415000;4062.465000;0
20260803 035500;4062.435000;4062.965000;4061.215000;4061.255000;0
20260803 035600;4061.205000;4061.515000;4060.665000;4061.285000;0
20260803 035700;4061.335000;4061.465000;4060.865000;4061.085000;0
20260803 035800;4061.095000;4061.595000;4060.905000;4060.905000;0
20260803 035900;4060.905000;4061.655000;4060.565000;4060.875000;0
20260803 040000;4060.865000;4061.335000;4059.565000;4060.245000;0
20260803 040100;4060.205000;4060.465000;4059.075000;4059.215000;0
20260803 040200;4059.295000;4059.635000;4058.945000;4058.965000;0
20260803 040300;4058.955000;4059.925000;4058.125000;4058.435000;0
20260803 040400;4058.465000;4060.825000;4058.315000;4060.555000;0
20260803 040500;4060.605000;4061.325000;4059.975000;4060.085000;0
20260803 040600;4060.085000;4060.875000;4059.475000;4060.875000;0
20260803 040700;4060.855000;4060.915000;4060.075000;4060.075000;0
20260803 040800;4059.985000;4060.045000;4059.305000;4060.045000;0
20260803 040900;4059.805000;4061.015000;4059.805000;4060.425000;0
20260803 041000;4060.505000;4060.615000;4059.605000;4059.635000;0
20260803 041100;4059.675000;4061.575000;4059.675000;4060.625000;0
20260803 041200;4060.615000;4060.965000;4059.815000;4059.835000;0
20260803 041300;4059.965000;4061.645000;4059.835000;4061.645000;0
20260803 041400;4061.645000;4062.025000;4061.065000;4061.565000;0
20260803 041500;4061.565000;4062.285000;4061.165000;4061.235000;0
20260803 041600;4061.225000;4061.225000;4060.035000;4060.425000;0
20260803 041700;4060.445000;4060.575000;4058.435000;4058.555000;0
20260803 041800;4058.655000;4059.345000;4057.615000;4057.675000;0
20260803 041900;4057.835000;4057.835000;4056.745000;4057.625000;0
20260803 042000;4057.765000;4058.525000;4057.535000;4058.275000;0
20260803 042100;4058.175000;4059.155000;4057.935000;4058.655000;0
20260803 042200;4058.545000;4058.835000;4058.215000;4058.835000;0
20260803 042300;4058.835000;4059.145000;4058.555000;4058.845000;0
20260803 042400;4058.595000;4058.855000;4058.065000;4058.685000;0
20260803 042500;4058.735000;4060.185000;4058.615000;4058.845000;0
20260803 042600;4058.885000;4059.185000;4057.275000;4057.405000;0
20260803 042700;4057.465000;4057.475000;4055.505000;4055.975000;0
20260803 042800;4055.935000;4057.045000;4055.585000;4056.785000;0
20260803 042900;4056.805000;4056.805000;4054.065000;4055.965000;0
20260803 043000;4055.915000;4056.565000;4054.715000;4056.565000;0
20260803 043100;4056.695000;4057.395000;4056.395000;4056.995000;0
20260803 043200;4056.995000;4058.165000;4056.875000;4058.155000;0
20260803 043300;4058.015000;4058.195000;4055.935000;4056.125000;0
20260803 043400;4056.125000;4056.685000;4055.605000;4056.005000;0
20260803 043500;4055.955000;4058.915000;4055.105000;4058.705000;0
20260803 043600;4058.745000;4059.385000;4057.525000;4059.125000;0
20260803 043700;4058.995000;4058.995000;4057.625000;4057.875000;0
20260803 043800;4057.855000;4058.845000;4057.295000;4058.595000;0
20260803 043900;4058.675000;4060.565000;4058.225000;4059.705000;0
20260803 044000;4059.725000;4059.965000;4059.015000;4059.135000;0
20260803 044100;4059.135000;4059.445000;4058.695000;4058.925000;0
20260803 044200;4058.895000;4059.955000;4058.895000;4059.805000;0
20260803 044300;4059.845000;4060.045000;4058.195000;4058.295000;0
20260803 044400;4058.255000;4058.635000;4057.995000;4058.285000;0
20260803 044500;4058.385000;4058.745000;4057.455000;4057.515000;0
20260803 044600;4057.485000;4058.955000;4057.485000;4058.545000;0
20260803 044700;4058.455000;4058.585000;4057.835000;4058.035000;0
20260803 044800;4057.975000;4059.125000;4057.635000;4059.055000;0
20260803 044900;4059.065000;4059.875000;4058.625000;4059.705000;0
20260803 045000;4059.605000;4059.915000;4058.825000;4058.825000;0
20260803 045100;4058.835000;4059.495000;4058.385000;4059.165000;0
20260803 045200;4059.255000;4059.315000;4058.365000;4058.365000;0
20260803 045300;4058.445000;4058.665000;4057.525000;4058.575000;0
20260803 045400;4058.625000;4059.385000;4058.585000;4059.215000;0
20260803 045500;4059.305000;4060.755000;4058.615000;4059.895000;0
20260803 045600;4059.695000;4060.295000;4059.555000;4059.815000;0
20260803 045700;4059.795000;4060.095000;4058.775000;4058.775000;0
20260803 045800;4058.795000;4058.805000;4058.425000;4058.755000;0
20260803 045900;4058.685000;4059.715000;4058.565000;4059.255000;0
20260803 050000;4058.995000;4060.255000;4058.865000;4058.875000;0
20260803 050100;4058.965000;4059.275000;4057.645000;4057.675000;0
20260803 050200;4057.635000;4058.445000;4057.435000;4058.175000;0
20260803 050300;4058.355000;4058.625000;4057.695000;4057.695000;0
20260803 050400;4057.875000;4058.435000;4057.215000;4057.325000;0
20260803 050500;4057.315000;4058.235000;4057.055000;4058.055000;0
20260803 050600;4058.055000;4059.085000;4057.205000;4058.955000;0
20260803 050700;4058.945000;4058.975000;4058.045000;4058.235000;0
20260803 050800;4058.205000;4059.145000;4057.965000;4058.215000;0
20260803 050900;4058.265000;4059.405000;4058.215000;4059.405000;0
20260803 051000;4059.345000;4059.845000;4059.245000;4059.695000;0
20260803 051100;4059.745000;4060.075000;4059.315000;4059.745000;0
20260803 051200;4059.605000;4061.225000;4059.585000;4061.075000;0
20260803 051300;4061.085000;4061.985000;4060.425000;4061.575000;0
20260803 051400;4061.375000;4061.595000;4060.895000;4061.345000;0
20260803 051500;4061.295000;4061.335000;4059.945000;4060.575000;0
20260803 051600;4060.615000;4061.045000;4059.635000;4059.825000;0
20260803 051700;4059.965000;4060.305000;4058.705000;4059.125000;0
20260803 051800;4059.135000;4059.405000;4058.305000;4058.545000;0
20260803 051900;4058.295000;4059.155000;4058.045000;4058.705000;0
20260803 052000;4058.675000;4058.815000;4058.235000;4058.645000;0
20260803 052100;4058.695000;4058.855000;4054.335000;4054.935000;0
20260803 052200;4054.785000;4055.085000;4054.185000;4054.895000;0
20260803 052300;4054.895000;4055.055000;4052.475000;4052.485000;0
20260803 052400;4052.525000;4055.315000;4052.455000;4055.175000;0
20260803 052500;4055.195000;4055.975000;4054.405000;4054.495000;0
20260803 052600;4054.485000;4054.485000;4053.005000;4053.285000;0
20260803 052700;4053.155000;4053.705000;4051.935000;4052.275000;0
20260803 052800;4052.175000;4052.995000;4052.115000;4052.955000;0
20260803 052900;4052.885000;4053.045000;4052.215000;4052.515000;0
20260803 053000;4052.445000;4053.255000;4048.875000;4049.755000;0
20260803 053100;4049.715000;4050.165000;4047.425000;4048.185000;0
20260803 053200;4048.185000;4049.615000;4046.915000;4048.325000;0
20260803 053300;4048.605000;4049.195000;4046.275000;4047.815000;0
20260803 053400;4047.705000;4048.235000;4046.365000;4046.775000;0
20260803 053500;4046.865000;4049.395000;4046.505000;4049.365000;0
20260803 053600;4049.335000;4050.825000;4048.885000;4049.925000;0
20260803 053700;4049.935000;4050.825000;4049.315000;4050.305000;0
20260803 053800;4050.305000;4052.585000;4050.225000;4051.195000;0
20260803 053900;4051.065000;4052.385000;4050.755000;4052.175000;0
20260803 054000;4052.275000;4053.115000;4052.105000;4052.435000;0
20260803 054100;4052.475000;4053.145000;4052.275000;4052.425000;0
20260803 054200;4052.445000;4052.785000;4051.345000;4051.955000;0
20260803 054300;4051.975000;4053.035000;4051.235000;4052.785000;0
20260803 054400;4052.815000;4054.585000;4052.815000;4053.295000;0
20260803 054500;4053.295000;4055.405000;4053.155000;4055.395000;0
20260803 054600;4055.405000;4055.455000;4053.755000;4054.795000;0
20260803 054700;4054.835000;4054.975000;4053.775000;4054.485000;0
20260803 054800;4054.655000;4055.965000;4054.535000;4055.415000;0
20260803 054900;4055.435000;4056.695000;4055.435000;4055.625000;0
20260803 055000;4055.935000;4057.635000;4055.935000;4056.815000;0
20260803 055100;4056.775000;4057.925000;4056.445000;4056.485000;0
20260803 055200;4056.525000;4056.895000;4055.705000;4056.075000;0
20260803 055300;4056.165000;4056.615000;4055.745000;4056.215000;0
20260803 055400;4056.455000;4057.425000;4056.115000;4056.755000;0
20260803 055500;4056.785000;4057.225000;4056.295000;4057.225000;0
20260803 055600;4057.245000;4057.625000;4056.665000;4057.345000;0
20260803 055700;4057.275000;4057.505000;4056.435000;4056.775000;0
20260803 055800;4056.775000;4057.185000;4054.705000;4054.895000;0
20260803 055900;4054.845000;4055.525000;4054.305000;4055.115000;0
20260803 060000;4055.235000;4055.555000;4053.805000;4053.945000;0
20260803 060100;4053.935000;4054.935000;4052.885000;4054.765000;0
20260803 060200;4054.805000;4055.475000;4054.465000;4055.215000;0
20260803 060300;4055.275000;4056.575000;4054.575000;4056.505000;0
20260803 060400;4056.505000;4056.505000;4054.305000;4054.515000;0
20260803 060500;4054.655000;4054.785000;4053.695000;4054.655000;0
20260803 060600;4054.615000;4055.115000;4054.045000;4054.775000;0
20260803 060700;4054.875000;4055.385000;4053.525000;4054.425000;0
20260803 060800;4054.425000;4054.565000;4053.755000;4054.135000;0
20260803 060900;4054.035000;4054.165000;4053.415000;4053.805000;0
20260803 061000;4053.895000;4055.575000;4053.625000;4055.575000;0
20260803 061100;4055.545000;4056.115000;4055.125000;4055.175000;0
20260803 061200;4055.075000;4056.475000;4055.075000;4056.445000;0
20260803 061300;4056.465000;4056.885000;4055.915000;4056.225000;0
20260803 061400;4056.355000;4056.355000;4055.205000;4056.055000;0
20260803 061500;4056.055000;4056.845000;4055.185000;4055.405000;0
20260803 061600;4055.495000;4056.115000;4055.065000;4056.115000;0
20260803 061700;4056.115000;4056.115000;4053.905000;4054.185000;0
20260803 061800;4054.165000;4055.385000;4053.715000;4055.355000;0
20260803 061900;4055.425000;4055.545000;4054.655000;4054.755000;0
20260803 062000;4054.835000;4055.335000;4054.285000;4055.085000;0
20260803 062100;4055.185000;4055.205000;4052.345000;4052.535000;0
20260803 062200;4052.785000;4054.875000;4052.335000;4054.875000;0
20260803 062300;4054.875000;4054.985000;4052.755000;4053.525000;0
20260803 062400;4053.535000;4054.165000;4053.075000;4053.075000;0
20260803 062500;4053.195000;4053.235000;4051.755000;4051.775000;0
20260803 062600;4051.815000;4053.465000;4051.815000;4053.225000;0
20260803 062700;4053.235000;4053.545000;4052.965000;4053.195000;0
20260803 062800;4053.145000;4054.675000;4053.015000;4053.705000;0
20260803 062900;4053.655000;4053.935000;4052.975000;4053.255000;0
20260803 063000;4053.345000;4053.525000;4052.965000;4053.295000;0
20260803 063100;4053.315000;4053.395000;4052.285000;4053.285000;0
20260803 063200;4053.245000;4053.305000;4049.835000;4049.985000;0
20260803 063300;4050.095000;4052.125000;4050.045000;4051.825000;0
20260803 063400;4051.795000;4052.105000;4051.125000;4051.635000;0
20260803 063500;4051.645000;4051.705000;4050.695000;4050.755000;0
20260803 063600;4050.805000;4052.185000;4050.805000;4052.135000;0
20260803 063700;4052.085000;4052.385000;4051.535000;4051.905000;0
20260803 063800;4051.875000;4052.075000;4051.315000;4051.315000;0
20260803 063900;4051.435000;4052.455000;4050.915000;4052.235000;0
20260803 064000;4052.295000;4052.325000;4049.845000;4051.205000;0
20260803 064100;4051.125000;4051.315000;4050.445000;4050.945000;0
20260803 064200;4050.975000;4051.135000;4048.455000;4049.405000;0
20260803 064300;4049.405000;4049.805000;4048.735000;4049.225000;0
20260803 064400;4049.295000;4049.305000;4048.535000;4049.005000;0
20260803 064500;4049.065000;4049.065000;4048.295000;4048.995000;0
20260803 064600;4048.965000;4049.945000;4048.625000;4049.855000;0
20260803 064700;4049.965000;4050.515000;4048.645000;4048.705000;0
20260803 064800;4048.675000;4049.345000;4048.665000;4049.085000;0
20260803 064900;4049.085000;4049.135000;4048.345000;4048.415000;0
20260803 065000;4048.465000;4048.605000;4047.075000;4047.465000;0
20260803 065100;4047.665000;4047.785000;4046.535000;4046.595000;0
20260803 065200;4046.595000;4047.335000;4045.655000;4047.185000;0
20260803 065300;4046.925000;4048.685000;4046.355000;4048.685000;0
20260803 065400;4048.585000;4048.765000;4047.145000;4048.245000;0
20260803 065500;4048.245000;4049.295000;4047.895000;4048.645000;0
20260803 065600;4048.725000;4048.725000;4047.385000;4047.405000;0
20260803 065700;4047.375000;4047.535000;4046.785000;4047.465000;0
20260803 065800;4047.435000;4047.925000;4046.955000;4047.555000;0
20260803 065900;4047.515000;4049.245000;4046.655000;4049.145000;0
20260803 070000;4049.235000;4049.855000;4048.385000;4048.935000;0
20260803 070100;4048.855000;4049.195000;4047.525000;4048.175000;0
20260803 070200;4048.015000;4049.425000;4047.745000;4049.215000;0
20260803 070300;4049.085000;4050.675000;4048.985000;4050.675000;0
20260803 070400;4050.545000;4051.945000;4050.245000;4051.815000;0
20260803 070500;4051.845000;4052.725000;4051.645000;4052.305000;0
20260803 070600;4052.195000;4052.225000;4049.735000;4049.925000;0
20260803 070700;4049.915000;4050.885000;4049.915000;4050.145000;0
20260803 070800;4050.145000;4050.345000;4049.215000;4049.715000;0
20260803 070900;4049.765000;4050.265000;4049.725000;4050.155000;0
20260803 071000;4050.165000;4050.735000;4049.225000;4049.475000;0
20260803 071100;4049.485000;4049.895000;4048.945000;4049.145000;0
20260803 071200;4049.205000;4050.205000;4048.165000;4048.405000;0
20260803 071300;4048.315000;4049.485000;4047.725000;4049.435000;0
20260803 071400;4049.465000;4049.745000;4048.795000;4049.605000;0
20260803 071500;4049.555000;4049.595000;4048.105000;4048.425000;0
20260803 071600;4048.375000;4049.105000;4047.235000;4047.415000;0
20260803 071700;4047.265000;4048.465000;4046.725000;4048.425000;0
20260803 071800;4048.425000;4049.095000;4046.825000;4046.855000;0
20260803 071900;4046.855000;4048.015000;4046.855000;4047.705000;0
20260803 072000;4047.585000;4048.125000;4046.845000;4047.335000;0
20260803 072100;4047.355000;4048.105000;4046.435000;4046.915000;0
20260803 072200;4047.025000;4047.915000;4046.445000;4046.475000;0
20260803 072300;4046.585000;4046.715000;4045.285000;4046.335000;0
20260803 072400;4046.195000;4047.615000;4046.195000;4047.345000;0
20260803 072500;4047.295000;4047.765000;4046.625000;4047.635000;0
20260803 072600;4047.665000;4049.665000;4047.445000;4049.635000;0
20260803 072700;4049.605000;4049.675000;4048.795000;4048.905000;0
20260803 072800;4048.935000;4049.735000;4048.365000;4048.405000;0
20260803 072900;4048.415000;4049.005000;4048.065000;4048.195000;0
20260803 073000;4048.165000;4049.045000;4047.735000;4048.345000;0
20260803 073100;4048.465000;4049.225000;4047.815000;4049.145000;0
20260803 073200;4049.145000;4049.335000;4048.525000;4049.225000;0
20260803 073300;4049.225000;4051.295000;4049.155000;4050.805000;0
20260803 073400;4050.565000;4050.785000;4050.175000;4050.655000;0
20260803 073500;4050.625000;4051.085000;4049.395000;4050.025000;0
20260803 073600;4050.055000;4050.875000;4049.705000;4050.795000;0
20260803 073700;4051.065000;4051.965000;4050.555000;4050.815000;0
20260803 073800;4050.945000;4051.925000;4050.305000;4051.155000;0
20260803 073900;4051.345000;4051.865000;4051.045000;4051.245000;0
20260803 074000;4051.225000;4052.495000;4050.935000;4052.345000;0
20260803 074100;4052.235000;4053.325000;4051.925000;4053.325000;0
20260803 074200;4053.455000;4054.395000;4052.545000;4054.395000;0
20260803 074300;4054.395000;4054.915000;4053.805000;4053.925000;0
20260803 074400;4053.945000;4054.265000;4053.005000;4053.355000;0
20260803 074500;4053.465000;4053.485000;4052.615000;4053.365000;0
20260803 074600;4053.485000;4053.715000;4052.665000;4052.765000;0
20260803 074700;4052.635000;4055.165000;4052.425000;4055.165000;0
20260803 074800;4055.165000;4056.205000;4054.635000;4056.205000;0
20260803 074900;4056.205000;4060.585000;4056.205000;4060.585000;0
20260803 075000;4060.645000;4060.645000;4060.645000;4060.645000;0
20260803 074900;4060.895000;4060.895000;4060.895000;4060.895000;0
20260803 075000;4061.025000;4062.005000;4058.995000;4061.555000;0
20260803 075100;4061.815000;4062.215000;4059.875000;4061.015000;0
20260803 075200;4060.995000;4062.895000;4060.995000;4061.975000;0
20260803 075300;4061.935000;4062.635000;4059.825000;4060.375000;0
20260803 075400;4060.465000;4061.515000;4059.805000;4060.985000;0
20260803 075500;4060.965000;4061.725000;4060.425000;4060.755000;0
20260803 075600;4060.755000;4061.195000;4059.575000;4060.605000;0
20260803 075700;4060.555000;4062.065000;4060.535000;4061.455000;0
20260803 075800;4061.585000;4062.485000;4061.315000;4062.345000;0
20260803 075900;4062.345000;4062.665000;4061.995000;4062.295000;0
20260803 080000;4062.405000;4064.415000;4062.235000;4063.835000;0
20260803 080100;4063.815000;4063.965000;4061.345000;4061.655000;0
20260803 080200;4061.545000;4062.485000;4060.695000;4060.805000;0
20260803 080300;4060.915000;4061.115000;4059.395000;4060.175000;0
20260803 080400;4060.285000;4061.295000;4059.875000;4060.725000;0
20260803 080500;4060.655000;4061.095000;4058.775000;4058.915000;0
20260803 080600;4058.965000;4059.985000;4058.445000;4059.515000;0
20260803 080700;4059.505000;4059.505000;4058.225000;4058.555000;0
20260803 080800;4058.755000;4059.115000;4058.045000;4059.035000;0
20260803 080900;4058.925000;4059.795000;4058.675000;4059.705000;0
20260803 081000;4059.575000;4060.035000;4057.995000;4058.115000;0
20260803 081100;4058.145000;4058.825000;4056.875000;4057.785000;0
20260803 081200;4057.785000;4058.545000;4057.245000;4057.245000;0
20260803 081300;4057.225000;4057.425000;4054.715000;4055.285000;0
20260803 081400;4055.165000;4056.015000;4054.505000;4055.655000;0
20260803 081500;4055.715000;4056.015000;4055.015000;4055.015000;0
20260803 081600;4055.015000;4056.355000;4055.015000;4055.525000;0
20260803 081700;4055.525000;4055.875000;4054.745000;4055.745000;0
20260803 081800;4055.525000;4056.155000;4054.875000;4055.545000;0
20260803 081900;4055.005000;4055.005000;4050.875000;4050.875000;0
20260803 082000;4050.875000;4053.715000;4048.365000;4052.585000;0
20260803 082100;4052.585000;4053.715000;4052.375000;4053.085000;0
20260803 082200;4053.075000;4053.075000;4051.135000;4051.625000;0
20260803 082300;4051.595000;4053.105000;4051.195000;4051.685000;0
20260803 082400;4051.685000;4052.895000;4051.285000;4052.055000;0
20260803 082500;4052.195000;4053.115000;4051.735000;4051.735000;0
20260803 082600;4051.735000;4052.255000;4050.785000;4051.195000;0
20260803 082700;4051.015000;4051.635000;4050.085000;4051.635000;0
20260803 082800;4051.585000;4052.575000;4050.875000;4050.875000;0
20260803 082900;4050.815000;4051.725000;4050.185000;4050.595000;0
20260803 083000;4050.835000;4052.685000;4049.335000;4049.765000;0
20260803 083100;4049.795000;4049.955000;4048.175000;4048.615000;0
20260803 083200;4048.565000;4049.215000;4047.785000;4048.615000;0
20260803 083300;4048.535000;4051.415000;4048.535000;4050.755000;0
20260803 083400;4050.685000;4052.355000;4049.485000;4051.595000;0
20260803 083500;4051.545000;4051.795000;4050.005000;4050.435000;0
20260803 083600;4050.355000;4051.265000;4047.805000;4047.805000;0
20260803 083700;4047.805000;4047.805000;4046.575000;4046.805000;0
20260803 083800;4046.745000;4046.825000;4045.595000;4046.025000;0
20260803 083900;4045.955000;4047.155000;4045.605000;4047.065000;0
20260803 084000;4047.185000;4047.245000;4043.265000;4043.685000;0
20260803 084100;4043.715000;4044.545000;4042.775000;4044.095000;0
20260803 084200;4044.135000;4044.135000;4042.775000;4043.475000;0
20260803 084300;4043.385000;4043.865000;4042.015000;4042.725000;0
20260803 084400;4042.745000;4045.005000;4042.575000;4044.855000;0
20260803 084500;4044.785000;4046.395000;4044.545000;4045.995000;0
20260803 084600;4046.025000;4046.245000;4045.055000;4045.885000;0
20260803 084700;4045.835000;4045.835000;4044.525000;4044.965000;0
20260803 084800;4044.835000;4045.465000;4044.555000;4045.465000;0
20260803 084900;4045.465000;4045.565000;4043.365000;4043.815000;0
20260803 085000;4043.705000;4044.455000;4043.425000;4043.965000;0
20260803 085100;4043.965000;4045.155000;4043.115000;4044.155000;0
20260803 085200;4044.045000;4044.785000;4043.835000;4044.255000;0
20260803 085300;4044.255000;4045.525000;4043.845000;4045.375000;0
20260803 085400;4045.325000;4046.395000;4044.655000;4045.525000;0
20260803 085500;4045.565000;4046.085000;4045.265000;4045.915000;0
20260803 085600;4045.885000;4047.845000;4045.795000;4047.145000;0
20260803 085700;4047.175000;4047.895000;4046.475000;4047.805000;0
20260803 085800;4047.745000;4048.715000;4047.025000;4048.185000;0
20260803 085900;4048.065000;4048.065000;4046.485000;4047.445000;0
20260803 090000;4047.595000;4053.425000;4047.395000;4048.535000;0
20260803 090100;4048.565000;4048.715000;4045.195000;4045.465000;0
20260803 090200;4045.505000;4045.785000;4040.635000;4041.605000;0
20260803 090300;4041.645000;4043.485000;4041.395000;4042.525000;0
20260803 090400;4042.535000;4042.885000;4040.785000;4041.815000;0
20260803 090500;4041.775000;4045.695000;4041.065000;4045.675000;0
20260803 090600;4045.805000;4045.845000;4042.375000;4043.185000;0
20260803 090700;4043.165000;4043.775000;4041.565000;4043.775000;0
20260803 090800;4043.615000;4045.175000;4043.305000;4044.075000;0
20260803 090900;4044.175000;4044.875000;4043.505000;4043.845000;0
20260803 091000;4043.845000;4044.235000;4041.935000;4043.525000;0
20260803 091100;4043.375000;4044.375000;4041.245000;4043.915000;0
20260803 091200;4043.875000;4044.155000;4042.325000;4042.415000;0
20260803 091300;4042.545000;4042.715000;4038.315000;4040.505000;0
20260803 091400;4040.395000;4040.695000;4038.625000;4038.625000;0
20260803 091500;4038.635000;4040.285000;4037.875000;4038.855000;0
20260803 091600;4038.875000;4039.105000;4037.215000;4038.935000;0
20260803 091700;4038.885000;4039.925000;4036.805000;4037.665000;0
20260803 091800;4037.655000;4038.735000;4036.485000;4037.275000;0
20260803 091900;4037.345000;4038.045000;4035.165000;4036.155000;0
20260803 092000;4036.265000;4037.145000;4034.265000;4035.985000;0
20260803 092100;4036.095000;4036.365000;4033.365000;4035.845000;0
20260803 092200;4035.825000;4036.095000;4034.045000;4034.865000;0
20260803 092300;4034.835000;4034.935000;4032.685000;4033.555000;0
20260803 092400;4033.525000;4034.365000;4032.975000;4034.245000;0
20260803 092500;4034.085000;4035.305000;4031.295000;4031.425000;0
20260803 092600;4031.415000;4033.745000;4031.385000;4033.595000;0
20260803 092700;4033.715000;4034.705000;4033.125000;4034.435000;0
20260803 092800;4034.385000;4034.585000;4032.315000;4032.725000;0
20260803 092900;4032.745000;4034.165000;4032.215000;4034.085000;0
20260803 093000;4034.095000;4035.335000;4032.255000;4033.785000;0
20260803 093100;4033.635000;4033.905000;4030.625000;4032.685000;0
20260803 093200;4032.665000;4033.115000;4029.765000;4030.065000;0
20260803 093300;4030.025000;4031.205000;4029.345000;4029.925000;0
20260803 093400;4029.985000;4032.015000;4029.975000;4030.895000;0
20260803 093500;4030.895000;4031.695000;4027.085000;4027.675000;0
20260803 093600;4027.575000;4028.425000;4025.325000;4026.235000;0
20260803 093700;4026.355000;4027.235000;4025.275000;4025.485000;0
20260803 093800;4025.475000;4025.695000;4018.915000;4025.525000;0
20260803 093900;4025.645000;4026.485000;4024.425000;4026.445000;0
20260803 094000;4026.445000;4028.995000;4024.595000;4028.455000;0
20260803 094100;4028.545000;4031.955000;4027.685000;4031.545000;0
20260803 094200;4031.445000;4033.625000;4031.445000;4032.415000;0
20260803 094300;4032.525000;4033.755000;4032.305000;4033.435000;0
20260803 094400;4033.175000;4033.585000;4031.375000;4031.845000;0
20260803 094500;4031.875000;4035.385000;4031.775000;4034.155000;0
20260803 094600;4034.005000;4034.795000;4028.565000;4029.455000;0
20260803 094700;4029.595000;4030.605000;4028.315000;4029.995000;0
20260803 094800;4030.025000;4031.895000;4030.025000;4031.455000;0
20260803 094900;4031.505000;4031.655000;4029.005000;4029.645000;0
20260803 095000;4029.645000;4032.655000;4028.755000;4030.895000;0
20260803 095100;4030.845000;4032.735000;4029.495000;4032.565000;0
20260803 095200;4032.525000;4032.735000;4030.765000;4030.915000;0
20260803 095300;4031.005000;4031.735000;4028.035000;4030.415000;0
20260803 095400;4030.365000;4031.175000;4029.045000;4029.945000;0
20260803 095500;4029.945000;4031.405000;4029.765000;4030.575000;0
20260803 095600;4030.465000;4030.605000;4028.285000;4030.075000;0
20260803 095700;4030.185000;4031.345000;4030.055000;4031.225000;0
20260803 095800;4031.345000;4033.705000;4031.165000;4032.945000;0
20260803 095900;4032.725000;4032.865000;4031.265000;4031.605000;0
20260803 100000;4029.915000;4031.595000;4027.495000;4028.045000;0
20260803 100100;4028.195000;4031.885000;4027.845000;4031.485000;0
20260803 100200;4031.585000;4036.025000;4031.385000;4034.985000;0
20260803 100300;4034.925000;4034.945000;4028.415000;4029.405000;0
20260803 100400;4029.405000;4029.735000;4028.035000;4028.905000;0
20260803 100500;4029.075000;4030.695000;4028.015000;4030.545000;0
20260803 100600;4030.765000;4031.725000;4029.915000;4030.875000;0
20260803 100700;4030.875000;4032.255000;4029.755000;4030.245000;0
20260803 100800;4030.345000;4031.365000;4028.725000;4029.235000;0
20260803 100900;4029.355000;4029.545000;4026.935000;4026.945000;0
20260803 101000;4026.935000;4028.855000;4026.435000;4028.855000;0
20260803 101100;4028.845000;4030.265000;4027.795000;4030.185000;0
20260803 101200;4030.185000;4030.745000;4028.385000;4030.525000;0
20260803 101300;4030.425000;4031.805000;4028.025000;4031.525000;0
20260803 101400;4031.635000;4034.315000;4031.595000;4033.065000;0
20260803 101500;4033.095000;4034.195000;4032.535000;4033.015000;0
20260803 101600;4033.125000;4034.685000;4031.445000;4031.595000;0
20260803 101700;4031.585000;4032.785000;4031.325000;4031.785000;0
20260803 101800;4031.815000;4034.135000;4031.595000;4033.035000;0
20260803 101900;4033.025000;4033.305000;4030.875000;4031.075000;0
20260803 102000;4031.145000;4033.095000;4029.775000;4032.835000;0
20260803 102100;4032.825000;4033.965000;4032.465000;4033.575000;0
20260803 102200;4033.615000;4034.655000;4032.755000;4032.955000;0
20260803 102300;4033.045000;4035.365000;4032.465000;4034.765000;0
20260803 102400;4034.845000;4035.795000;4033.345000;4033.395000;0
20260803 102500;4033.445000;4035.355000;4033.445000;4035.305000;0
20260803 102600;4035.325000;4035.325000;4034.405000;4034.785000;0
20260803 102700;4034.765000;4035.555000;4034.215000;4034.755000;0
20260803 102800;4034.725000;4035.365000;4033.975000;4035.185000;0
20260803 102900;4035.085000;4035.935000;4032.115000;4032.305000;0
20260803 103000;4032.375000;4034.285000;4031.735000;4033.695000;0
20260803 103100;4033.565000;4034.095000;4032.785000;4033.895000;0
20260803 103200;4034.005000;4034.935000;4033.295000;4034.185000;0
20260803 103300;4033.965000;4035.285000;4033.965000;4034.815000;0
20260803 103400;4034.795000;4035.415000;4034.115000;4035.005000;0
20260803 103500;4035.015000;4037.715000;4034.635000;4034.635000;0
20260803 103600;4034.715000;4036.015000;4034.485000;4035.615000;0
20260803 103700;4035.575000;4036.195000;4034.535000;4034.545000;0
20260803 103800;4034.505000;4034.815000;4033.245000;4033.535000;0
20260803 103900;4033.575000;4034.705000;4032.675000;4032.905000;0
20260803 104000;4032.875000;4035.015000;4031.925000;4034.715000;0
20260803 104100;4034.755000;4036.985000;4034.255000;4036.875000;0
20260803 104200;4036.875000;4037.845000;4035.945000;4036.165000;0
20260803 104300;4036.165000;4037.705000;4036.005000;4037.535000;0
20260803 104400;4037.585000;4037.875000;4036.015000;4036.205000;0
20260803 104500;4036.355000;4036.545000;4035.415000;4035.765000;0
20260803 104600;4035.765000;4036.615000;4035.455000;4036.035000;0
20260803 104700;4036.105000;4036.355000;4034.605000;4035.225000;0
20260803 104800;4035.245000;4036.055000;4033.735000;4033.805000;0
20260803 104900;4033.765000;4035.955000;4033.735000;4035.675000;0
20260803 105000;4035.685000;4036.875000;4035.085000;4036.485000;0
20260803 105100;4036.525000;4036.685000;4033.525000;4035.295000;0
20260803 105200;4035.165000;4035.445000;4034.305000;4034.885000;0
20260803 105300;4034.895000;4036.315000;4034.515000;4036.145000;0
20260803 105400;4036.065000;4036.605000;4035.055000;4035.535000;0
20260803 105500;4035.675000;4036.935000;4035.575000;4036.595000;0
20260803 105600;4036.675000;4038.225000;4036.495000;4037.845000;0
20260803 105700;4037.935000;4039.125000;4037.145000;4037.395000;0
20260803 105800;4037.415000;4037.845000;4036.735000;4037.005000;0
20260803 105900;4036.895000;4036.915000;4035.695000;4036.055000;0
20260803 110000;4036.075000;4036.555000;4034.695000;4035.195000;0
20260803 110100;4035.245000;4036.135000;4034.095000;4034.815000;0
20260803 110200;4034.765000;4035.305000;4034.515000;4034.925000;0
20260803 110300;4034.835000;4034.835000;4031.655000;4032.595000;0
20260803 110400;4032.705000;4033.235000;4031.415000;4031.815000;0
20260803 110500;4031.815000;4032.935000;4030.575000;4030.985000;0
20260803 110600;4030.955000;4032.335000;4030.185000;4032.235000;0
20260803 110700;4032.305000;4033.465000;4031.505000;4033.275000;0
20260803 110800;4033.225000;4037.045000;4032.755000;4036.405000;0
20260803 110900;4036.505000;4036.615000;4033.845000;4034.435000;0
20260803 111000;4034.375000;4035.485000;4033.945000;4035.285000;0
20260803 111100;4035.285000;4035.595000;4034.015000;4034.075000;0
20260803 111200;4034.055000;4034.605000;4033.405000;4033.965000;0
20260803 111300;4033.965000;4034.055000;4032.015000;4033.205000;0
20260803 111400;4033.135000;4033.975000;4032.565000;4033.135000;0
20260803 111500;4033.085000;4034.375000;4033.085000;4033.845000;0
20260803 111600;4033.835000;4036.945000;4033.615000;4036.355000;0
20260803 111700;4036.105000;4037.085000;4035.465000;4035.835000;0
20260803 111800;4035.825000;4037.195000;4035.825000;4037.035000;0
20260803 111900;4037.085000;4037.415000;4036.035000;4036.455000;0
20260803 112000;4036.555000;4037.655000;4036.505000;4037.635000;0
20260803 112100;4037.685000;4037.855000;4036.715000;4037.415000;0
20260803 112200;4037.445000;4038.305000;4036.195000;4036.655000;0
20260803 112300;4036.565000;4037.495000;4035.785000;4037.115000;0
20260803 112400;4037.085000;4038.095000;4037.085000;4037.165000;0
20260803 112500;4037.075000;4037.695000;4033.995000;4034.495000;0
20260803 112600;4033.935000;4035.745000;4033.705000;4034.895000;0
20260803 112700;4034.885000;4035.355000;4033.175000;4033.235000;0
20260803 112800;4033.115000;4033.565000;4030.875000;4031.965000;0
20260803 112900;4031.825000;4032.895000;4030.575000;4032.575000;0
20260803 113000;4032.665000;4033.445000;4032.075000;4032.665000;0
20260803 113100;4032.715000;4033.305000;4032.395000;4033.245000;0
20260803 113200;4033.265000;4034.475000;4031.755000;4031.755000;0
20260803 113300;4031.665000;4032.335000;4030.795000;4032.205000;0
20260803 113400;4032.235000;4033.605000;4031.995000;4032.975000;0
20260803 113500;4032.985000;4034.425000;4032.925000;4034.425000;0
20260803 113600;4034.425000;4036.205000;4033.705000;4035.145000;0
20260803 113700;4035.225000;4036.045000;4034.665000;4035.555000;0
20260803 113800;4035.535000;4036.285000;4035.135000;4036.035000;0
20260803 113900;4036.015000;4036.855000;4035.785000;4036.645000;0
20260803 114000;4036.625000;4037.545000;4036.465000;4037.395000;0
20260803 114100;4037.345000;4038.045000;4036.545000;4036.695000;0
20260803 114200;4036.755000;4037.555000;4036.175000;4037.065000;0
20260803 114300;4037.015000;4038.285000;4037.005000;4038.195000;0
20260803 114400;4038.245000;4038.735000;4036.535000;4036.565000;0
20260803 114500;4036.705000;4037.955000;4036.505000;4037.845000;0
20260803 114600;4037.845000;4040.825000;4037.495000;4038.875000;0
20260803 114700;4038.815000;4038.995000;4038.005000;4038.295000;0
20260803 114800;4038.205000;4038.825000;4037.515000;4038.635000;0
20260803 114900;4038.675000;4038.915000;4037.305000;4037.435000;0
20260803 115000;4037.305000;4038.775000;4037.035000;4038.325000;0
20260803 115100;4038.335000;4039.255000;4038.215000;4039.255000;0
20260803 115200;4039.265000;4039.675000;4038.575000;4039.525000;0
20260803 115300;4039.375000;4039.375000;4039.375000;4039.375000;0
20260803 115200;4039.375000;4039.375000;4039.375000;4039.375000;0
20260803 115300;4039.475000;4039.755000;4038.585000;4038.765000;0
20260803 115400;4038.585000;4038.825000;4037.765000;4037.765000;0
20260803 115500;4037.815000;4037.915000;4036.025000;4036.365000;0
20260803 115600;4036.265000;4036.655000;4035.265000;4036.425000;0
20260803 115700;4036.465000;4037.065000;4035.805000;4036.925000;0
20260803 115800;4036.975000;4036.975000;4036.125000;4036.215000;0
20260803 115900;4036.265000;4036.325000;4035.865000;4035.865000;0
20260803 120000;4035.925000;4036.535000;4035.765000;4036.085000;0
20260803 120100;4036.055000;4036.845000;4035.745000;4036.345000;0
20260803 120200;4036.405000;4036.795000;4035.115000;4036.535000;0
20260803 120300;4036.475000;4037.405000;4036.425000;4036.595000;0
20260803 120400;4036.625000;4036.685000;4035.635000;4036.415000;0
20260803 120500;4036.405000;4036.545000;4035.935000;4036.305000;0
20260803 120600;4036.245000;4036.485000;4035.755000;4036.285000;0
20260803 120700;4036.295000;4036.325000;4035.045000;4035.045000;0
20260803 120800;4035.095000;4035.485000;4034.775000;4035.415000;0
20260803 120900;4035.345000;4035.675000;4034.415000;4035.195000;0
20260803 121000;4035.245000;4036.535000;4035.075000;4036.345000;0
20260803 121100;4036.355000;4036.475000;4035.545000;4035.675000;0
20260803 121200;4035.735000;4036.385000;4035.735000;4036.105000;0
20260803 121300;4036.015000;4036.345000;4035.685000;4035.685000;0
20260803 121400;4035.735000;4036.425000;4035.175000;4036.425000;0
20260803 121500;4036.355000;4036.365000;4035.075000;4035.195000;0
20260803 121600;4035.185000;4035.975000;4035.155000;4035.445000;0
20260803 121700;4035.705000;4037.535000;4035.655000;4036.305000;0
20260803 121800;4036.195000;4036.295000;4035.845000;4036.135000;0
20260803 121900;4036.175000;4036.535000;4035.175000;4035.425000;0
20260803 122000;4035.475000;4036.665000;4035.475000;4036.525000;0
20260803 122100;4036.555000;4036.875000;4035.505000;4035.815000;0
20260803 122200;4035.835000;4035.915000;4034.745000;4035.455000;0
20260803 122300;4035.455000;4036.485000;4035.035000;4036.125000;0
20260803 122400;4036.025000;4037.775000;4036.025000;4037.735000;0
20260803 122500;4037.785000;4038.415000;4037.575000;4038.095000;0
20260803 122600;4038.265000;4038.425000;4036.075000;4036.835000;0
20260803 122700;4036.925000;4038.015000;4036.905000;4037.685000;0
20260803 122800;4037.575000;4037.705000;4036.965000;4037.585000;0
20260803 122900;4037.275000;4037.625000;4036.615000;4036.795000;0
20260803 123000;4036.785000;4036.945000;4036.055000;4036.515000;0
20260803 123100;4036.505000;4037.145000;4036.405000;4036.695000;0
20260803 123200;4036.605000;4037.635000;4035.385000;4036.835000;0
20260803 123300;4036.915000;4037.615000;4036.425000;4036.955000;0
20260803 123400;4036.945000;4037.685000;4036.565000;4037.685000;0
20260803 123500;4037.555000;4037.695000;4036.445000;4036.745000;0
20260803 123600;4036.795000;4038.615000;4036.735000;4037.565000;0
20260803 123700;4037.565000;4037.775000;4036.705000;4036.705000;0
20260803 123800;4036.645000;4037.365000;4036.515000;4037.075000;0
20260803 123900;4037.075000;4037.075000;4035.995000;4036.545000;0
20260803 124000;4036.555000;4038.495000;4036.555000;4038.125000;0
20260803 124100;4038.155000;4038.885000;4037.915000;4038.785000;0
20260803 124200;4038.785000;4038.825000;4037.595000;4037.855000;0
20260803 124300;4037.835000;4038.785000;4037.835000;4038.785000;0
20260803 124400;4038.745000;4039.075000;4038.365000;4038.445000;0
20260803 124500;4038.595000;4038.595000;4037.765000;4037.765000;0
20260803 124600;4037.785000;4038.405000;4037.185000;4037.405000;0
20260803 124700;4037.365000;4037.695000;4037.275000;4037.465000;0
20260803 124800;4037.375000;4037.915000;4037.075000;4037.795000;0
20260803 124900;4037.785000;4037.785000;4037.125000;4037.155000;0
20260803 125000;4037.195000;4037.255000;4036.485000;4036.885000;0
20260803 125100;4036.875000;4037.825000;4036.425000;4037.685000;0
20260803 125200;4037.655000;4037.655000;4036.175000;4036.395000;0
20260803 125300;4036.385000;4036.565000;4035.505000;4035.875000;0
20260803 125400;4035.875000;4036.425000;4035.875000;4035.975000;0
20260803 125500;4035.915000;4036.525000;4035.695000;4036.145000;0
20260803 125600;4036.335000;4036.915000;4035.935000;4036.115000;0
20260803 125700;4036.205000;4036.515000;4035.765000;4036.185000;0
20260803 125800;4036.315000;4037.315000;4036.035000;4037.065000;0
20260803 125900;4037.065000;4037.575000;4036.395000;4036.745000;0
20260803 130000;4036.855000;4037.485000;4035.235000;4035.485000;0
20260803 130100;4035.615000;4035.855000;4035.025000;4035.375000;0
20260803 130200;4035.375000;4035.825000;4034.935000;4035.405000;0
20260803 130300;4035.185000;4035.455000;4034.045000;4034.185000;0
20260803 130400;4034.235000;4034.275000;4033.075000;4033.955000;0
20260803 130500;4033.995000;4034.275000;4033.625000;4034.105000;0
20260803 130600;4034.085000;4034.325000;4033.995000;4034.145000;0
20260803 130700;4034.095000;4034.215000;4033.685000;4034.105000;0
20260803 130800;4033.995000;4034.625000;4033.995000;4034.395000;0
20260803 130900;4034.415000;4035.015000;4034.235000;4034.695000;0
20260803 131000;4034.805000;4034.825000;4033.775000;4034.375000;0
20260803 131100;4034.585000;4034.675000;4034.105000;4034.135000;0
20260803 131200;4034.185000;4034.525000;4033.855000;4034.185000;0
20260803 131300;4034.165000;4034.595000;4033.575000;4033.805000;0
20260803 131400;4033.905000;4034.385000;4033.815000;4034.095000;0
20260803 131500;4034.115000;4035.075000;4033.995000;4034.365000;0
20260803 131600;4034.415000;4035.175000;4034.405000;4035.065000;0
20260803 131700;4035.075000;4035.235000;4034.255000;4035.195000;0
20260803 131800;4035.165000;4037.695000;4035.115000;4036.985000;0
20260803 131900;4036.935000;4037.445000;4035.975000;4036.145000;0
20260803 132000;4036.205000;4036.305000;4034.225000;4034.265000;0
20260803 132100;4034.255000;4035.255000;4033.925000;4035.245000;0
20260803 132200;4035.195000;4035.645000;4034.335000;4035.495000;0
20260803 132300;4035.495000;4035.735000;4034.195000;4034.215000;0
20260803 132400;4034.215000;4035.075000;4034.085000;4035.075000;0
20260803 132500;4035.075000;4035.565000;4034.985000;4035.065000;0
20260803 132600;4035.135000;4036.235000;4034.975000;4036.025000;0
20260803 132700;4036.065000;4036.245000;4034.795000;4034.915000;0
20260803 132800;4035.035000;4035.285000;4034.455000;4034.875000;0
20260803 132900;4034.945000;4036.295000;4033.625000;4034.175000;0
20260803 133000;4034.425000;4035.145000;4033.465000;4034.555000;0
20260803 133100;4034.595000;4034.625000;4033.885000;4034.475000;0
20260803 133200;4034.475000;4034.475000;4033.915000;4034.175000;0
20260803 133300;4034.235000;4034.925000;4034.085000;4034.705000;0
20260803 133400;4034.595000;4035.045000;4034.255000;4034.765000;0
20260803 133500;4034.765000;4035.275000;4034.265000;4035.105000;0
20260803 133600;4035.105000;4036.705000;4035.015000;4036.105000;0
20260803 133700;4036.095000;4036.585000;4035.615000;4036.175000;0
20260803 133800;4036.215000;4036.305000;4035.085000;4035.795000;0
20260803 133900;4035.795000;4036.405000;4035.365000;4036.065000;0
20260803 134000;4036.065000;4036.305000;4035.615000;4035.685000;0
20260803 134100;4035.585000;4035.965000;4035.155000;4035.805000;0
20260803 134200;4035.855000;4036.355000;4035.355000;4035.585000;0
20260803 134300;4035.635000;4035.785000;4035.035000;4035.335000;0
20260803 134400;4035.465000;4036.005000;4035.405000;4035.875000;0
20260803 134500;4035.895000;4036.195000;4035.395000;4035.395000;0
20260803 134600;4035.385000;4036.035000;4035.135000;4035.275000;0
20260803 134700;4035.225000;4035.475000;4035.025000;4035.295000;0
20260803 134800;4035.245000;4035.505000;4034.625000;4034.795000;0
20260803 134900;4034.775000;4035.095000;4033.865000;4033.875000;0
20260803 135000;4033.855000;4034.175000;4032.475000;4032.565000;0
20260803 135100;4032.505000;4032.725000;4032.255000;4032.365000;0
20260803 135200;4032.345000;4032.345000;4031.365000;4031.435000;0
20260803 135300;4031.435000;4031.675000;4030.465000;4030.655000;0
20260803 135400;4030.705000;4030.945000;4030.295000;4030.475000;0
20260803 135500;4030.645000;4031.065000;4030.095000;4030.235000;0
20260803 135600;4030.235000;4030.965000;4030.115000;4030.615000;0
20260803 135700;4030.755000;4030.985000;4030.335000;4030.935000;0
20260803 135800;4031.015000;4031.015000;4030.275000;4030.755000;0
20260803 135900;4030.725000;4030.875000;4030.025000;4030.345000;0
20260803 140000;4030.425000;4030.875000;4029.465000;4030.485000;0
20260803 140100;4030.465000;4030.895000;4029.765000;4030.335000;0
20260803 140200;4030.315000;4032.175000;4030.075000;4031.975000;0
20260803 140300;4031.945000;4032.115000;4030.625000;4030.815000;0
20260803 140400;4030.885000;4031.915000;4030.775000;4031.625000;0
20260803 140500;4031.675000;4033.225000;4031.675000;4032.535000;0
20260803 140600;4032.795000;4032.795000;4032.095000;4032.545000;0
20260803 140700;4032.665000;4033.865000;4032.585000;4033.045000;0
20260803 140800;4033.065000;4033.685000;4032.965000;4033.675000;0
20260803 140900;4033.725000;4036.615000;4033.725000;4036.325000;0
20260803 141000;4036.405000;4038.365000;4036.345000;4037.365000;0
20260803 141100;4037.345000;4037.415000;4036.105000;4036.445000;0
20260803 141200;4036.515000;4036.685000;4035.635000;4036.085000;0
20260803 141300;4036.335000;4036.585000;4035.875000;4036.035000;0
20260803 141400;4036.035000;4036.065000;4034.735000;4034.885000;0
20260803 141500;4034.915000;4036.405000;4034.775000;4036.015000;0
20260803 141600;4036.075000;4037.805000;4036.075000;4037.625000;0
20260803 141700;4037.525000;4038.235000;4037.145000;4037.405000;0
20260803 141800;4037.815000;4038.645000;4037.745000;4038.535000;0
20260803 141900;4038.635000;4038.845000;4037.345000;4037.365000;0
20260803 142000;4037.415000;4037.915000;4036.625000;4036.995000;0
20260803 142100;4036.985000;4037.385000;4036.675000;4037.305000;0
20260803 142200;4037.305000;4038.165000;4037.155000;4037.845000;0
20260803 142300;4037.895000;4038.325000;4037.255000;4038.275000;0
20260803 142400;4038.385000;4038.385000;4036.885000;4036.975000;0
20260803 142500;4036.935000;4036.985000;4036.075000;4036.535000;0
20260803 142600;4036.595000;4038.155000;4036.385000;4037.585000;0
20260803 142700;4037.495000;4037.785000;4036.665000;4036.745000;0
20260803 142800;4036.825000;4037.255000;4036.485000;4036.795000;0
20260803 142900;4036.795000;4037.825000;4036.795000;4037.725000;0
20260803 143000;4037.645000;4038.245000;4037.195000;4037.275000;0
20260803 143100;4037.325000;4037.735000;4036.865000;4037.425000;0
20260803 143200;4037.405000;4038.055000;4037.195000;4037.865000;0
20260803 143300;4037.865000;4037.865000;4036.605000;4036.805000;0
20260803 143400;4036.915000;4036.975000;4036.295000;4036.715000;0
20260803 143500;4036.715000;4038.125000;4036.645000;4038.065000;0
20260803 143600;4038.115000;4038.355000;4037.035000;4037.505000;0
20260803 143700;4037.465000;4038.055000;4037.395000;4037.975000;0
20260803 143800;4037.895000;4037.985000;4037.055000;4037.985000;0
20260803 143900;4037.965000;4038.235000;4037.375000;4037.505000;0
20260803 144000;4037.625000;4038.285000;4037.305000;4037.775000;0
20260803 144100;4037.775000;4038.245000;4037.605000;4038.225000;0
20260803 144200;4038.285000;4038.945000;4037.905000;4038.855000;0
20260803 144300;4038.825000;4039.455000;4038.645000;4039.455000;0
20260803 144400;4039.395000;4041.315000;4039.145000;4041.265000;0
20260803 144500;4041.195000;4042.435000;4040.335000;4042.205000;0
20260803 144600;4042.335000;4042.335000;4041.455000;4041.845000;0
20260803 144700;4041.765000;4041.765000;4040.385000;4040.805000;0
20260803 144800;4040.775000;4040.905000;4040.285000;4040.775000;0
20260803 144900;4040.685000;4042.495000;4040.685000;4042.345000;0
20260803 145000;4042.305000;4042.635000;4041.825000;4041.925000;0
20260803 145100;4041.915000;4042.485000;4041.815000;4042.015000;0
20260803 145200;4041.995000;4043.555000;4041.955000;4043.435000;0
20260803 145300;4043.425000;4043.625000;4043.015000;4043.495000;0
20260803 145400;4043.435000;4043.955000;4043.435000;4043.645000;0
20260803 145500;4043.715000;4044.875000;4043.465000;4044.055000;0
20260803 145600;4044.075000;4044.145000;4043.665000;4043.955000;0
20260803 145700;4043.955000;4044.045000;4043.625000;4043.715000;0
20260803 145800;4043.715000;4043.715000;4042.885000;4042.905000;0
20260803 145900;4042.895000;4043.585000;4042.845000;4043.325000;0
20260803 150000;4043.325000;4045.935000;4043.275000;4045.925000;0
20260803 150100;4045.885000;4048.355000;4045.765000;4046.455000;0
20260803 150200;4046.365000;4047.715000;4046.155000;4047.695000;0
20260803 150300;4047.535000;4047.605000;4046.255000;4047.325000;0
20260803 150400;4047.265000;4048.215000;4046.745000;4047.885000;0
20260803 150500;4047.935000;4048.365000;4047.665000;4047.835000;0
20260803 150600;4047.855000;4049.265000;4047.145000;4048.135000;0
20260803 150700;4048.135000;4048.155000;4046.945000;4046.975000;0
20260803 150800;4047.075000;4047.445000;4045.425000;4046.775000;0
20260803 150900;4046.775000;4046.775000;4045.895000;4045.895000;0
20260803 151000;4045.855000;4046.815000;4045.195000;4046.695000;0
20260803 151100;4046.695000;4048.125000;4046.695000;4047.875000;0
20260803 151200;4047.975000;4048.065000;4046.905000;4047.035000;0
20260803 151300;4047.035000;4047.185000;4046.565000;4046.965000;0
20260803 151400;4046.915000;4047.105000;4045.755000;4046.105000;0
20260803 151500;4046.075000;4048.135000;4046.075000;4048.105000;0
20260803 151600;4048.145000;4048.895000;4047.635000;4047.865000;0
20260803 151700;4047.755000;4048.465000;4047.585000;4048.045000;0
20260803 151800;4048.035000;4049.085000;4047.945000;4048.175000;0
20260803 151900;4048.175000;4048.435000;4047.735000;4047.845000;0
20260803 152000;4047.815000;4049.355000;4047.775000;4049.275000;0
20260803 152100;4049.185000;4051.055000;4048.965000;4050.825000;0
20260803 152200;4050.775000;4051.305000;4050.385000;4050.805000;0
20260803 152300;4050.845000;4052.405000;4050.845000;4052.195000;0
20260803 152400;4052.195000;4053.145000;4052.135000;4052.855000;0
20260803 152500;4052.925000;4053.255000;4052.355000;4053.145000;0
20260803 152600;4053.195000;4054.075000;4052.605000;4053.675000;0
20260803 152700;4053.635000;4054.055000;4053.105000;4053.785000;0
20260803 152800;4053.915000;4054.135000;4052.995000;4053.275000;0
20260803 152900;4053.235000;4053.255000;4051.965000;4052.825000;0
20260803 153000;4052.905000;4055.705000;4052.905000;4055.025000;0
20260803 153100;4055.025000;4055.295000;4052.235000;4053.625000;0
20260803 153200;4053.565000;4053.695000;4051.745000;4052.465000;0
20260803 153300;4052.465000;4053.105000;4052.165000;4052.445000;0
20260803 153400;4052.435000;4052.865000;4051.935000;4052.865000;0
20260803 153500;4052.835000;4054.805000;4052.835000;4054.075000;0
20260803 153600;4054.085000;4054.215000;4052.945000;4053.575000;0
20260803 153700;4053.675000;4053.795000;4053.005000;4053.475000;0
20260803 153800;4053.585000;4054.095000;4053.525000;4053.615000;0
20260803 153900;4053.615000;4054.235000;4053.615000;4053.885000;0
20260803 154000;4053.965000;4054.035000;4053.225000;4053.895000;0
20260803 154100;4053.925000;4054.665000;4052.985000;4053.935000;0
20260803 154200;4053.875000;4054.195000;4052.755000;4052.785000;0
20260803 154300;4052.825000;4053.705000;4052.625000;4053.205000;0
20260803 154400;4053.245000;4053.825000;4052.815000;4053.825000;0
20260803 154500;4053.715000;4053.975000;4052.555000;4053.075000;0
20260803 154600;4053.225000;4053.295000;4052.395000;4053.265000;0
20260803 154700;4053.305000;4055.325000;4053.125000;4054.845000;0
20260803 154800;4054.695000;4054.735000;4053.915000;4054.035000;0
20260803 154900;4054.195000;4054.535000;4054.135000;4054.455000;0
20260803 155000;4054.595000;4055.545000;4053.875000;4054.145000;0
20260803 155100;4054.215000;4054.885000;4054.075000;4054.285000;0
20260803 155200;4054.305000;4055.275000;4054.295000;4054.755000;0
20260803 155300;4054.845000;4055.175000;4054.165000;4054.495000;0
20260803 155400;4054.375000;4054.685000;4053.435000;4054.155000;0
20260803 155500;4053.705000;4054.075000;4051.445000;4052.515000;0
20260803 155600;4052.335000;4053.065000;4051.855000;4052.715000;0
20260803 155700;4052.815000;4053.105000;4051.785000;4052.025000;0
20260803 155800;4052.255000;4052.685000;4051.545000;4052.075000;0
20260803 155900;4052.125000;4052.295000;4051.305000;4051.775000;0
20260803 160000;4051.835000;4051.905000;4049.935000;4050.025000;0
20260803 160100;4050.135000;4050.835000;4050.055000;4050.535000;0
20260803 160200;4050.345000;4051.245000;4050.345000;4050.975000;0
20260803 160300;4051.095000;4051.095000;4050.175000;4051.065000;0
20260803 160400;4051.025000;4051.775000;4051.025000;4051.255000;0
20260803 160500;4051.395000;4051.755000;4051.185000;4051.305000;0
20260803 160600;4051.305000;4051.575000;4051.045000;4051.115000;0
20260803 160700;4051.005000;4051.125000;4050.605000;4051.105000;0
20260803 160800;4051.105000;4051.985000;4051.035000;4051.985000;0
20260803 160900;4051.855000;4051.915000;4051.475000;4051.475000;0
20260803 161000;4051.565000;4051.985000;4051.545000;4051.735000;0
20260803 161100;4051.635000;4051.955000;4050.935000;4051.545000;0
20260803 161200;4051.765000;4052.285000;4051.765000;4052.245000;0
20260803 161300;4052.245000;4052.395000;4052.175000;4052.185000;0
20260803 161400;4052.175000;4052.815000;4052.175000;4052.335000;0
20260803 161500;4052.255000;4052.465000;4051.795000;4052.205000;0
20260803 161600;4052.245000;4052.435000;4052.055000;4052.225000;0
20260803 161700;4052.365000;4052.475000;4051.965000;4051.985000;0
20260803 161800;4051.955000;4052.185000;4051.745000;4052.055000;0
20260803 161900;4052.125000;4052.185000;4051.275000;4051.575000;0
20260803 162000;4051.695000;4052.025000;4051.245000;4051.355000;0
20260803 162100;4051.225000;4051.605000;4051.225000;4051.505000;0
20260803 162200;4051.625000;4051.655000;4051.355000;4051.555000;0
20260803 162300;4051.655000;4051.795000;4051.415000;4051.555000;0
20260803 162400;4051.895000;4054.405000;4051.545000;4054.105000;0
20260803 162500;4054.105000;4055.775000;4053.935000;4055.445000;0
20260803 162600;4055.435000;4055.435000;4054.235000;4054.425000;0
20260803 162700;4054.425000;4054.575000;4053.965000;4054.075000;0
20260803 162800;4054.225000;4054.605000;4053.965000;4054.155000;0
20260803 162900;4054.055000;4054.155000;4053.275000;4054.035000;0
20260803 163000;4054.135000;4055.495000;4053.625000;4054.935000;0
20260803 163100;4054.935000;4056.745000;4054.785000;4056.225000;0
20260803 163200;4056.115000;4056.765000;4056.045000;4056.165000;0
20260803 163300;4056.205000;4058.015000;4056.205000;4057.365000;0
20260803 163400;4057.365000;4057.605000;4056.445000;4057.395000;0
20260803 163500;4057.395000;4057.395000;4056.405000;4056.805000;0
20260803 163600;4056.835000;4057.695000;4056.835000;4057.255000;0
20260803 163700;4057.205000;4057.715000;4057.125000;4057.555000;0
20260803 163800;4057.555000;4057.655000;4056.835000;4057.245000;0
20260803 163900;4057.255000;4057.485000;4057.135000;4057.135000;0
20260803 164000;4056.925000;4057.275000;4056.805000;4056.855000;0
20260803 164100;4056.855000;4057.215000;4056.435000;4056.715000;0
20260803 164200;4056.655000;4056.795000;4056.335000;4056.575000;0
20260803 164300;4056.495000;4056.645000;4056.355000;4056.435000;0
20260803 164400;4056.355000;4056.685000;4055.885000;4055.955000;0
20260803 164500;4056.225000;4056.625000;4055.785000;4056.025000;0
20260803 164600;4056.165000;4056.165000;4055.695000;4055.695000;0
20260803 164700;4055.865000;4056.575000;4055.735000;4056.335000;0
20260803 164800;4056.045000;4056.715000;4056.045000;4056.475000;0
20260803 164900;4056.365000;4056.495000;4056.075000;4056.075000;0
20260803 165000;4055.995000;4057.055000;4055.825000;4056.125000;0
20260803 165100;4056.105000;4056.715000;4055.215000;4055.725000;0
20260803 165200;4055.845000;4055.845000;4054.355000;4054.355000;0
20260803 165300;4054.455000;4054.835000;4054.175000;4054.175000;0
20260803 165400;4054.475000;4054.785000;4054.275000;4054.545000;0
20260803 165500;4054.725000;4055.685000;4054.405000;4055.115000;0
20260803 165600;4055.245000;4055.315000;4054.575000;4054.815000;0
20260803 165700;4054.685000;4055.165000;4054.665000;4054.795000;0
20260803 165800;4054.665000;4055.335000;4054.505000;4054.955000;0
20260803 165900;4055.115000;4055.255000;4053.695000;4054.405000;0
20260803 180000;4048.785000;4054.215000;4048.785000;4053.765000;0
20260803 180100;4053.875000;4053.875000;4051.625000;4052.185000;0
20260803 180200;4052.355000;4053.215000;4052.355000;4052.745000;0
20260803 180300;4052.845000;4052.985000;4050.325000;4050.555000;0
20260803 180400;4050.685000;4051.795000;4050.525000;4050.965000;0
20260803 180500;4050.835000;4052.135000;4050.695000;4050.965000;0
20260803 180600;4051.065000;4051.065000;4048.445000;4048.875000;0
20260803 180700;4048.905000;4050.625000;4048.905000;4050.515000;0
20260803 180800;4050.405000;4050.795000;4050.135000;4050.715000;0
20260803 180900;4050.905000;4050.905000;4049.945000;4050.405000;0
20260803 181000;4050.155000;4051.185000;4049.465000;4051.185000;0
20260803 181100;4051.375000;4051.645000;4050.425000;4051.085000;0
20260803 181200;4051.205000;4051.465000;4051.075000;4051.075000;0
20260803 181300;4050.715000;4050.855000;4050.175000;4050.545000;0
20260803 181400;4050.825000;4051.205000;4050.155000;4051.195000;0
20260803 181500;4051.065000;4051.385000;4050.635000;4051.265000;0
20260803 181600;4051.375000;4051.475000;4050.715000;4050.755000;0
20260803 181700;4050.855000;4052.005000;4050.305000;4052.005000;0
20260803 181800;4051.855000;4051.855000;4050.835000;4051.245000;0
20260803 181900;4051.355000;4051.585000;4050.645000;4050.865000;0
20260803 182000;4050.735000;4051.615000;4050.475000;4051.105000;0
20260803 182100;4051.305000;4051.545000;4051.055000;4051.545000;0
20260803 182200;4051.435000;4052.085000;4051.255000;4051.775000;0
20260803 182300;4051.875000;4052.075000;4051.765000;4051.975000;0
20260803 182400;4052.055000;4052.405000;4051.665000;4051.995000;0
20260803 182500;4052.005000;4052.005000;4051.315000;4051.315000;0
20260803 182600;4051.435000;4051.435000;4050.535000;4050.835000;0
20260803 182700;4050.945000;4051.555000;4050.755000;4051.365000;0
20260803 182800;4051.635000;4051.795000;4051.545000;4051.655000;0
20260803 182900;4051.665000;4051.865000;4051.665000;4051.865000;0
20260803 183000;4051.705000;4052.135000;4051.495000;4051.715000;0
20260803 183100;4051.975000;4052.665000;4051.855000;4052.255000;0
20260803 183200;4052.365000;4052.535000;4051.225000;4051.255000;0
20260803 183300;4051.935000;4052.555000;4051.825000;4052.465000;0
20260803 183400;4052.435000;4053.335000;4052.415000;4052.825000;0
20260803 183500;4052.925000;4053.285000;4052.245000;4052.355000;0
20260803 183600;4052.495000;4052.975000;4052.185000;4052.365000;0
20260803 183700;4052.085000;4053.055000;4052.085000;4052.835000;0
20260803 183800;4052.715000;4053.205000;4052.715000;4053.135000;0
20260803 183900;4052.935000;4053.225000;4052.565000;4053.225000;0
20260803 184000;4053.105000;4053.365000;4052.485000;4052.775000;0
20260803 184100;4052.775000;4053.115000;4052.405000;4052.775000;0
20260803 184200;4052.655000;4052.745000;4052.585000;4052.585000;0
20260803 184300;4052.775000;4053.325000;4052.675000;4053.025000;0
20260803 184400;4052.855000;4052.855000;4052.245000;4052.795000;0
20260803 184500;4052.515000;4053.135000;4052.275000;4053.125000;0
20260803 184600;4053.005000;4053.175000;4052.365000;4052.625000;0
20260803 184700;4052.405000;4052.765000;4052.355000;4052.765000;0
20260803 184800;4052.635000;4053.075000;4052.105000;4052.205000;0
20260803 184900;4052.385000;4052.675000;4051.485000;4051.715000;0
20260803 185000;4051.835000;4052.195000;4050.875000;4051.405000;0
20260803 185100;4051.715000;4051.715000;4050.955000;4051.565000;0
20260803 185200;4051.685000;4052.115000;4051.585000;4052.115000;0
20260803 185300;4052.005000;4052.265000;4051.505000;4051.645000;0
20260803 185400;4051.545000;4052.005000;4050.985000;4051.325000;0
20260803 185500;4051.485000;4051.805000;4051.185000;4051.605000;0
20260803 185600;4051.635000;4053.105000;4051.535000;4052.455000;0
20260803 185700;4052.495000;4052.965000;4052.095000;4052.615000;0
20260803 185800;4052.395000;4053.165000;4052.395000;4052.865000;0
20260803 185900;4052.385000;4052.445000;4052.065000;4052.415000;0
20260803 190000;4052.305000;4053.045000;4051.755000;4052.035000;0
20260803 190100;4052.065000;4053.325000;4051.745000;4052.125000;0
20260803 190200;4052.055000;4052.245000;4051.465000;4051.545000;0
20260803 190300;4051.475000;4051.525000;4050.805000;4051.105000;0
20260803 190400;4051.295000;4052.475000;4051.295000;4052.475000;0
20260803 190500;4052.305000;4052.315000;4051.715000;4052.165000;0
20260803 190600;4052.215000;4054.495000;4052.215000;4053.585000;0
20260803 190700;4053.095000;4053.215000;4052.375000;4052.585000;0
20260803 190800;4052.345000;4053.525000;4052.175000;4052.305000;0
20260803 190900;4052.335000;4052.425000;4051.515000;4051.675000;0
20260803 191000;4051.495000;4051.815000;4049.795000;4050.955000;0
20260803 191100;4051.095000;4051.525000;4051.045000;4051.435000;0
20260803 191200;4051.435000;4051.505000;4051.005000;4051.145000;0
20260803 191300;4051.285000;4051.485000;4051.165000;4051.485000;0
20260803 191400;4051.595000;4051.835000;4051.065000;4051.065000;0
20260803 191500;4051.175000;4051.485000;4051.055000;4051.305000;0
20260803 191600;4051.185000;4051.705000;4050.915000;4051.175000;0
20260803 191700;4051.195000;4051.335000;4050.365000;4051.005000;0
20260803 191800;4050.885000;4051.175000;4050.505000;4050.975000;0
20260803 191900;4051.095000;4052.775000;4051.095000;4052.375000;0
20260803 192000;4052.635000;4052.635000;4051.635000;4052.435000;0
20260803 192100;4052.745000;4054.525000;4052.385000;4053.495000;0
20260803 192200;4053.495000;4054.215000;4052.895000;4053.055000;0
20260803 192300;4053.325000;4053.325000;4052.045000;4052.185000;0
20260803 192400;4052.085000;4052.435000;4050.745000;4051.935000;0
20260803 192500;4052.105000;4052.205000;4051.075000;4051.075000;0
20260803 192600;4051.215000;4051.525000;4050.815000;4051.165000;0
20260803 192700;4050.955000;4051.995000;4050.855000;4051.875000;0
20260803 192800;4051.895000;4052.225000;4051.095000;4051.095000;0
20260803 192900;4050.995000;4051.925000;4050.805000;4051.485000;0
20260803 193000;4051.485000;4051.795000;4050.995000;4051.325000;0
20260803 193100;4051.435000;4051.585000;4051.105000;4051.235000;0
20260803 193200;4051.365000;4051.365000;4050.945000;4051.075000;0
20260803 193300;4051.275000;4051.385000;4051.125000;4051.195000;0
20260803 193400;4051.335000;4051.875000;4051.195000;4051.495000;0
20260803 193500;4051.395000;4051.495000;4051.035000;4051.115000;0
20260803 193600;4050.995000;4051.405000;4050.995000;4051.375000;0
20260803 193700;4051.225000;4051.495000;4051.215000;4051.495000;0
20260803 193800;4051.385000;4052.625000;4051.385000;4052.005000;0
20260803 193900;4052.145000;4052.165000;4051.665000;4051.665000;0
20260803 194000;4051.805000;4051.805000;4051.425000;4051.435000;0
20260803 194100;4051.375000;4051.565000;4051.025000;4051.385000;0
20260803 194200;4051.485000;4051.695000;4051.295000;4051.585000;0
20260803 194300;4051.685000;4051.945000;4051.455000;4051.565000;0
20260803 194400;4051.775000;4052.515000;4051.705000;4052.185000;0
20260803 194500;4052.255000;4052.285000;4050.965000;4052.285000;0
20260803 194600;4052.405000;4052.535000;4051.745000;4052.165000;0
20260803 194700;4052.265000;4053.615000;4052.235000;4053.535000;0
20260803 194800;4053.535000;4053.875000;4052.565000;4052.665000;0
20260803 194900;4052.675000;4052.855000;4051.355000;4051.355000;0
20260803 195000;4051.695000;4052.325000;4051.085000;4051.715000;0
20260803 195100;4051.825000;4052.585000;4051.645000;4051.775000;0
20260803 195200;4051.875000;4052.515000;4051.875000;4052.415000;0
20260803 195300;4052.535000;4052.655000;4052.265000;4052.565000;0
20260803 195400;4052.455000;4052.515000;4051.975000;4052.095000;0
20260803 195500;4051.945000;4052.475000;4051.945000;4052.385000;0
20260803 195600;4052.525000;4053.105000;4052.195000;4052.685000;0
20260803 195700;4052.685000;4053.195000;4052.415000;4052.925000;0
20260803 195800;4053.035000;4053.035000;4052.625000;4052.875000;0
20260803 195900;4052.755000;4053.835000;4052.755000;4053.785000;0
20260803 200000;4053.555000;4057.215000;4052.805000;4057.215000;0
20260803 200100;4056.935000;4061.075000;4056.555000;4060.925000;0
20260803 200200;4061.065000;4063.235000;4059.175000;4059.175000;0
20260803 200300;4059.325000;4059.455000;4058.035000;4058.785000;0
20260803 200400;4058.785000;4060.135000;4058.625000;4059.445000;0
20260803 200500;4059.325000;4060.725000;4059.065000;4059.455000;0
20260803 200600;4059.595000;4060.435000;4059.205000;4059.295000;0
20260803 200700;4059.375000;4061.615000;4058.945000;4060.765000;0
20260803 200800;4060.635000;4063.345000;4060.635000;4063.345000;0
20260803 200900;4063.075000;4067.315000;4062.985000;4066.875000;0
20260803 201000;4067.005000;4069.015000;4066.865000;4067.765000;0
20260803 201100;4067.885000;4068.645000;4065.645000;4066.525000;0
20260803 201200;4066.465000;4066.835000;4065.815000;4066.135000;0
20260803 201300;4066.165000;4066.295000;4063.155000;4063.415000;0
20260803 201400;4063.565000;4063.875000;4062.645000;4063.145000;0
20260803 201500;4063.025000;4064.125000;4061.625000;4062.255000;0
20260803 201600;4062.045000;4063.955000;4062.045000;4063.855000;0
20260803 201700;4063.965000;4063.965000;4062.135000;4062.135000;0
20260803 201800;4062.115000;4063.135000;4061.905000;4062.805000;0
20260803 201900;4062.645000;4063.125000;4062.305000;4062.585000;0
20260803 202000;4062.475000;4063.305000;4059.935000;4060.435000;0
20260803 202100;4060.435000;4060.635000;4059.685000;4060.505000;0
20260803 202200;4060.375000;4060.375000;4059.525000;4059.765000;0
20260803 202300;4059.885000;4059.915000;4057.595000;4058.005000;0
20260803 202400;4058.055000;4059.165000;4057.805000;4058.925000;0
20260803 202500;4058.765000;4058.885000;4057.905000;4058.505000;0
20260803 202600;4058.465000;4060.365000;4058.465000;4060.315000;0
20260803 202700;4060.205000;4060.335000;4059.115000;4059.295000;0
20260803 202800;4059.445000;4060.665000;4059.445000;4060.095000;0
20260803 202900;4059.735000;4059.855000;4058.585000;4058.815000;0
20260803 203000;4058.715000;4059.935000;4057.515000;4058.105000;0
20260803 203100;4058.245000;4060.205000;4058.005000;4058.975000;0
20260803 203200;4059.055000;4060.345000;4058.735000;4060.015000;0
20260803 203300;4060.135000;4060.555000;4059.585000;4059.695000;0
20260803 203400;4059.575000;4059.805000;4059.095000;4059.805000;0
20260803 203500;4059.685000;4059.855000;4058.895000;4059.025000;0
20260803 203600;4059.025000;4059.245000;4058.175000;4058.285000;0
20260803 203700;4058.285000;4058.295000;4057.295000;4057.475000;0
20260803 203800;4057.555000;4058.115000;4056.835000;4056.835000;0
20260803 203900;4056.835000;4058.105000;4056.365000;4057.755000;0
20260803 204000;4057.635000;4058.135000;4056.525000;4056.525000;0
20260803 204100;4056.755000;4056.755000;4055.785000;4055.985000;0
20260803 204200;4056.185000;4056.295000;4055.405000;4055.665000;0
20260803 204300;4055.835000;4056.465000;4055.155000;4056.005000;0
20260803 204400;4056.085000;4056.615000;4055.425000;4055.965000;0
20260803 204500;4056.125000;4056.825000;4055.055000;4055.505000;0
20260803 204600;4055.375000;4055.655000;4054.985000;4055.165000;0
20260803 204700;4055.035000;4056.335000;4054.935000;4056.205000;0
20260803 204800;4056.165000;4057.155000;4055.655000;4056.755000;0
20260803 204900;4056.385000;4057.395000;4055.885000;4056.365000;0
20260803 205000;4056.555000;4057.815000;4055.915000;4057.175000;0
20260803 205100;4057.295000;4057.295000;4055.555000;4055.755000;0
20260803 205200;4055.815000;4056.175000;4054.115000;4054.705000;0
20260803 205300;4055.005000;4055.675000;4054.585000;4055.095000;0
20260803 205400;4055.015000;4055.835000;4053.775000;4054.825000;0
20260803 205500;4054.825000;4055.305000;4053.765000;4054.825000;0
20260803 205600;4054.715000;4054.715000;4052.935000;4053.275000;0
20260803 205700;4053.425000;4053.425000;4051.175000;4052.035000;0
20260803 205800;4052.015000;4052.215000;4050.585000;4050.995000;0
20260803 205900;4050.835000;4050.835000;4048.475000;4048.945000;0
20260803 210000;4048.445000;4049.455000;4046.215000;4047.185000;0
20260803 210100;4047.005000;4050.365000;4046.465000;4048.155000;0
20260803 210200;4048.305000;4048.795000;4046.525000;4046.545000;0
20260803 210300;4046.545000;4048.505000;4045.355000;4046.955000;0
20260803 210400;4047.075000;4047.475000;4045.185000;4046.545000;0
20260803 210500;4046.545000;4046.935000;4044.725000;4044.725000;0
20260803 210600;4044.545000;4045.325000;4042.345000;4044.235000;0
20260803 210700;4044.345000;4045.205000;4042.995000;4043.535000;0
20260803 210800;4043.635000;4044.895000;4043.165000;4044.535000;0
20260803 210900;4044.395000;4045.475000;4043.825000;4044.755000;0
20260803 211000;4044.665000;4046.035000;4043.075000;4045.785000;0
20260803 211100;4045.895000;4047.155000;4045.325000;4047.065000;0
20260803 211200;4046.955000;4048.295000;4046.625000;4047.895000;0
20260803 211300;4047.765000;4048.265000;4046.835000;4046.835000;0
20260803 211400;4046.835000;4047.455000;4046.405000;4046.675000;0
20260803 211500;4046.835000;4049.185000;4046.605000;4048.275000;0
20260803 211600;4048.175000;4048.375000;4047.205000;4047.585000;0
20260803 211700;4047.725000;4049.605000;4047.605000;4049.125000;0
20260803 211800;4049.245000;4050.175000;4048.935000;4049.675000;0
20260803 211900;4049.405000;4050.465000;4049.025000;4049.595000;0
20260803 212000;4049.715000;4050.295000;4049.365000;4050.065000;0
20260803 212100;4050.065000;4050.325000;4047.555000;4048.945000;0
20260803 212200;4048.905000;4049.025000;4047.805000;4047.945000;0
20260803 212300;4048.095000;4049.775000;4047.875000;4049.775000;0
20260803 212400;4049.665000;4050.285000;4047.925000;4048.485000;0
20260803 212500;4048.735000;4052.505000;4048.515000;4049.685000;0
20260803 212600;4049.485000;4050.055000;4048.715000;4048.805000;0
20260803 212700;4048.985000;4049.755000;4047.805000;4048.875000;0
20260803 212800;4048.875000;4049.935000;4048.755000;4049.225000;0
20260803 212900;4049.115000;4049.385000;4047.935000;4048.955000;0
20260803 213000;4049.205000;4050.745000;4048.765000;4049.915000;0
20260803 213100;4049.785000;4050.435000;4048.675000;4049.445000;0
20260803 213200;4049.555000;4051.295000;4049.455000;4050.155000;0
20260803 213300;4050.055000;4050.595000;4048.305000;4048.465000;0
20260803 213400;4048.465000;4050.055000;4048.235000;4048.735000;0
20260803 213500;4048.855000;4052.645000;4048.715000;4051.535000;0
20260803 213600;4051.405000;4055.845000;4051.395000;4054.725000;0
20260803 213700;4054.725000;4055.035000;4053.555000;4054.155000;0
20260803 213800;4054.155000;4055.175000;4053.725000;4054.625000;0
20260803 213900;4054.755000;4055.005000;4052.135000;4052.405000;0
20260803 214000;4052.375000;4054.525000;4051.865000;4054.085000;0
20260803 214100;4054.195000;4057.305000;4054.065000;4056.825000;0
20260803 214200;4056.725000;4057.075000;4055.165000;4056.645000;0
20260803 214300;4056.645000;4057.935000;4056.255000;4057.385000;0
20260803 214400;4057.525000;4060.135000;4057.415000;4058.885000;0
20260803 214500;4058.885000;4060.425000;4058.715000;4060.255000;0
20260803 214600;4060.255000;4060.315000;4057.735000;4057.925000;0
20260803 214700;4058.035000;4059.815000;4057.785000;4058.755000;0
20260803 214800;4058.545000;4058.905000;4057.555000;4057.685000;0
20260803 214900;4057.685000;4058.105000;4056.995000;4057.125000;0
20260803 215000;4056.755000;4057.625000;4056.585000;4056.755000;0
20260803 215100;4056.345000;4059.565000;4056.305000;4059.225000;0
20260803 215200;4059.215000;4060.785000;4058.565000;4060.285000;0
20260803 215300;4060.175000;4061.695000;4060.115000;4060.655000;0
20260803 215400;4060.405000;4060.935000;4058.865000;4059.405000;0
20260803 215500;4059.335000;4060.815000;4059.045000;4060.815000;0
20260803 215600;4060.815000;4061.085000;4058.345000;4058.345000;0
20260803 215700;4058.395000;4059.905000;4058.265000;4059.615000;0
20260803 215800;4059.595000;4059.875000;4058.875000;4059.435000;0
20260803 215900;4059.505000;4059.595000;4057.835000;4058.375000;0
20260803 220000;4058.475000;4060.415000;4056.615000;4056.695000;0
20260803 220100;4056.855000;4061.055000;4056.755000;4060.945000;0
20260803 220200;4060.835000;4060.985000;4057.895000;4058.225000;0
20260803 220300;4058.225000;4058.455000;4056.405000;4056.895000;0
20260803 220400;4056.785000;4057.185000;4056.425000;4056.795000;0
20260803 220500;4056.675000;4057.315000;4056.005000;4056.485000;0
20260803 220600;4056.365000;4056.515000;4055.405000;4056.095000;0
20260803 220700;4056.235000;4056.555000;4055.515000;4056.135000;0
20260803 220800;4056.135000;4057.425000;4056.015000;4056.395000;0
20260803 220900;4056.545000;4057.305000;4056.415000;4056.575000;0
20260803 221000;4056.465000;4057.745000;4055.865000;4056.745000;0
20260803 221100;4056.755000;4057.775000;4056.435000;4057.585000;0
20260803 221200;4057.585000;4058.155000;4056.665000;4057.145000;0
20260803 221300;4057.325000;4058.985000;4056.895000;4057.985000;0
20260803 221400;4058.085000;4058.505000;4057.395000;4058.155000;0
20260803 221500;4058.155000;4058.515000;4057.635000;4058.215000;0
20260803 221600;4058.115000;4059.235000;4057.415000;4059.115000;0
20260803 221700;4059.285000;4059.285000;4057.505000;4057.795000;0
20260803 221800;4058.065000;4059.145000;4057.365000;4058.925000;0
20260803 221900;4058.925000;4059.235000;4058.445000;4058.885000;0
20260803 222000;4058.885000;4059.005000;4057.805000;4057.805000;0
20260803 222100;4057.905000;4059.545000;4057.535000;4059.285000;0
20260803 222200;4059.285000;4059.285000;4057.845000;4058.045000;0
20260803 222300;4057.945000;4058.685000;4056.605000;4056.935000;0
20260803 222400;4056.935000;4057.645000;4056.535000;4056.905000;0
20260803 222500;4057.015000;4057.345000;4056.045000;4057.045000;0
20260803 222600;4057.175000;4057.495000;4056.065000;4057.185000;0
20260803 222700;4057.145000;4057.485000;4056.475000;4056.895000;0
20260803 222800;4057.015000;4057.015000;4055.485000;4056.625000;0
20260803 222900;4056.715000;4057.705000;4056.335000;4056.585000;0
20260803 223000;4056.435000;4057.075000;4055.445000;4055.805000;0
20260803 223100;4055.915000;4057.265000;4055.525000;4057.055000;0
20260803 223200;4056.915000;4059.745000;4056.915000;4057.525000;0
20260803 223300;4057.655000;4058.255000;4057.055000;4057.925000;0
20260803 223400;4057.765000;4058.015000;4056.935000;4057.535000;0
20260803 223500;4057.535000;4060.095000;4057.535000;4058.885000;0
20260803 223600;4059.015000;4060.215000;4057.735000;4059.825000;0
20260803 223700;4059.975000;4061.085000;4059.785000;4059.925000;0
20260803 223800;4059.725000;4063.115000;4059.725000;4062.635000;0
20260803 223900;4062.695000;4064.935000;4062.665000;4063.255000;0
20260803 224000;4063.445000;4063.775000;4062.225000;4062.765000;0
20260803 224100;4062.765000;4063.165000;4061.795000;4062.445000;0
20260803 224200;4062.445000;4062.445000;4059.885000;4060.455000;0
20260803 224300;4060.605000;4061.795000;4060.485000;4061.665000;0
20260803 224400;4061.835000;4063.185000;4061.495000;4061.645000;0
20260803 224500;4061.535000;4061.995000;4060.675000;4060.765000;0
20260803 224600;4060.645000;4061.985000;4060.485000;4061.985000;0
20260803 224700;4062.095000;4062.245000;4061.055000;4061.055000;0
20260803 224800;4061.145000;4062.145000;4061.145000;4061.375000;0
20260803 224900;4061.545000;4061.735000;4059.885000;4060.455000;0
20260803 225000;4060.345000;4061.205000;4060.095000;4060.845000;0
20260803 225100;4060.985000;4061.655000;4060.225000;4060.835000;0
20260803 225200;4060.885000;4061.265000;4059.995000;4061.265000;0
20260803 225300;4061.115000;4061.385000;4060.445000;4061.335000;0
20260803 225400;4061.185000;4061.385000;4059.455000;4059.665000;0
20260803 225500;4059.835000;4061.005000;4059.555000;4060.905000;0
20260803 225600;4060.725000;4061.135000;4059.615000;4060.345000;0
20260803 225700;4060.195000;4060.515000;4059.325000;4059.385000;0
20260803 225800;4059.465000;4059.605000;4058.175000;4058.385000;0
20260803 225900;4058.505000;4059.015000;4057.775000;4058.665000;0
20260803 230000;4058.555000;4060.165000;4058.385000;4059.945000;0
20260803 230100;4059.805000;4060.045000;4058.705000;4059.745000;0
20260803 230200;4059.335000;4060.595000;4058.845000;4059.685000;0
20260803 230300;4059.885000;4060.125000;4058.025000;4058.345000;0
20260803 230400;4058.525000;4058.645000;4057.595000;4057.595000;0
20260803 230500;4057.595000;4057.825000;4056.395000;4056.775000;0
20260803 230600;4056.665000;4057.295000;4056.175000;4056.685000;0
20260803 230700;4056.905000;4057.495000;4056.555000;4057.085000;0
20260803 230800;4057.075000;4057.955000;4056.745000;4057.545000;0
20260803 230900;4057.415000;4058.675000;4057.415000;4057.865000;0
20260803 231000;4057.765000;4059.195000;4057.765000;4058.935000;0
20260803 231100;4058.785000;4060.305000;4058.785000;4059.095000;0
20260803 231200;4059.095000;4059.495000;4058.015000;4058.195000;0
20260803 231300;4058.205000;4058.655000;4057.745000;4058.005000;0
20260803 231400;4058.005000;4058.375000;4057.145000;4057.845000;0
20260803 231500;4057.685000;4060.015000;4057.655000;4059.425000;0
20260803 231600;4059.325000;4060.175000;4059.185000;4060.015000;0
20260803 231700;4059.685000;4061.015000;4059.635000;4060.205000;0
20260803 231800;4060.235000;4060.485000;4059.385000;4059.385000;0
20260803 231900;4059.515000;4060.165000;4059.515000;4059.855000;0
20260803 232000;4059.995000;4061.395000;4059.665000;4060.875000;0
20260803 232100;4060.985000;4061.515000;4060.805000;4060.945000;0
20260803 232200;4060.825000;4061.125000;4059.965000;4060.245000;0
20260803 232300;4060.255000;4060.405000;4058.695000;4058.715000;0
20260803 232400;4058.655000;4060.285000;4058.465000;4059.835000;0
20260803 232500;4059.935000;4060.355000;4058.795000;4058.965000;0
20260803 232600;4058.855000;4059.145000;4058.025000;4058.285000;0
20260803 232700;4058.415000;4058.615000;4057.425000;4057.995000;0
20260803 232800;4057.935000;4059.225000;4057.865000;4058.335000;0
20260803 232900;4058.465000;4058.795000;4057.465000;4057.565000;0
20260803 233000;4057.645000;4057.755000;4055.655000;4057.305000;0
20260803 233100;4057.195000;4057.695000;4055.515000;4056.095000;0
20260803 233200;4056.215000;4057.225000;4056.025000;4056.355000;0
20260803 233300;4056.515000;4058.445000;4056.255000;4057.935000;0
20260803 233400;4058.045000;4058.755000;4057.495000;4058.315000;0
20260803 233500;4058.315000;4058.535000;4056.455000;4056.745000;0
20260803 233600;4056.885000;4057.395000;4056.215000;4056.445000;0
20260803 233700;4056.305000;4056.855000;4055.925000;4056.295000;0
20260803 233800;4056.295000;4057.255000;4055.965000;4056.255000;0
20260803 233900;4056.275000;4056.345000;4055.705000;4055.935000;0
20260803 234000;4056.045000;4056.205000;4055.135000;4055.545000;0
20260803 234100;4055.755000;4055.885000;4054.565000;4055.085000;0
20260803 234200;4055.085000;4055.085000;4052.945000;4053.215000;0
20260803 234300;4053.085000;4053.865000;4052.675000;4052.885000;0
20260803 234400;4053.375000;4053.375000;4052.375000;4052.615000;0
20260803 234500;4052.735000;4053.275000;4052.315000;4052.655000;0
20260803 234600;4052.655000;4053.485000;4052.305000;4052.985000;0
20260803 234700;4052.635000;4053.395000;4052.615000;4053.285000;0
20260803 234800;4053.285000;4054.185000;4052.815000;4053.955000;0
20260803 234900;4053.855000;4054.455000;4053.445000;4053.995000;0
20260803 235000;4053.945000;4054.555000;4053.945000;4054.365000;0
20260803 235100;4054.185000;4055.145000;4054.075000;4054.565000;0
20260803 235200;4054.565000;4055.135000;4054.315000;4054.785000;0
20260803 235300;4054.665000;4055.105000;4054.595000;4054.905000;0
20260803 235400;4054.755000;4055.475000;4054.595000;4054.975000;0
20260803 235500;4054.825000;4055.115000;4054.175000;4054.275000;0
20260803 235600;4054.375000;4055.405000;4054.375000;4055.125000;0
20260803 235700;4055.025000;4055.155000;4053.275000;4053.525000;0
20260803 235800;4053.725000;4054.355000;4052.855000;4053.015000;0
20260803 235900;4053.085000;4053.535000;4051.845000;4052.325000;0
20260804 000000;4052.325000;4052.755000;4051.335000;4051.605000;0
20260804 000100;4051.575000;4052.355000;4051.045000;4051.235000;0
20260804 000200;4051.445000;4052.825000;4050.825000;4052.415000;0
20260804 000300;4052.385000;4052.875000;4052.005000;4052.835000;0
20260804 000400;4052.855000;4053.015000;4052.155000;4052.155000;0
20260804 000500;4052.055000;4052.585000;4051.405000;4052.425000;0
20260804 000600;4052.325000;4053.125000;4052.325000;4052.395000;0
20260804 000700;4052.225000;4053.895000;4052.225000;4053.615000;0
20260804 000800;4053.705000;4054.015000;4053.505000;4053.895000;0
20260804 000900;4054.005000;4054.225000;4053.505000;4054.225000;0
20260804 001000;4054.325000;4054.515000;4053.955000;4054.235000;0
20260804 001100;4054.225000;4054.835000;4054.005000;4054.495000;0
20260804 001200;4054.495000;4054.585000;4053.895000;4054.195000;0
20260804 001300;4054.305000;4054.435000;4053.995000;4054.085000;0
20260804 001400;4054.235000;4056.675000;4054.075000;4056.435000;0
20260804 001500;4056.935000;4058.625000;4056.735000;4056.915000;0
20260804 001600;4056.935000;4057.945000;4056.555000;4057.735000;0
20260804 001700;4057.705000;4059.135000;4057.325000;4058.585000;0
20260804 001800;4058.545000;4059.475000;4057.645000;4058.415000;0
20260804 001900;4058.575000;4059.065000;4056.295000;4056.395000;0
20260804 002000;4056.655000;4056.895000;4055.845000;4055.895000;0
20260804 002100;4055.895000;4057.215000;4055.695000;4056.815000;0
20260804 002200;4056.815000;4057.915000;4056.515000;4057.585000;0
20260804 002300;4057.385000;4057.435000;4056.875000;4057.095000;0
20260804 002400;4057.225000;4057.745000;4056.465000;4057.645000;0
20260804 002500;4057.945000;4058.805000;4057.315000;4058.455000;0
20260804 002600;4058.755000;4060.665000;4058.255000;4059.875000;0
20260804 002700;4060.025000;4060.625000;4059.475000;4060.235000;0
20260804 002800;4060.075000;4060.965000;4059.875000;4060.595000;0
20260804 002900;4060.695000;4061.485000;4060.315000;4061.255000;0
20260804 003000;4061.255000;4061.875000;4060.785000;4061.485000;0
20260804 003100;4061.485000;4061.485000;4060.465000;4060.765000;0
20260804 003200;4060.715000;4063.011000;4060.195000;4062.945000;0
20260804 003300;4063.001000;4063.965000;4062.675000;4062.905000;0
20260804 003400;4062.825000;4062.935000;4061.295000;4062.475000;0
20260804 003500;4062.705000;4063.045000;4062.195000;4062.485000;0
20260804 003600;4062.265000;4062.645000;4061.585000;4061.975000;0
20260804 003700;4062.115000;4062.445000;4061.965000;4062.185000;0
20260804 003800;4062.285000;4062.785000;4061.975000;4062.475000;0
20260804 003900;4062.625000;4063.185000;4062.085000;4063.185000;0
20260804 004000;4063.065000;4063.775000;4062.345000;4063.005000;0
20260804 004100;4062.965000;4063.455000;4062.095000;4062.735000;0
20260804 004200;4062.615000;4062.955000;4061.885000;4062.725000;0
20260804 004300;4062.565000;4062.905000;4061.985000;4062.105000;0
20260804 004400;4062.205000;4062.815000;4062.145000;4062.365000;0
20260804 004500;4062.295000;4063.625000;4062.085000;4063.625000;0
20260804 004600;4063.435000;4065.035000;4062.675000;4064.735000;0
20260804 004700;4064.845000;4065.015000;4063.885000;4064.225000;0
20260804 004800;4064.085000;4065.915000;4063.905000;4065.195000;0
20260804 004900;4065.245000;4065.295000;4064.335000;4064.365000;0
20260804 005000;4064.605000;4065.155000;4064.315000;4064.685000;0
20260804 005100;4064.665000;4064.685000;4063.725000;4063.935000;0
20260804 005200;4064.085000;4064.525000;4063.855000;4064.185000;0
20260804 005300;4064.355000;4064.625000;4062.945000;4064.345000;0
20260804 005400;4064.435000;4064.695000;4063.965000;4064.155000;0
20260804 005500;4064.155000;4065.075000;4063.715000;4064.245000;0
20260804 005600;4064.125000;4064.505000;4063.925000;4064.285000;0
20260804 005700;4064.165000;4065.535000;4063.775000;4064.545000;0
20260804 005800;4064.705000;4065.335000;4063.625000;4063.625000;0
20260804 005900;4063.595000;4063.905000;4062.545000;4063.605000;0
20260804 010000;4063.835000;4064.305000;4063.055000;4063.285000;0
20260804 010100;4063.155000;4064.535000;4062.825000;4063.005000;0
20260804 010200;4063.325000;4063.895000;4062.695000;4063.745000;0
20260804 010300;4063.865000;4063.885000;4062.475000;4062.725000;0
20260804 010400;4062.425000;4062.705000;4061.405000;4061.685000;0
20260804 010500;4061.815000;4062.805000;4061.375000;4062.795000;0
20260804 010600;4062.915000;4062.915000;4061.405000;4061.435000;0
20260804 010700;4061.605000;4062.885000;4061.075000;4061.305000;0
20260804 010800;4061.435000;4061.675000;4060.095000;4060.335000;0
20260804 010900;4060.455000;4060.755000;4060.045000;4060.435000;0
20260804 011000;4060.315000;4060.595000;4059.715000;4059.985000;0
20260804 011100;4059.975000;4060.085000;4059.245000;4059.705000;0
20260804 011200;4059.445000;4059.705000;4057.485000;4057.525000;0
20260804 011300;4057.565000;4058.055000;4056.825000;4057.555000;0
20260804 011400;4057.595000;4058.005000;4057.105000;4057.755000;0
20260804 011500;4057.655000;4057.895000;4057.375000;4057.595000;0
20260804 011600;4057.565000;4058.825000;4057.115000;4057.705000;0
20260804 011700;4057.785000;4059.585000;4057.705000;4059.025000;0
20260804 011800;4058.915000;4060.525000;4058.915000;4060.455000;0
20260804 011900;4060.585000;4061.725000;4060.275000;4061.725000;0
20260804 012000;4061.575000;4062.355000;4061.325000;4061.645000;0
20260804 012100;4061.645000;4062.235000;4061.645000;4062.045000;0
20260804 012200;4062.005000;4062.005000;4060.655000;4061.015000;0
20260804 012300;4060.915000;4061.795000;4060.765000;4061.175000;0
20260804 012400;4061.335000;4063.185000;4061.095000;4062.855000;0
20260804 012500;4062.975000;4063.745000;4062.245000;4062.665000;0
20260804 012600;4062.525000;4063.475000;4062.215000;4062.845000;0
20260804 012700;4062.715000;4062.985000;4061.945000;4062.655000;0
20260804 012800;4062.805000;4062.945000;4062.245000;4062.405000;0
20260804 012900;4062.655000;4063.315000;4062.445000;4062.985000;0
20260804 013000;4063.245000;4067.095000;4062.495000;4066.695000;0
20260804 013100;4066.725000;4067.555000;4064.915000;4065.625000;0
20260804 013200;4065.465000;4066.435000;4063.685000;4064.815000;0
20260804 013300;4064.685000;4064.835000;4062.755000;4062.755000;0
20260804 013400;4062.855000;4063.715000;4061.325000;4061.775000;0
20260804 013500;4061.695000;4062.425000;4061.325000;4061.765000;0
20260804 013600;4061.865000;4061.875000;4060.725000;4061.275000;0
20260804 013700;4061.295000;4062.135000;4059.535000;4059.825000;0
20260804 013800;4059.905000;4060.605000;4059.525000;4060.165000;0
20260804 013900;4060.095000;4061.585000;4060.095000;4060.345000;0
20260804 014000;4060.545000;4060.705000;4058.885000;4059.675000;0
20260804 014100;4059.565000;4060.725000;4059.135000;4060.685000;0
20260804 014200;4060.575000;4061.015000;4060.145000;4060.655000;0
20260804 014300;4060.535000;4062.235000;4060.385000;4061.735000;0
20260804 014400;4061.725000;4063.085000;4061.575000;4062.655000;0
20260804 014500;4062.775000;4063.115000;4061.645000;4062.865000;0
20260804 014600;4062.765000;4064.425000;4062.575000;4062.945000;0
20260804 014700;4063.055000;4063.195000;4062.035000;4062.235000;0
20260804 014800;4062.355000;4062.955000;4059.945000;4061.025000;0
20260804 014900;4060.885000;4061.595000;4060.305000;4060.465000;0
20260804 015000;4060.485000;4061.055000;4060.055000;4060.635000;0
20260804 015100;4060.675000;4061.535000;4060.345000;4061.045000;0
20260804 015200;4061.045000;4061.615000;4060.485000;4061.045000;0
20260804 015300;4061.195000;4061.345000;4059.545000;4059.725000;0
20260804 015400;4059.875000;4059.875000;4058.325000;4059.105000;0
20260804 015500;4058.905000;4060.015000;4058.895000;4059.705000;0
20260804 015600;4059.495000;4060.695000;4058.485000;4058.795000;0
20260804 015700;4058.645000;4061.725000;4058.575000;4060.945000;0
20260804 015800;4060.765000;4060.945000;4059.945000;4060.805000;0
20260804 015900;4060.675000;4063.205000;4060.575000;4061.575000;0
20260804 020000;4061.615000;4065.105000;4061.605000;4062.715000;0
20260804 020100;4062.665000;4065.715000;4062.535000;4063.785000;0
20260804 020200;4063.675000;4064.705000;4062.845000;4064.235000;0
20260804 020300;4064.245000;4065.045000;4063.275000;4064.835000;0
20260804 020400;4064.975000;4065.325000;4064.085000;4064.085000;0
20260804 020500;4064.185000;4065.585000;4063.885000;4064.655000;0
20260804 020600;4064.515000;4065.575000;4064.515000;4065.575000;0
20260804 020700;4065.615000;4065.915000;4064.155000;4064.545000;0
20260804 020800;4064.675000;4064.755000;4063.175000;4063.175000;0
20260804 020900;4063.295000;4063.735000;4063.075000;4063.695000;0
20260804 021000;4063.535000;4064.165000;4062.735000;4062.945000;0
20260804 021100;4063.065000;4063.285000;4062.465000;4062.925000;0
20260804 021200;4062.855000;4064.145000;4062.605000;4063.695000;0
20260804 021300;4063.705000;4064.115000;4062.565000;4062.905000;0
20260804 021400;4062.795000;4065.065000;4062.675000;4064.085000;0
20260804 021500;4064.075000;4064.185000;4063.535000;4064.005000;0
20260804 021600;4063.885000;4064.265000;4062.705000;4062.825000;0
20260804 021700;4062.675000;4062.965000;4062.195000;4062.605000;0
20260804 021800;4062.455000;4063.485000;4061.725000;4061.875000;0
20260804 021900;4061.715000;4062.025000;4061.365000;4061.955000;0
20260804 022000;4062.065000;4063.495000;4061.595000;4063.165000;0
20260804 022100;4063.335000;4063.505000;4062.875000;4062.985000;0
20260804 022200;4063.105000;4064.415000;4063.015000;4063.925000;0
20260804 022300;4064.075000;4064.735000;4063.955000;4064.065000;0
20260804 022400;4064.265000;4064.285000;4062.085000;4062.735000;0
20260804 022500;4062.615000;4063.515000;4062.375000;4062.375000;0
20260804 022600;4062.255000;4063.305000;4062.005000;4062.005000;0
20260804 022700;4062.195000;4062.385000;4061.715000;4062.035000;0
20260804 022800;4061.905000;4062.135000;4060.785000;4060.905000;0
20260804 022900;4061.005000;4061.375000;4059.445000;4059.625000;0
20260804 023000;4059.745000;4059.935000;4058.485000;4058.495000;0
20260804 023100;4058.605000;4058.605000;4056.765000;4057.635000;0
20260804 023200;4057.505000;4058.065000;4057.255000;4057.385000;0
20260804 023300;4057.235000;4057.635000;4056.575000;4057.385000;0
20260804 023400;4057.485000;4057.825000;4056.495000;4056.845000;0
20260804 023500;4056.665000;4057.275000;4056.255000;4057.235000;0
20260804 023600;4057.105000;4057.545000;4055.535000;4056.245000;0
20260804 023700;4056.255000;4057.015000;4056.145000;4056.955000;0
20260804 023800;4056.695000;4056.735000;4056.175000;4056.545000;0
20260804 023900;4056.415000;4057.165000;4055.715000;4056.665000;0
20260804 024000;4056.675000;4056.945000;4056.545000;4056.935000;0
20260804 024100;4056.935000;4058.205000;4056.785000;4057.505000;0
20260804 024200;4057.605000;4058.845000;4057.605000;4058.695000;0
20260804 024300;4058.695000;4059.225000;4058.215000;4058.755000;0
20260804 024400;4058.615000;4060.045000;4058.095000;4059.925000;0
20260804 024500;4059.905000;4060.565000;4059.845000;4060.205000;0
20260804 024600;4060.315000;4062.505000;4060.315000;4061.425000;0
20260804 024700;4061.555000;4062.285000;4060.665000;4060.695000;0
20260804 024800;4060.625000;4061.675000;4060.625000;4060.935000;0
20260804 024900;4061.045000;4062.005000;4060.835000;4062.005000;0
20260804 025000;4061.685000;4062.665000;4061.525000;4061.945000;0
20260804 025100;4062.055000;4062.795000;4062.015000;4062.375000;0
20260804 025200;4062.485000;4062.485000;4061.355000;4061.465000;0
20260804 025300;4061.325000;4062.235000;4060.975000;4062.015000;0
20260804 025400;4061.905000;4061.905000;4059.515000;4060.335000;0
20260804 025500;4060.165000;4060.895000;4060.165000;4060.475000;0
20260804 025600;4060.475000;4060.575000;4058.595000;4059.595000;0
20260804 025700;4059.705000;4060.515000;4059.705000;4060.425000;0
20260804 025800;4060.365000;4061.815000;4060.365000;4061.755000;0
20260804 025900;4061.765000;4063.495000;4061.715000;4063.225000;0
20260804 030000;4063.115000;4063.525000;4062.185000;4062.875000;0
20260804 030100;4063.205000;4065.315000;4062.835000;4064.835000;0
20260804 030200;4064.805000;4065.015000;4063.505000;4063.865000;0
20260804 030300;4063.685000;4064.365000;4063.395000;4064.265000;0
20260804 030400;4064.375000;4064.865000;4063.945000;4064.475000;0
20260804 030500;4064.425000;4065.575000;4064.255000;4065.095000;0
20260804 030600;4065.155000;4065.455000;4064.355000;4064.445000;0
20260804 030700;4064.375000;4065.605000;4063.815000;4064.345000;0
20260804 030800;4064.395000;4064.855000;4063.835000;4064.735000;0
20260804 030900;4064.755000;4065.325000;4064.135000;4064.135000;0
20260804 031000;4064.135000;4064.535000;4063.675000;4064.125000;0
20260804 031100;4064.345000;4065.335000;4063.675000;4065.155000;0
20260804 031200;4065.235000;4065.235000;4062.225000;4062.335000;0
20260804 031300;4062.335000;4062.605000;4061.435000;4061.535000;0
20260804 031400;4061.495000;4061.545000;4060.565000;4060.895000;0
20260804 031500;4060.825000;4061.715000;4060.675000;4061.625000;0
20260804 031600;4061.645000;4062.255000;4060.875000;4061.855000;0
20260804 031700;4061.875000;4061.965000;4060.815000;4061.845000;0
20260804 031800;4061.985000;4064.045000;4061.955000;4063.795000;0
20260804 031900;4063.805000;4065.325000;4063.015000;4063.115000;0
20260804 032000;4063.115000;4064.065000;4062.965000;4063.925000;0
20260804 032100;4063.825000;4063.825000;4062.675000;4062.895000;0
20260804 032200;4062.895000;4064.055000;4062.705000;4062.705000;0
20260804 032300;4062.675000;4064.655000;4062.445000;4064.455000;0
20260804 032400;4064.545000;4065.425000;4064.225000;4065.425000;0
20260804 032500;4065.375000;4065.525000;4063.955000;4064.375000;0
20260804 032600;4064.325000;4064.805000;4064.125000;4064.345000;0
20260804 032700;4064.235000;4064.345000;4062.605000;4062.705000;0
20260804 032800;4062.675000;4063.565000;4062.675000;4063.165000;0
20260804 032900;4063.285000;4063.655000;4062.465000;4062.845000;0
20260804 033000;4062.815000;4064.265000;4062.585000;4063.855000;0
20260804 033100;4063.845000;4064.045000;4063.495000;4063.655000;0
20260804 033200;4063.595000;4064.925000;4063.455000;4064.865000;0
20260804 033300;4064.905000;4066.645000;4064.625000;4066.265000;0
20260804 033400;4066.255000;4066.345000;4064.275000;4064.595000;0
20260804 033500;4064.605000;4065.215000;4064.175000;4064.335000;0
20260804 033600;4064.335000;4065.775000;4063.625000;4065.435000;0
20260804 033700;4065.465000;4066.585000;4063.575000;4064.905000;0
20260804 033800;4064.805000;4064.845000;4062.115000;4062.245000;0
20260804 033900;4062.245000;4063.415000;4061.255000;4062.805000;0
20260804 034000;4062.875000;4064.615000;4062.875000;4064.135000;0
20260804 034100;4064.045000;4064.485000;4063.245000;4063.775000;0
20260804 034200;4063.745000;4063.915000;4062.355000;4062.375000;0
20260804 034300;4062.315000;4062.885000;4062.175000;4062.325000;0
20260804 034400;4062.475000;4062.765000;4062.185000;4062.665000;0
20260804 034500;4062.675000;4063.325000;4062.295000;4063.095000;0
20260804 034600;4062.975000;4063.465000;4061.995000;4063.215000;0
20260804 034700;4063.205000;4063.755000;4062.995000;4063.665000;0
20260804 034800;4063.545000;4064.725000;4063.125000;4064.565000;0
20260804 034900;4064.565000;4064.665000;4063.275000;4063.685000;0
20260804 035000;4063.685000;4064.185000;4063.365000;4063.965000;0
20260804 035100;4063.885000;4066.045000;4063.825000;4065.735000;0
20260804 035200;4065.665000;4065.765000;4064.255000;4064.635000;0
20260804 035300;4064.645000;4064.975000;4064.225000;4064.715000;0
20260804 035400;4064.745000;4065.265000;4064.605000;4064.655000;0
20260804 035500;4064.515000;4064.975000;4063.715000;4064.125000;0
20260804 035600;4064.025000;4064.805000;4063.715000;4064.705000;0
20260804 035700;4064.705000;4065.165000;4064.515000;4064.695000;0
20260804 035800;4064.695000;4065.595000;4064.595000;4065.045000;0
20260804 035900;4065.065000;4065.325000;4064.795000;4065.295000;0
20260804 040000;4065.335000;4066.725000;4064.445000;4065.125000;0
20260804 040100;4065.145000;4066.655000;4064.785000;4066.655000;0
20260804 040200;4066.625000;4068.155000;4066.625000;4067.445000;0
20260804 040300;4067.485000;4072.765000;4067.265000;4071.635000;0
20260804 040400;4071.525000;4072.055000;4069.645000;4069.755000;0
20260804 040500;4069.745000;4070.175000;4068.505000;4068.985000;0
20260804 040600;4068.985000;4070.635000;4068.985000;4070.005000;0
20260804 040700;4070.165000;4070.965000;4069.845000;4070.465000;0
20260804 040800;4070.525000;4070.625000;4068.995000;4069.955000;0
20260804 040900;4069.915000;4070.275000;4068.965000;4069.035000;0
20260804 041000;4069.015000;4069.285000;4067.965000;4068.875000;0
20260804 041100;4068.895000;4071.085000;4068.515000;4070.365000;0
20260804 041200;4070.155000;4070.915000;4069.065000;4069.265000;0
20260804 041300;4069.285000;4069.625000;4068.875000;4068.875000;0
20260804 041400;4068.755000;4069.285000;4067.875000;4068.015000;0
20260804 041500;4067.855000;4068.045000;4066.925000;4067.445000;0
20260804 041600;4067.545000;4068.585000;4067.185000;4068.325000;0
20260804 041700;4068.235000;4068.235000;4066.945000;4067.255000;0
20260804 041800;4067.175000;4067.645000;4066.705000;4067.305000;0
20260804 041900;4067.435000;4067.865000;4066.325000;4066.855000;0
20260804 042000;4066.735000;4066.985000;4066.345000;4066.935000;0
20260804 042100;4066.905000;4066.965000;4065.805000;4066.505000;0
20260804 042200;4066.505000;4066.685000;4062.825000;4063.245000;0
20260804 042300;4063.185000;4063.385000;4061.365000;4062.355000;0
20260804 042400;4062.355000;4062.825000;4062.015000;4062.655000;0
20260804 042500;4062.645000;4062.715000;4060.785000;4061.325000;0
20260804 042600;4061.365000;4062.495000;4061.325000;4061.625000;0
20260804 042700;4061.655000;4061.655000;4060.175000;4060.935000;0
20260804 042800;4060.955000;4061.855000;4060.295000;4061.855000;0
20260804 042900;4061.705000;4063.355000;4061.675000;4063.255000;0
20260804 043000;4063.085000;4064.245000;4062.805000;4062.855000;0
20260804 043100;4062.935000;4063.855000;4062.505000;4063.275000;0
20260804 043200;4063.105000;4063.295000;4061.085000;4061.185000;0
20260804 043300;4061.155000;4062.725000;4060.825000;4062.355000;0
20260804 043400;4062.345000;4063.505000;4062.195000;4062.485000;0
20260804 043500;4062.535000;4064.445000;4061.805000;4063.195000;0
20260804 043600;4063.195000;4063.195000;4059.825000;4060.575000;0
20260804 043700;4060.515000;4060.995000;4060.395000;4060.675000;0
20260804 043800;4060.755000;4060.775000;4059.305000;4059.755000;0
20260804 043900;4059.885000;4060.085000;4058.365000;4058.765000;0
20260804 044000;4058.755000;4059.735000;4058.265000;4059.725000;0
20260804 044100;4059.725000;4059.845000;4058.295000;4058.305000;0
20260804 044200;4058.255000;4059.755000;4058.245000;4058.715000;0
20260804 044300;4058.765000;4059.185000;4058.335000;4058.945000;0
20260804 044400;4058.935000;4059.505000;4058.895000;4059.235000;0
20260804 044500;4059.155000;4059.435000;4057.745000;4058.375000;0
20260804 044600;4058.475000;4058.475000;4055.945000;4057.165000;0
20260804 044700;4056.935000;4057.305000;4056.155000;4056.695000;0
20260804 044800;4056.815000;4057.055000;4055.565000;4056.195000;0
20260804 044900;4056.105000;4056.485000;4055.885000;4056.005000;0
20260804 045000;4056.075000;4057.195000;4055.865000;4056.545000;0
20260804 045100;4056.485000;4056.635000;4055.375000;4056.005000;0
20260804 045200;4056.215000;4056.355000;4054.945000;4056.175000;0
20260804 045300;4056.065000;4056.905000;4055.985000;4056.535000;0
20260804 045400;4056.505000;4056.725000;4055.995000;4056.185000;0
20260804 045500;4056.215000;4056.215000;4055.555000;4055.555000;0
20260804 045600;4055.445000;4055.915000;4054.735000;4054.765000;0
20260804 045700;4054.405000;4055.275000;4054.315000;4054.885000;0
20260804 045800;4054.915000;4055.505000;4054.805000;4054.885000;0
20260804 045900;4054.845000;4055.275000;4054.515000;4054.905000;0
20260804 050000;4054.795000;4054.995000;4053.815000;4054.135000;0
20260804 050100;4054.265000;4055.065000;4053.855000;4054.355000;0
20260804 050200;4054.355000;4055.205000;4053.565000;4053.765000;0
20260804 050300;4053.735000;4053.735000;4052.705000;4053.255000;0
20260804 050400;4053.295000;4053.475000;4052.905000;4053.135000;0
20260804 050500;4053.145000;4053.405000;4052.205000;4052.595000;0
20260804 050600;4052.635000;4052.635000;4050.925000;4051.195000;0
20260804 050700;4051.195000;4051.895000;4050.585000;4050.735000;0
20260804 050800;4050.765000;4051.385000;4050.305000;4050.405000;0
20260804 050900;4050.515000;4051.975000;4050.385000;4050.975000;0
20260804 051000;4050.925000;4051.135000;4048.845000;4049.085000;0
20260804 051100;4049.045000;4049.315000;4048.305000;4048.565000;0
20260804 051200;4048.565000;4049.295000;4048.505000;4049.175000;0
20260804 051300;4049.175000;4050.055000;4049.005000;4050.045000;0
20260804 051400;4050.015000;4051.145000;4049.735000;4050.525000;0
20260804 051500;4050.335000;4050.765000;4049.595000;4049.775000;0
20260804 051600;4049.725000;4051.275000;4049.585000;4050.675000;0
20260804 051700;4050.645000;4051.235000;4050.255000;4050.855000;0
20260804 051800;4050.825000;4051.925000;4050.825000;4051.695000;0
20260804 051900;4051.645000;4051.665000;4050.625000;4050.715000;0
20260804 052000;4050.695000;4051.715000;4050.245000;4050.755000;0
20260804 052100;4050.755000;4051.005000;4049.065000;4049.575000;0
20260804 052200;4049.515000;4049.895000;4048.495000;4049.175000;0
20260804 052300;4049.215000;4050.825000;4049.065000;4050.195000;0
20260804 052400;4050.165000;4050.795000;4050.015000;4050.455000;0
20260804 052500;4050.455000;4051.115000;4049.805000;4051.045000;0
20260804 052600;4050.985000;4051.075000;4049.925000;4050.855000;0
20260804 052700;4050.855000;4051.055000;4049.305000;4049.835000;0
20260804 052800;4049.835000;4051.625000;4049.835000;4051.625000;0
20260804 052900;4051.535000;4051.645000;4049.685000;4050.195000;0
20260804 053000;4050.255000;4050.815000;4049.165000;4049.655000;0
20260804 053100;4049.685000;4050.445000;4048.805000;4050.035000;0
20260804 053200;4050.105000;4050.435000;4048.985000;4050.435000;0
20260804 053300;4050.445000;4051.095000;4050.165000;4050.675000;0
20260804 053400;4050.745000;4051.045000;4048.935000;4049.335000;0
20260804 053500;4049.435000;4049.485000;4045.815000;4047.065000;0
20260804 053600;4047.165000;4047.865000;4047.015000;4047.455000;0
20260804 053700;4047.345000;4047.375000;4046.695000;4046.815000;0
20260804 053800;4046.945000;4047.365000;4046.755000;4047.005000;0
20260804 053900;4047.095000;4047.455000;4046.875000;4047.455000;0
20260804 054000;4047.645000;4048.365000;4047.575000;4047.665000;0
20260804 054100;4047.775000;4049.315000;4047.775000;4049.315000;0
20260804 054200;4049.295000;4049.875000;4048.755000;4048.935000;0
20260804 054300;4048.895000;4049.875000;4048.895000;4049.785000;0
20260804 054400;4049.805000;4050.305000;4049.455000;4050.205000;0
20260804 054500;4050.165000;4050.235000;4047.995000;4049.105000;0
20260804 054600;4048.995000;4049.085000;4047.825000;4048.235000;0
20260804 054700;4048.285000;4049.465000;4048.245000;4049.105000;0
20260804 054800;4049.205000;4050.795000;4049.195000;4050.525000;0
20260804 054900;4050.525000;4050.595000;4049.885000;4049.995000;0
20260804 055000;4049.945000;4050.215000;4049.275000;4049.325000;0
20260804 055100;4049.295000;4049.415000;4048.545000;4048.775000;0
20260804 055200;4048.785000;4049.085000;4047.715000;4048.415000;0
20260804 055300;4048.425000;4048.675000;4047.605000;4048.235000;0
20260804 055400;4048.165000;4048.435000;4047.885000;4048.005000;0
20260804 055500;4047.965000;4048.145000;4047.165000;4047.855000;0
20260804 055600;4047.815000;4048.565000;4047.775000;4048.245000;0
20260804 055700;4048.225000;4049.065000;4048.165000;4048.915000;0
20260804 055800;4049.005000;4049.665000;4048.655000;4049.255000;0
20260804 055900;4049.295000;4049.665000;4049.005000;4049.665000;0
20260804 060000;4049.765000;4049.775000;4048.485000;4048.835000;0
20260804 060100;4048.775000;4049.245000;4048.165000;4048.995000;0
20260804 060200;4048.995000;4049.565000;4048.725000;4049.245000;0
20260804 060300;4049.235000;4049.575000;4048.225000;4049.155000;0
20260804 060400;4049.145000;4049.685000;4049.075000;4049.685000;0
20260804 060500;4049.635000;4049.765000;4048.865000;4048.885000;0
20260804 060600;4048.885000;4049.015000;4047.365000;4048.075000;0
20260804 060700;4047.965000;4048.525000;4047.805000;4048.065000;0
20260804 060800;4048.025000;4048.165000;4047.095000;4047.455000;0
20260804 060900;4047.455000;4047.835000;4046.935000;4046.975000;0
20260804 061000;4046.945000;4047.565000;4046.775000;4046.915000;0
20260804 061100;4047.025000;4048.185000;4047.025000;4048.045000;0
20260804 061200;4048.005000;4048.355000;4047.915000;4048.035000;0
20260804 061300;4048.045000;4048.385000;4047.965000;4048.135000;0
20260804 061400;4048.135000;4049.245000;4048.135000;4048.865000;0
20260804 061500;4048.865000;4049.455000;4048.225000;4048.225000;0
20260804 061600;4048.195000;4048.265000;4047.000000;4047.000000;0
20260804 061700;4047.000000;4047.000000;4045.385000;4045.655000;0
20260804 061800;4045.715000;4048.045000;4045.535000;4048.045000;0
20260804 061900;4048.005000;4048.275000;4047.525000;4048.085000;0
20260804 062000;4048.085000;4048.085000;4047.335000;4047.705000;0
20260804 062100;4047.785000;4048.815000;4047.785000;4048.475000;0
20260804 062200;4048.475000;4049.095000;4048.215000;4048.305000;0
20260804 062300;4048.265000;4048.305000;4047.605000;4047.645000;0
20260804 062400;4047.645000;4048.275000;4047.425000;4048.275000;0
20260804 062500;4048.145000;4048.425000;4047.635000;4048.315000;0
20260804 062600;4048.225000;4049.235000;4048.225000;4048.975000;0
20260804 062700;4049.105000;4049.785000;4049.005000;4049.255000;0
20260804 062800;4049.185000;4049.395000;4048.595000;4048.765000;0
20260804 062900;4048.755000;4048.965000;4048.475000;4048.955000;0
20260804 063000;4049.075000;4050.645000;4048.945000;4050.645000;0
20260804 063100;4050.865000;4051.335000;4049.835000;4050.035000;0
20260804 063200;4050.165000;4051.025000;4049.825000;4050.865000;0
20260804 063300;4050.925000;4051.455000;4050.645000;4050.865000;0
20260804 063400;4050.885000;4051.315000;4050.065000;4050.145000;0
20260804 063500;4050.055000;4050.245000;4049.455000;4050.155000;0
20260804 063600;4050.125000;4050.225000;4049.475000;4050.085000;0
20260804 063700;4050.065000;4050.465000;4049.945000;4050.195000;0
20260804 063800;4050.095000;4050.095000;4048.595000;4048.945000;0
20260804 063900;4048.955000;4049.175000;4048.775000;4048.835000;0
20260804 064000;4048.805000;4049.195000;4048.445000;4049.015000;0
20260804 064100;4049.015000;4049.685000;4048.885000;4049.475000;0
20260804 064200;4049.375000;4049.855000;4048.045000;4048.045000;0
20260804 064300;4048.045000;4048.405000;4047.555000;4047.815000;0
20260804 064400;4047.815000;4053.805000;4046.325000;4052.555000;0
20260804 064500;4052.505000;4057.945000;4052.335000;4056.615000;0
20260804 064600;4056.305000;4058.615000;4055.385000;4057.965000;0
20260804 064700;4057.975000;4060.385000;4056.435000;4059.445000;0
20260804 064800;4059.445000;4060.545000;4058.135000;4058.625000;0
20260804 064900;4058.705000;4060.015000;4057.485000;4058.035000;0
20260804 065000;4058.025000;4058.225000;4055.365000;4055.675000;0
20260804 065100;4055.675000;4055.835000;4054.045000;4054.105000;0
20260804 065200;4054.105000;4056.585000;4053.845000;4056.265000;0
20260804 065300;4056.265000;4056.275000;4053.745000;4053.805000;0
20260804 065400;4054.035000;4055.145000;4053.215000;4054.855000;0
20260804 065500;4054.855000;4055.525000;4054.175000;4055.385000;0
20260804 065600;4055.385000;4055.935000;4054.685000;4054.865000;0
20260804 065700;4054.705000;4054.995000;4053.435000;4053.635000;0
20260804 065800;4053.605000;4054.925000;4053.065000;4054.625000;0
20260804 065900;4054.625000;4054.745000;4053.435000;4053.615000;0
20260804 070000;4053.635000;4055.305000;4052.535000;4052.735000;0
20260804 070100;4052.795000;4053.975000;4052.335000;4052.925000;0
20260804 070200;4052.845000;4053.875000;4052.845000;4053.445000;0
20260804 070300;4053.315000;4054.785000;4053.295000;4054.015000;0
20260804 070400;4054.015000;4055.575000;4054.015000;4054.895000;0
20260804 070500;4054.965000;4054.985000;4053.275000;4053.355000;0
20260804 070600;4053.225000;4053.955000;4052.175000;4053.845000;0
20260804 070700;4053.845000;4053.845000;4052.885000;4053.065000;0
20260804 070800;4053.025000;4053.585000;4052.675000;4053.455000;0
20260804 070900;4053.455000;4055.505000;4053.105000;4054.965000;0
20260804 071000;4054.995000;4055.845000;4053.775000;4055.845000;0
20260804 071100;4055.925000;4056.095000;4055.215000;4055.615000;0
20260804 071200;4055.705000;4057.065000;4055.705000;4056.455000;0
20260804 071300;4056.345000;4057.445000;4056.225000;4057.435000;0
20260804 071400;4057.365000;4058.625000;4056.215000;4056.455000;0
20260804 071500;4056.475000;4057.655000;4056.105000;4056.865000;0
20260804 071600;4056.925000;4057.375000;4056.735000;4057.185000;0
20260804 071700;4057.205000;4057.445000;4056.605000;4056.735000;0
20260804 071800;4056.595000;4057.165000;4056.135000;4056.515000;0
20260804 071900;4056.515000;4056.545000;4055.605000;4055.605000;0
20260804 072000;4055.425000;4056.755000;4055.255000;4056.205000;0
20260804 072100;4056.265000;4058.035000;4056.195000;4057.945000;0
20260804 072200;4057.955000;4058.495000;4057.445000;4058.435000;0
20260804 072300;4058.285000;4058.655000;4057.825000;4058.545000;0
20260804 072400;4058.395000;4059.055000;4058.085000;4058.315000;0
20260804 072500;4058.315000;4060.135000;4058.205000;4059.725000;0
20260804 072600;4059.695000;4059.805000;4057.955000;4058.465000;0
20260804 072700;4058.465000;4059.745000;4058.305000;4059.735000;0
20260804 072800;4059.635000;4060.575000;4059.635000;4060.105000;0
20260804 072900;4060.035000;4060.935000;4059.935000;4060.625000;0
20260804 073000;4060.805000;4061.625000;4059.855000;4061.505000;0
20260804 073100;4061.455000;4063.175000;4060.795000;4062.715000;0
20260804 073200;4063.045000;4064.785000;4062.675000;4064.405000;0
20260804 073300;4064.405000;4064.495000;4063.025000;4063.635000;0
20260804 073400;4063.545000;4063.655000;4061.815000;4062.115000;0
20260804 073500;4062.185000;4062.965000;4061.715000;4062.475000;0
20260804 073600;4062.575000;4062.825000;4061.435000;4061.985000;0
20260804 073700;4061.985000;4062.465000;4061.595000;4062.125000;0
20260804 073800;4062.125000;4062.885000;4060.985000;4061.925000;0
20260804 073900;4061.925000;4064.165000;4061.355000;4063.405000;0
20260804 074000;4063.445000;4063.495000;4061.565000;4061.745000;0
20260804 074100;4061.785000;4061.955000;4060.255000;4060.725000;0
20260804 074200;4060.765000;4061.245000;4059.695000;4060.145000;0
20260804 074300;4060.145000;4066.375000;4059.795000;4064.975000;0
20260804 074400;4064.915000;4070.465000;4063.055000;4069.455000;0
20260804 074500;4069.415000;4070.135000;4066.965000;4069.265000;0
20260804 074600;4069.375000;4070.355000;4068.435000;4068.935000;0
20260804 074700;4068.935000;4074.065000;4068.755000;4073.375000;0
20260804 074800;4073.475000;4079.635000;4073.475000;4076.825000;0
20260804 074900;4077.085000;4077.765000;4073.845000;4076.065000;0
20260804 075000;4076.045000;4076.885000;4073.975000;4075.825000;0
20260804 075100;4075.825000;4081.345000;4074.525000;4081.335000;0
20260804 075200;4081.295000;4084.115000;4075.895000;4075.955000;0
20260804 075300;4075.835000;4079.375000;4075.655000;4076.315000;0
20260804 075400;4076.205000;4076.875000;4075.215000;4075.735000;0
20260804 075500;4075.655000;4076.005000;4070.875000;4071.205000;0
20260804 075600;4071.245000;4072.085000;4069.955000;4071.705000;0
20260804 075700;4071.575000;4072.195000;4068.955000;4070.315000;0
20260804 075800;4070.435000;4072.055000;4069.705000;4072.055000;0
20260804 075900;4072.005000;4075.475000;4071.925000;4074.815000;0
20260804 080000;4074.975000;4075.855000;4069.535000;4069.885000;0
20260804 080100;4069.865000;4070.155000;4065.695000;4066.055000;0
20260804 080200;4065.925000;4069.345000;4065.925000;4069.155000;0
20260804 080300;4069.175000;4070.035000;4067.085000;4067.525000;0
20260804 080400;4067.645000;4068.815000;4067.275000;4068.195000;0
20260804 080500;4068.405000;4070.145000;4067.845000;4069.135000;0
20260804 080600;4069.075000;4069.225000;4066.605000;4066.965000;0
20260804 080700;4066.945000;4067.275000;4063.545000;4064.155000;0
20260804 080800;4064.115000;4064.165000;4062.545000;4063.735000;0
20260804 080900;4063.735000;4065.075000;4062.625000;4063.165000;0
20260804 081000;4063.195000;4064.215000;4062.655000;4062.705000;0
20260804 081100;4062.655000;4064.225000;4061.875000;4063.695000;0
20260804 081200;4063.535000;4064.145000;4061.775000;4062.675000;0
20260804 081300;4062.635000;4062.715000;4060.715000;4060.965000;0
20260804 081400;4061.285000;4062.465000;4060.825000;4061.935000;0
20260804 081500;4061.995000;4063.295000;4060.915000;4061.105000;0
20260804 081600;4061.245000;4062.725000;4061.145000;4062.535000;0
20260804 081700;4062.505000;4064.385000;4062.245000;4063.465000;0
20260804 081800;4063.525000;4065.245000;4063.045000;4065.055000;0
20260804 081900;4064.965000;4065.615000;4064.195000;4065.495000;0
20260804 082000;4065.495000;4067.645000;4065.115000;4066.495000;0
20260804 082100;4066.285000;4067.815000;4066.275000;4067.815000;0
20260804 082200;4067.735000;4068.535000;4066.335000;4067.305000;0
20260804 082300;4067.255000;4068.565000;4065.895000;4068.135000;0
20260804 082400;4068.165000;4068.805000;4066.135000;4066.755000;0
20260804 082500;4066.865000;4070.165000;4066.675000;4069.145000;0
20260804 082600;4069.035000;4069.695000;4067.475000;4067.695000;0
20260804 082700;4067.665000;4069.685000;4067.185000;4068.445000;0
20260804 082800;4068.395000;4068.395000;4066.105000;4067.565000;0
20260804 082900;4067.445000;4068.195000;4066.715000;4067.865000;0
20260804 083000;4068.025000;4072.925000;4068.025000;4072.805000;0
20260804 083100;4072.705000;4075.015000;4072.355000;4073.225000;0
20260804 083200;4073.265000;4074.315000;4072.625000;4073.825000;0
20260804 083300;4074.015000;4074.805000;4072.505000;4072.725000;0
20260804 083400;4072.765000;4076.235000;4072.595000;4076.065000;0
20260804 083500;4076.095000;4083.215000;4075.425000;4082.965000;0
20260804 083600;4083.115000;4083.495000;4078.965000;4079.575000;0
20260804 083700;4079.625000;4081.805000;4079.445000;4080.555000;0
20260804 083800;4080.655000;4082.525000;4079.885000;4080.235000;0
20260804 083900;4080.485000;4082.745000;4080.205000;4082.325000;0
20260804 084000;4082.375000;4084.265000;4081.435000;4081.905000;0
20260804 084100;4081.575000;4082.595000;4081.035000;4081.175000;0
20260804 084200;4081.155000;4081.905000;4079.085000;4081.905000;0
20260804 084300;4082.095000;4083.475000;4079.265000;4079.515000;0
20260804 084400;4079.475000;4079.765000;4077.775000;4077.885000;0
20260804 084500;4077.885000;4079.145000;4076.185000;4076.755000;0
20260804 084600;4076.795000;4078.285000;4076.035000;4077.135000;0
20260804 084700;4077.015000;4078.175000;4076.805000;4078.145000;0
20260804 084800;4078.025000;4078.445000;4077.355000;4077.675000;0
20260804 084900;4077.675000;4078.275000;4075.255000;4075.965000;0
20260804 085000;4076.085000;4076.805000;4075.315000;4076.805000;0
20260804 085100;4076.815000;4077.395000;4075.285000;4075.835000;0
20260804 085200;4075.705000;4076.105000;4074.555000;4074.805000;0
20260804 085300;4074.975000;4075.335000;4073.335000;4073.415000;0
20260804 085400;4073.375000;4074.675000;4073.125000;4073.835000;0
20260804 085500;4073.725000;4074.945000;4073.295000;4074.775000;0
20260804 085600;4074.765000;4075.545000;4073.755000;4073.755000;0
20260804 085700;4073.555000;4073.675000;4071.775000;4072.165000;0
20260804 085800;4072.305000;4072.305000;4069.355000;4069.355000;0
20260804 085900;4069.415000;4071.245000;4069.275000;4070.685000;0
20260804 090000;4070.815000;4071.525000;4067.585000;4069.795000;0
20260804 090100;4069.795000;4070.475000;4068.595000;4069.125000;0
20260804 090200;4069.125000;4069.365000;4066.635000;4067.045000;0
20260804 090300;4067.015000;4067.585000;4065.985000;4066.665000;0
20260804 090400;4066.605000;4067.075000;4062.525000;4063.865000;0
20260804 090500;4063.925000;4064.765000;4062.415000;4062.995000;0
20260804 090600;4063.115000;4063.705000;4060.945000;4063.505000;0
20260804 090700;4063.265000;4065.875000;4063.145000;4064.965000;0
20260804 090800;4064.965000;4065.255000;4063.635000;4063.755000;0
20260804 090900;4063.765000;4064.445000;4063.345000;4064.305000;0
20260804 091000;4064.295000;4066.325000;4063.335000;4065.465000;0
20260804 091100;4065.565000;4066.305000;4063.555000;4063.615000;0
20260804 091200;4063.565000;4064.825000;4063.265000;4064.085000;0
20260804 091300;4063.995000;4064.165000;4062.785000;4063.075000;0
20260804 091400;4063.075000;4063.985000;4061.925000;4063.685000;0
20260804 091500;4063.835000;4065.235000;4063.835000;4064.305000;0
20260804 091600;4064.295000;4064.835000;4063.665000;4063.915000;0
20260804 091700;4063.855000;4064.015000;4062.205000;4063.115000;0
20260804 091800;4063.195000;4063.865000;4062.665000;4063.865000;0
20260804 091900;4063.765000;4063.765000;4062.605000;4063.585000;0
20260804 092000;4063.635000;4073.755000;4063.355000;4072.645000;0
20260804 092100;4072.565000;4075.575000;4070.605000;4075.125000;0
20260804 092200;4075.075000;4082.065000;4074.125000;4079.845000;0
20260804 092300;4079.935000;4091.075000;4078.845000;4087.365000;0
20260804 092400;4087.415000;4090.015000;4081.135000;4081.185000;0
20260804 092500;4080.985000;4081.715000;4078.665000;4079.645000;0
20260804 092600;4079.685000;4081.915000;4079.095000;4079.455000;0
20260804 092700;4079.475000;4081.185000;4079.045000;4079.055000;0
20260804 092800;4079.275000;4079.905000;4077.405000;4078.245000;0
20260804 092900;4078.105000;4079.575000;4077.855000;4078.385000;0
20260804 093000;4078.385000;4084.415000;4078.145000;4082.855000;0
20260804 093100;4082.395000;4082.665000;4075.945000;4076.445000;0
20260804 093200;4076.535000;4077.825000;4075.815000;4077.115000;0
20260804 093300;4077.095000;4081.365000;4076.385000;4080.645000;0
20260804 093400;4080.695000;4084.675000;4080.695000;4083.045000;0
20260804 093500;4083.095000;4087.415000;4082.905000;4086.685000;0
20260804 093600;4086.835000;4088.835000;4084.565000;4084.675000;0
20260804 093700;4084.755000;4085.395000;4082.725000;4083.385000;0
20260804 093800;4083.425000;4087.025000;4083.285000;4085.755000;0
20260804 093900;4085.815000;4088.255000;4085.065000;4088.255000;0
20260804 094000;4088.385000;4090.115000;4086.975000;4087.725000;0
20260804 094100;4087.765000;4091.405000;4087.765000;4088.535000;0
20260804 094200;4088.465000;4089.455000;4086.585000;4087.935000;0
20260804 094300;4087.925000;4088.635000;4085.965000;4087.075000;0
20260804 094400;4086.975000;4086.975000;4083.145000;4083.245000;0
20260804 094500;4083.145000;4085.505000;4082.935000;4084.745000;0
20260804 094600;4084.775000;4085.565000;4081.525000;4082.595000;0
20260804 094700;4082.615000;4086.165000;4082.475000;4086.165000;0
20260804 094800;4086.005000;4092.415000;4085.845000;4092.375000;0
20260804 094900;4092.275000;4093.595000;4090.465000;4092.555000;0
20260804 095000;4092.435000;4094.055000;4090.605000;4090.855000;0
20260804 095100;4090.885000;4091.925000;4089.725000;4089.755000;0
20260804 095200;4089.785000;4090.395000;4088.325000;4088.335000;0
20260804 095300;4088.375000;4089.265000;4086.375000;4089.265000;0
20260804 095400;4089.265000;4089.685000;4086.365000;4086.535000;0
20260804 095500;4086.625000;4087.145000;4084.015000;4084.485000;0
20260804 095600;4084.385000;4086.685000;4083.675000;4086.035000;0
20260804 095700;4086.115000;4086.115000;4083.755000;4084.775000;0
20260804 095800;4084.925000;4085.375000;4083.015000;4084.705000;0
20260804 095900;4084.965000;4084.965000;4083.615000;4083.685000;0
20260804 100000;4083.745000;4086.245000;4083.415000;4084.705000;0
20260804 100100;4084.595000;4086.025000;4082.785000;4085.875000;0
20260804 100200;4085.995000;4088.505000;4085.375000;4087.525000;0
20260804 100300;4087.555000;4090.395000;4086.315000;4089.535000;0
20260804 100400;4089.545000;4090.265000;4087.625000;4087.725000;0
20260804 100500;4087.685000;4088.735000;4086.785000;4087.565000;0
20260804 100600;4087.515000;4088.145000;4085.235000;4087.995000;0
20260804 100700;4088.005000;4088.195000;4086.135000;4087.605000;0
20260804 100800;4087.585000;4090.465000;4086.575000;4090.205000;0
20260804 100900;4090.285000;4090.745000;4088.995000;4089.685000;0
20260804 101000;4089.685000;4089.905000;4088.325000;4088.965000;0
20260804 101100;4088.965000;4090.395000;4088.875000;4090.055000;0
20260804 101200;4090.165000;4091.185000;4088.445000;4090.075000;0
20260804 101300;4089.985000;4091.305000;4089.645000;4089.905000;0
20260804 101400;4089.985000;4090.355000;4088.295000;4090.005000;0
20260804 101500;4089.965000;4091.755000;4089.875000;4089.875000;0
20260804 101600;4089.885000;4090.085000;4086.675000;4086.935000;0
20260804 101700;4086.995000;4086.995000;4082.845000;4083.045000;0
20260804 101800;4083.045000;4085.255000;4082.215000;4085.255000;0
20260804 101900;4085.255000;4085.365000;4082.585000;4083.265000;0
20260804 102000;4083.265000;4084.775000;4081.685000;4083.925000;0
20260804 102100;4083.785000;4084.455000;4082.445000;4083.545000;0
20260804 102200;4083.545000;4083.815000;4082.185000;4082.555000;0
20260804 102300;4082.555000;4082.705000;4080.455000;4081.395000;0
20260804 102400;4081.645000;4082.505000;4081.055000;4081.745000;0
20260804 102500;4081.635000;4082.475000;4081.145000;4081.795000;0
20260804 102600;4081.895000;4084.115000;4081.695000;4083.965000;0
20260804 102700;4083.995000;4086.585000;4083.835000;4085.795000;0
20260804 102800;4085.735000;4085.905000;4084.245000;4085.225000;0
20260804 102900;4085.225000;4085.935000;4083.425000;4083.605000;0
20260804 103000;4083.705000;4083.735000;4079.585000;4080.825000;0
20260804 103100;4081.005000;4085.205000;4080.555000;4084.625000;0
20260804 103200;4084.625000;4086.705000;4084.325000;4085.475000;0
20260804 103300;4085.665000;4086.265000;4082.335000;4083.845000;0
20260804 103400;4083.845000;4083.845000;4076.935000;4077.415000;0
20260804 103500;4077.545000;4079.085000;4076.375000;4078.625000;0
20260804 103600;4078.535000;4078.805000;4076.915000;4076.945000;0
20260804 103700;4076.935000;4078.465000;4074.955000;4076.275000;0
20260804 103800;4076.275000;4084.000000;4074.215000;4077.555000;0
20260804 103900;4077.425000;4078.935000;4076.585000;4078.905000;0
20260804 104000;4078.555000;4080.645000;4077.385000;4079.865000;0
20260804 104100;4079.705000;4079.945000;4078.695000;4078.935000;0
20260804 104200;4078.965000;4078.985000;4076.555000;4077.295000;0
20260804 104300;4077.305000;4078.705000;4076.645000;4078.505000;0
20260804 104400;4078.485000;4080.205000;4078.145000;4079.735000;0
20260804 104500;4079.505000;4079.965000;4077.885000;4078.815000;0
20260804 104600;4078.835000;4081.065000;4078.645000;4080.275000;0
20260804 104700;4080.145000;4080.505000;4078.005000;4078.975000;0
20260804 104800;4078.875000;4079.945000;4077.605000;4079.835000;0
20260804 104900;4079.965000;4081.015000;4079.385000;4080.385000;0
20260804 105000;4080.225000;4083.415000;4080.085000;4082.665000;0
20260804 105100;4082.585000;4083.865000;4081.995000;4083.145000;0
20260804 105200;4083.035000;4083.735000;4081.825000;4081.875000;0
20260804 105300;4081.755000;4082.485000;4081.655000;4081.875000;0
20260804 105400;4081.825000;4084.415000;4081.225000;4083.835000;0
20260804 105500;4083.825000;4084.045000;4082.365000;4082.775000;0
20260804 105600;4082.775000;4084.295000;4082.395000;4082.575000;0
20260804 105700;4082.585000;4083.845000;4081.715000;4083.495000;0
20260804 105800;4083.465000;4084.525000;4083.385000;4084.225000;0
20260804 105900;4084.265000;4084.605000;4083.035000;4083.365000;0
20260804 110000;4083.485000;4083.595000;4081.415000;4081.945000;0
20260804 110100;4082.015000;4083.875000;4082.015000;4083.645000;0
20260804 110200;4083.605000;4083.895000;4081.735000;4082.015000;0
20260804 110300;4081.995000;4082.925000;4080.945000;4081.695000;0
20260804 110400;4081.745000;4082.595000;4080.905000;4081.515000;0
20260804 110500;4081.365000;4081.795000;4080.475000;4080.955000;0
20260804 110600;4080.995000;4082.445000;4080.515000;4082.375000;0
20260804 110700;4082.565000;4083.065000;4080.595000;4080.845000;0
20260804 110800;4080.845000;4081.235000;4079.395000;4080.955000;0
20260804 110900;4080.905000;4084.985000;4080.485000;4084.635000;0
20260804 111000;4084.765000;4085.315000;4082.985000;4083.385000;0
20260804 111100;4083.415000;4085.085000;4082.945000;4084.965000;0
20260804 111200;4084.955000;4085.275000;4083.655000;4084.875000;0
20260804 111300;4084.835000;4085.445000;4083.765000;4084.235000;0
20260804 111400;4084.235000;4085.055000;4083.565000;4083.925000;0
20260804 111500;4083.945000;4084.275000;4082.585000;4082.745000;0
20260804 111600;4082.555000;4082.865000;4079.145000;4079.165000;0
20260804 111700;4079.255000;4079.565000;4076.995000;4077.475000;0
20260804 111800;4077.255000;4077.585000;4076.355000;4076.945000;0
20260804 111900;4076.855000;4077.605000;4075.765000;4076.535000;0
20260804 112000;4076.415000;4077.695000;4076.075000;4076.315000;0
20260804 112100;4076.155000;4077.485000;4075.035000;4076.575000;0
20260804 112200;4076.525000;4077.685000;4076.215000;4076.985000;0
20260804 112300;4077.105000;4077.375000;4074.465000;4075.535000;0
20260804 112400;4075.605000;4076.685000;4075.145000;4076.015000;0
20260804 112500;4076.035000;4076.625000;4075.095000;4076.135000;0
20260804 112600;4076.265000;4077.255000;4075.745000;4076.985000;0
20260804 112700;4077.015000;4077.475000;4075.815000;4076.955000;0
20260804 112800;4076.955000;4077.955000;4076.265000;4076.325000;0
20260804 112900;4076.265000;4076.265000;4076.265000;4076.265000;0
20260804 112800;4076.365000;4076.365000;4076.365000;4076.365000;0
20260804 112900;4076.315000;4078.285000;4076.295000;4078.125000;0
20260804 113000;4078.135000;4079.705000;4077.625000;4078.455000;0
20260804 113100;4078.555000;4078.555000;4077.775000;4078.295000;0
20260804 113200;4078.595000;4079.925000;4077.895000;4078.585000;0
20260804 113300;4078.505000;4079.165000;4077.555000;4077.555000;0
20260804 113400;4077.565000;4078.475000;4076.545000;4077.425000;0
20260804 113500;4077.355000;4078.005000;4076.335000;4077.665000;0
20260804 113600;4077.565000;4078.275000;4077.025000;4077.885000;0
20260804 113700;4077.915000;4079.485000;4077.565000;4078.645000;0
20260804 113800;4078.725000;4086.585000;4078.095000;4083.785000;0
20260804 113900;4083.795000;4086.715000;4082.515000;4083.365000;0
20260804 114000;4083.365000;4087.015000;4083.225000;4085.925000;0
20260804 114100;4085.705000;4086.005000;4084.595000;4085.045000;0
20260804 114200;4085.045000;4085.305000;4084.195000;4084.745000;0
20260804 114300;4084.635000;4085.115000;4083.795000;4084.195000;0
20260804 114400;4084.385000;4084.655000;4083.295000;4083.785000;0
20260804 114500;4083.745000;4085.535000;4083.255000;4083.855000;0
20260804 114600;4084.055000;4084.055000;4082.855000;4083.285000;0
20260804 114700;4083.135000;4083.605000;4082.635000;4082.635000;0
20260804 114800;4082.635000;4084.195000;4082.635000;4083.655000;0
20260804 114900;4083.765000;4084.495000;4082.785000;4083.055000;0
20260804 115000;4083.015000;4086.565000;4083.015000;4086.005000;0
20260804 115100;4085.975000;4086.025000;4084.325000;4084.875000;0
20260804 115200;4084.975000;4087.365000;4084.675000;4087.365000;0
20260804 115300;4087.445000;4087.825000;4086.415000;4086.845000;0
20260804 115400;4087.005000;4087.625000;4086.395000;4087.285000;0
20260804 115500;4087.225000;4088.125000;4085.745000;4087.675000;0
20260804 115600;4087.655000;4088.675000;4087.055000;4087.395000;0
20260804 115700;4087.395000;4087.775000;4086.715000;4087.135000;0
20260804 115800;4087.175000;4088.035000;4087.005000;4087.995000;0
20260804 115900;4087.875000;4088.145000;4086.735000;4087.155000;0
20260804 120000;4087.235000;4088.055000;4086.215000;4087.235000;0
20260804 120100;4087.115000;4088.385000;4085.865000;4086.375000;0
20260804 120200;4086.295000;4087.315000;4085.565000;4086.775000;0
20260804 120300;4086.815000;4087.375000;4085.645000;4086.535000;0
20260804 120400;4086.525000;4086.585000;4085.515000;4086.025000;0
20260804 120500;4086.395000;4086.805000;4084.335000;4084.585000;0
20260804 120600;4084.585000;4085.925000;4084.115000;4085.185000;0
20260804 120700;4085.065000;4085.905000;4084.755000;4085.885000;0
20260804 120800;4085.895000;4086.735000;4085.555000;4086.195000;0
20260804 120900;4086.175000;4086.855000;4085.815000;4086.565000;0
20260804 121000;4086.535000;4087.305000;4086.055000;4086.685000;0
20260804 121100;4086.835000;4087.275000;4084.765000;4084.815000;0
20260804 121200;4084.895000;4086.315000;4084.795000;4085.465000;0
20260804 121300;4085.535000;4086.785000;4085.185000;4085.375000;0
20260804 121400;4085.295000;4085.405000;4084.435000;4084.985000;0
20260804 121500;4085.125000;4085.245000;4084.495000;4084.785000;0
20260804 121600;4084.955000;4085.695000;4084.385000;4085.535000;0
20260804 121700;4085.535000;4085.675000;4084.475000;4085.305000;0
20260804 121800;4085.255000;4085.365000;4083.955000;4084.355000;0
20260804 121900;4084.355000;4084.695000;4082.855000;4083.445000;0
20260804 122000;4083.465000;4084.445000;4083.395000;4084.405000;0
20260804 122100;4084.255000;4085.835000;4083.965000;4085.635000;0
20260804 122200;4085.685000;4086.285000;4084.795000;4085.425000;0
20260804 122300;4085.375000;4086.615000;4085.135000;4086.425000;0
20260804 122400;4086.435000;4088.165000;4086.435000;4087.135000;0
20260804 122500;4087.155000;4087.185000;4085.925000;4086.775000;0
20260804 122600;4086.875000;4088.675000;4086.565000;4088.545000;0
20260804 122700;4088.545000;4089.435000;4088.315000;4089.345000;0
20260804 122800;4089.315000;4089.935000;4088.625000;4089.085000;0
20260804 122900;4089.065000;4089.665000;4087.365000;4087.485000;0
20260804 123000;4087.445000;4088.315000;4086.635000;4087.385000;0
20260804 123100;4087.315000;4088.385000;4087.275000;4087.795000;0
20260804 123200;4087.785000;4087.805000;4086.735000;4087.095000;0
20260804 123300;4087.095000;4087.875000;4086.975000;4087.715000;0
20260804 123400;4087.665000;4088.245000;4087.455000;4087.665000;0
20260804 123500;4087.625000;4087.625000;4086.955000;4087.075000;0
20260804 123600;4087.095000;4087.095000;4085.585000;4085.645000;0
20260804 123700;4085.635000;4086.305000;4085.505000;4085.625000;0
20260804 123800;4085.625000;4085.715000;4084.855000;4084.955000;0
20260804 123900;4085.225000;4085.855000;4085.185000;4085.625000;0
20260804 124000;4085.635000;4085.895000;4085.325000;4085.755000;0
20260804 124100;4085.755000;4085.845000;4085.215000;4085.785000;0
20260804 124200;4085.785000;4087.855000;4085.695000;4087.665000;0
20260804 124300;4087.665000;4088.895000;4087.135000;4088.685000;0
20260804 124400;4088.655000;4089.385000;4088.525000;4088.975000;0
20260804 124500;4089.015000;4090.865000;4088.485000;4089.885000;0
20260804 124600;4089.975000;4090.835000;4089.235000;4089.655000;0
20260804 124700;4089.655000;4090.075000;4089.015000;4089.655000;0
20260804 124800;4089.645000;4091.515000;4089.465000;4091.495000;0
20260804 124900;4091.505000;4093.385000;4091.205000;4092.635000;0
20260804 125000;4092.575000;4093.455000;4092.015000;4092.125000;0
20260804 125100;4092.145000;4092.965000;4092.035000;4092.435000;0
20260804 125200;4092.565000;4093.005000;4091.495000;4091.495000;0
20260804 125300;4091.685000;4091.685000;4090.945000;4091.175000;0
20260804 125400;4091.175000;4091.725000;4090.635000;4090.635000;0
20260804 125500;4090.565000;4092.095000;4089.975000;4091.625000;0
20260804 125600;4091.525000;4092.695000;4091.165000;4092.655000;0
20260804 125700;4092.435000;4093.375000;4092.295000;4092.705000;0
20260804 125800;4092.715000;4093.405000;4092.645000;4092.975000;0
20260804 125900;4092.975000;4093.445000;4092.225000;4093.195000;0
20260804 130000;4093.105000;4096.405000;4092.245000;4095.735000;0
20260804 130100;4095.955000;4097.845000;4095.835000;4096.215000;0
20260804 130200;4096.115000;4097.385000;4095.795000;4097.185000;0
20260804 130300;4097.195000;4100.275000;4097.185000;4099.285000;0
20260804 130400;4099.155000;4102.325000;4099.145000;4102.035000;0
20260804 130500;4102.165000;4105.285000;4102.105000;4104.805000;0
20260804 130600;4104.865000;4106.402000;4101.265000;4101.285000;0
20260804 130700;4101.335000;4102.965000;4101.185000;4102.415000;0
20260804 130800;4102.575000;4102.655000;4100.115000;4100.455000;0
20260804 130900;4100.455000;4100.695000;4099.455000;4099.725000;0
20260804 131000;4099.665000;4099.745000;4097.875000;4098.025000;0
20260804 131100;4097.945000;4099.685000;4097.945000;4099.085000;0
20260804 131200;4099.085000;4101.615000;4098.595000;4100.255000;0
20260804 131300;4100.245000;4100.575000;4098.955000;4100.425000;0
20260804 131400;4100.415000;4101.185000;4098.645000;4099.835000;0
20260804 131500;4099.955000;4100.355000;4097.555000;4098.675000;0
20260804 131600;4098.675000;4099.575000;4098.275000;4098.645000;0
20260804 131700;4098.565000;4101.115000;4098.455000;4099.945000;0
20260804 131800;4099.835000;4100.735000;4098.115000;4098.235000;0
20260804 131900;4098.345000;4098.345000;4096.985000;4097.365000;0
20260804 132000;4097.375000;4098.395000;4097.305000;4098.015000;0
20260804 132100;4098.135000;4099.725000;4097.845000;4099.395000;0
20260804 132200;4099.415000;4099.545000;4098.305000;4098.605000;0
20260804 132300;4098.555000;4099.885000;4098.175000;4099.815000;0
20260804 132400;4099.925000;4100.515000;4099.475000;4099.805000;0
20260804 132500;4099.795000;4100.505000;4098.005000;4098.465000;0
20260804 132600;4098.485000;4099.015000;4097.235000;4097.235000;0
20260804 132700;4097.305000;4097.705000;4096.635000;4097.035000;0
20260804 132800;4097.055000;4097.465000;4096.645000;4097.175000;0
20260804 132900;4097.265000;4097.305000;4094.095000;4094.595000;0
20260804 133000;4094.535000;4094.595000;4093.115000;4094.225000;0
20260804 133100;4094.135000;4094.135000;4091.595000;4092.885000;0
20260804 133200;4092.885000;4094.055000;4092.815000;4093.985000;0
20260804 133300;4093.975000;4094.035000;4093.085000;4093.175000;0
20260804 133400;4093.175000;4094.095000;4092.525000;4093.535000;0
20260804 133500;4093.515000;4094.415000;4093.515000;4094.365000;0
20260804 133600;4094.375000;4095.205000;4094.355000;4095.075000;0
20260804 133700;4095.105000;4095.595000;4095.015000;4095.115000;0
20260804 133800;4095.075000;4095.285000;4094.675000;4094.975000;0
20260804 133900;4095.065000;4095.195000;4094.545000;4094.655000;0
20260804 134000;4094.645000;4096.135000;4093.905000;4094.055000;0
20260804 134100;4094.045000;4094.605000;4093.705000;4094.505000;0
20260804 134200;4094.505000;4094.645000;4094.005000;4094.385000;0
20260804 134300;4094.385000;4095.285000;4094.025000;4095.215000;0
20260804 134400;4095.275000;4095.575000;4094.745000;4095.345000;0
20260804 134500;4095.225000;4096.175000;4095.225000;4095.705000;0
20260804 134600;4095.625000;4096.315000;4095.305000;4095.955000;0
20260804 134700;4095.915000;4095.935000;4094.045000;4094.205000;0
20260804 134800;4094.135000;4094.855000;4093.925000;4094.635000;0
20260804 134900;4094.615000;4094.625000;4093.495000;4093.525000;0
20260804 135000;4093.555000;4094.115000;4092.285000;4092.345000;0
20260804 135100;4092.325000;4092.445000;4090.875000;4091.025000;0
20260804 135200;4091.035000;4091.315000;4090.285000;4090.635000;0
20260804 135300;4090.645000;4090.835000;4089.905000;4090.115000;0
20260804 135400;4090.125000;4090.655000;4089.405000;4089.405000;0
20260804 135500;4089.615000;4090.075000;4088.755000;4089.175000;0
20260804 135600;4089.285000;4090.955000;4088.845000;4089.555000;0
20260804 135700;4089.535000;4089.535000;4087.695000;4088.085000;0
20260804 135800;4088.085000;4088.585000;4087.005000;4087.395000;0
20260804 135900;4087.195000;4087.415000;4085.945000;4085.945000;0
20260804 140000;4085.925000;4085.975000;4084.695000;4085.365000;0
20260804 140100;4085.355000;4086.825000;4084.915000;4086.825000;0
20260804 140200;4086.825000;4087.535000;4084.815000;4086.845000;0
20260804 140300;4086.805000;4088.515000;4085.795000;4088.275000;0
20260804 140400;4088.275000;4088.345000;4085.765000;4086.645000;0
20260804 140500;4086.815000;4088.615000;4086.815000;4088.455000;0
20260804 140600;4088.425000;4088.745000;4087.625000;4088.425000;0
20260804 140700;4088.385000;4088.765000;4087.885000;4088.115000;0
20260804 140800;4088.025000;4088.775000;4087.705000;4087.815000;0
20260804 140900;4087.715000;4088.025000;4087.045000;4087.775000;0
20260804 141000;4087.915000;4088.615000;4086.565000;4086.985000;0
20260804 141100;4087.145000;4087.575000;4086.155000;4086.935000;0
20260804 141200;4087.035000;4087.615000;4086.525000;4087.405000;0
20260804 141300;4087.815000;4088.195000;4087.295000;4088.085000;0
20260804 141400;4088.065000;4088.545000;4087.575000;4088.545000;0
20260804 141500;4088.395000;4088.555000;4087.315000;4087.425000;0
20260804 141600;4087.475000;4087.655000;4086.975000;4087.425000;0
20260804 141700;4087.345000;4087.755000;4087.065000;4087.145000;0
20260804 141800;4087.055000;4087.855000;4086.745000;4087.495000;0
20260804 141900;4087.525000;4087.765000;4085.945000;4086.525000;0
20260804 142000;4086.515000;4087.105000;4086.315000;4087.045000;0
20260804 142100;4087.235000;4087.415000;4085.905000;4086.465000;0
20260804 142200;4086.565000;4088.925000;4086.425000;4087.985000;0
20260804 142300;4087.975000;4088.085000;4087.175000;4087.755000;0
20260804 142400;4087.845000;4088.105000;4086.705000;4086.815000;0
20260804 142500;4086.805000;4088.015000;4086.535000;4087.655000;0
20260804 142600;4087.475000;4087.755000;4086.735000;4086.865000;0
20260804 142700;4086.825000;4087.005000;4084.535000;4084.675000;0
20260804 142800;4084.675000;4085.255000;4084.425000;4084.595000;0
20260804 142900;4084.535000;4085.335000;4084.175000;4084.535000;0
20260804 143000;4084.375000;4085.305000;4084.355000;4084.925000;0
20260804 143100;4085.005000;4085.715000;4084.405000;4084.465000;0
20260804 143200;4084.325000;4085.325000;4084.225000;4084.555000;0
20260804 143300;4084.545000;4084.545000;4082.725000;4083.135000;0
20260804 143400;4083.195000;4084.235000;4082.475000;4082.505000;0
20260804 143500;4082.475000;4083.225000;4082.405000;4082.845000;0
20260804 143600;4082.865000;4083.285000;4082.415000;4082.945000;0
20260804 143700;4082.945000;4083.095000;4080.345000;4080.415000;0
20260804 143800;4080.445000;4080.695000;4079.215000;4079.645000;0
20260804 143900;4079.625000;4079.915000;4078.165000;4078.635000;0
20260804 144000;4078.625000;4079.975000;4078.575000;4079.035000;0
20260804 144100;4079.045000;4079.255000;4077.355000;4078.305000;0
20260804 144200;4078.285000;4078.415000;4076.995000;4077.545000;0
20260804 144300;4077.445000;4077.805000;4076.275000;4077.035000;0
20260804 144400;4077.035000;4077.885000;4076.085000;4076.505000;0
20260804 144500;4076.505000;4077.005000;4075.065000;4076.245000;0
20260804 144600;4076.165000;4076.675000;4075.445000;4076.255000;0
20260804 144700;4076.325000;4077.095000;4075.585000;4076.585000;0
20260804 144800;4076.585000;4079.275000;4076.335000;4079.205000;0
20260804 144900;4079.455000;4080.195000;4078.995000;4079.795000;0
20260804 145000;4079.685000;4080.745000;4079.435000;4080.325000;0
20260804 145100;4080.395000;4080.635000;4079.745000;4080.365000;0
20260804 145200;4080.255000;4080.475000;4078.495000;4079.145000;0
20260804 145300;4079.225000;4079.995000;4079.135000;4079.985000;0
20260804 145400;4080.045000;4080.625000;4078.945000;4079.415000;0
20260804 145500;4079.445000;4081.035000;4079.445000;4080.375000;0
20260804 145600;4080.485000;4081.025000;4080.155000;4081.025000;0
20260804 145700;4081.025000;4081.075000;4080.265000;4080.545000;0
20260804 145800;4080.415000;4080.415000;4079.615000;4079.945000;0
20260804 145900;4079.995000;4079.995000;4079.125000;4079.655000;0
20260804 150000;4079.745000;4080.015000;4078.605000;4079.505000;0
20260804 150100;4079.485000;4080.905000;4079.485000;4080.905000;0
20260804 150200;4080.775000;4081.925000;4080.775000;4081.245000;0
20260804 150300;4081.245000;4081.525000;4080.655000;4081.225000;0
20260804 150400;4081.235000;4081.275000;4079.845000;4080.325000;0
20260804 150500;4080.465000;4081.325000;4080.205000;4080.375000;0
20260804 150600;4080.315000;4080.705000;4079.955000;4080.585000;0
20260804 150700;4080.735000;4082.255000;4080.655000;4082.165000;0
20260804 150800;4082.245000;4082.865000;4082.125000;4082.755000;0
20260804 150900;4082.775000;4083.995000;4082.635000;4083.995000;0
20260804 151000;4083.895000;4084.145000;4083.455000;4084.035000;0
20260804 151100;4084.035000;4084.135000;4082.915000;4083.695000;0
20260804 151200;4083.585000;4084.015000;4083.175000;4083.745000;0
20260804 151300;4083.855000;4084.165000;4082.545000;4083.365000;0
20260804 151400;4083.475000;4083.795000;4081.495000;4081.545000;0
20260804 151500;4081.665000;4082.565000;4081.105000;4081.255000;0
20260804 151600;4081.305000;4083.275000;4081.245000;4083.235000;0
20260804 151700;4083.625000;4083.905000;4082.855000;4083.065000;0
20260804 151800;4083.065000;4084.005000;4082.935000;4083.375000;0
20260804 151900;4083.275000;4084.635000;4083.275000;4084.125000;0
20260804 152000;4084.065000;4084.145000;4083.365000;4083.605000;0
20260804 152100;4083.845000;4084.295000;4083.415000;4083.855000;0
20260804 152200;4083.835000;4084.225000;4081.995000;4082.155000;0
20260804 152300;4082.155000;4082.875000;4081.745000;4082.455000;0
20260804 152400;4082.505000;4082.505000;4080.065000;4080.165000;0
20260804 152500;4080.165000;4080.315000;4079.705000;4080.135000;0
20260804 152600;4080.305000;4080.865000;4079.645000;4079.905000;0
20260804 152700;4079.955000;4080.165000;4079.165000;4080.015000;0
20260804 152800;4080.135000;4080.425000;4079.425000;4079.445000;0
20260804 152900;4079.445000;4080.235000;4079.215000;4080.075000;0
20260804 153000;4079.905000;4080.145000;4079.165000;4079.685000;0
20260804 153100;4079.835000;4080.515000;4079.495000;4080.305000;0
20260804 153200;4080.375000;4080.375000;4078.505000;4078.835000;0
20260804 153300;4078.795000;4079.845000;4078.725000;4079.785000;0
20260804 153400;4079.815000;4080.515000;4079.235000;4080.515000;0
20260804 153500;4080.495000;4080.585000;4079.565000;4080.155000;0
20260804 153600;4080.175000;4081.135000;4079.965000;4080.235000;0
20260804 153700;4080.325000;4080.675000;4080.295000;4080.445000;0
20260804 153800;4080.255000;4080.765000;4080.095000;4080.165000;0
20260804 153900;4080.095000;4081.005000;4080.095000;4080.815000;0
20260804 154000;4080.785000;4081.635000;4080.505000;4081.555000;0
20260804 154100;4081.565000;4082.405000;4081.535000;4081.565000;0
20260804 154200;4081.525000;4081.885000;4081.485000;4081.705000;0
20260804 154300;4081.695000;4082.195000;4081.255000;4081.615000;0
20260804 154400;4081.615000;4081.785000;4080.855000;4081.245000;0
20260804 154500;4081.195000;4081.515000;4080.735000;4081.245000;0
20260804 154600;4081.345000;4082.125000;4081.195000;4081.355000;0
20260804 154700;4081.235000;4081.255000;4080.455000;4080.855000;0
20260804 154800;4080.855000;4080.855000;4079.665000;4080.095000;0
20260804 154900;4080.055000;4080.205000;4079.295000;4080.175000;0
20260804 155000;4080.215000;4080.215000;4079.025000;4079.435000;0
20260804 155100;4079.295000;4079.845000;4079.095000;4079.205000;0
20260804 155200;4079.185000;4079.255000;4077.665000;4077.845000;0
20260804 155300;4077.845000;4078.245000;4077.635000;4078.165000;0
20260804 155400;4078.095000;4078.315000;4076.775000;4077.175000;0
20260804 155500;4077.205000;4077.265000;4076.265000;4076.525000;0
20260804 155600;4076.555000;4076.885000;4076.055000;4076.885000;0
20260804 155700;4076.885000;4078.605000;4076.635000;4078.295000;0
20260804 155800;4078.235000;4079.015000;4078.065000;4078.685000;0
20260804 155900;4078.645000;4079.265000;4078.125000;4078.315000;0
20260804 160000;4078.315000;4079.165000;4077.795000;4078.575000;0
20260804 160100;4078.575000;4079.275000;4078.395000;4078.635000;0
20260804 160200;4078.575000;4079.345000;4078.445000;4079.105000;0
20260804 160300;4079.025000;4079.025000;4078.285000;4078.405000;0
20260804 160400;4078.365000;4078.505000;4078.195000;4078.325000;0
20260804 160500;4078.355000;4078.985000;4078.135000;4078.875000;0
20260804 160600;4078.845000;4078.985000;4078.415000;4078.715000;0
20260804 160700;4078.705000;4079.655000;4078.705000;4079.545000;0
20260804 160800;4079.505000;4079.595000;4079.115000;4079.295000;0
20260804 160900;4079.345000;4079.595000;4079.135000;4079.445000;0
20260804 161000;4079.575000;4080.095000;4079.575000;4079.695000;0
20260804 161100;4079.655000;4079.685000;4078.155000;4079.665000;0
20260804 161200;4079.635000;4079.785000;4079.175000;4079.215000;0
20260804 161300;4079.145000;4079.325000;4078.425000;4078.755000;0
20260804 161400;4078.655000;4078.985000;4078.585000;4078.805000;0
20260804 161500;4078.745000;4078.745000;4077.835000;4078.635000;0
20260804 161600;4078.665000;4078.665000;4077.545000;4077.585000;0
20260804 161700;4077.515000;4077.625000;4076.815000;4076.855000;0
20260804 161800;4076.895000;4076.925000;4075.365000;4075.365000;0
20260804 161900;4075.345000;4075.715000;4074.635000;4075.245000;0
20260804 162000;4075.295000;4075.795000;4074.655000;4075.145000;0
20260804 162100;4075.185000;4075.195000;4074.555000;4075.075000;0
20260804 162200;4075.045000;4075.475000;4074.405000;4074.595000;0
20260804 162300;4074.635000;4075.155000;4074.535000;4074.555000;0
20260804 162400;4074.515000;4075.205000;4074.415000;4075.075000;0
20260804 162500;4074.935000;4075.455000;4074.625000;4074.985000;0
20260804 162600;4075.175000;4075.675000;4075.125000;4075.495000;0
20260804 162700;4075.365000;4076.175000;4075.365000;4076.175000;0
20260804 162800;4076.155000;4076.275000;4074.905000;4074.965000;0
20260804 162900;4074.935000;4075.465000;4074.675000;4075.165000;0
20260804 163000;4075.145000;4076.025000;4075.045000;4075.515000;0
20260804 163100;4075.385000;4075.875000;4075.285000;4075.685000;0
20260804 163200;4075.745000;4076.165000;4075.685000;4076.165000;0
20260804 163300;4075.995000;4076.655000;4075.915000;4076.555000;0
20260804 163400;4076.485000;4076.925000;4076.345000;4076.745000;0
20260804 163500;4076.815000;4077.135000;4076.695000;4076.925000;0
20260804 163600;4076.935000;4077.575000;4076.585000;4077.225000;0
20260804 163700;4077.215000;4077.425000;4076.915000;4077.195000;0
20260804 163800;4077.275000;4077.315000;4076.825000;4076.985000;0
20260804 163900;4077.035000;4077.165000;4076.675000;4077.135000;0
20260804 164000;4077.055000;4078.025000;4076.945000;4077.965000;0
20260804 164100;4078.145000;4078.395000;4077.765000;4077.845000;0
20260804 164200;4077.835000;4077.915000;4077.285000;4077.375000;0
20260804 164300;4077.365000;4077.935000;4077.325000;4077.525000;0
20260804 164400;4077.535000;4077.965000;4077.315000;4077.325000;0
20260804 164500;4077.415000;4077.415000;4076.505000;4076.505000;0
20260804 164600;4076.615000;4076.745000;4076.245000;4076.725000;0
20260804 164700;4076.625000;4077.075000;4076.295000;4076.735000;0
20260804 164800;4076.605000;4076.605000;4075.635000;4076.285000;0
20260804 164900;4076.325000;4076.805000;4076.325000;4076.695000;0
20260804 165000;4076.595000;4077.525000;4076.345000;4077.525000;0
20260804 165100;4077.835000;4077.985000;4076.975000;4076.975000;0
20260804 165200;4077.085000;4077.185000;4076.475000;4076.575000;0
20260804 165300;4076.695000;4076.895000;4076.485000;4076.895000;0
20260804 165400;4076.715000;4077.125000;4076.585000;4076.665000;0
20260804 165500;4076.565000;4077.365000;4076.455000;4076.855000;0
20260804 165600;4076.945000;4077.705000;4076.945000;4077.585000;0
20260804 165700;4077.465000;4077.835000;4077.095000;4077.675000;0
20260804 165800;4077.545000;4077.545000;4076.845000;4077.165000;0
20260804 165900;4077.045000;4077.625000;4076.425000;4077.495000;0
20260804 180000;4075.655000;4078.515000;4074.895000;4077.855000;0
20260804 180100;4077.965000;4078.435000;4077.385000;4077.945000;0
20260804 180200;4077.805000;4077.835000;4076.205000;4076.285000;0
20260804 180300;4076.825000;4077.335000;4076.385000;4077.325000;0
20260804 180400;4077.155000;4078.135000;4077.155000;4078.135000;0
20260804 180500;4078.155000;4078.205000;4077.205000;4077.635000;0
20260804 180600;4077.475000;4077.475000;4076.325000;4076.775000;0
20260804 180700;4076.415000;4077.205000;4076.205000;4077.165000;0
20260804 180800;4077.275000;4077.275000;4076.355000;4076.355000;0
20260804 180900;4076.455000;4076.825000;4076.395000;4076.485000;0
20260804 181000;4076.825000;4077.165000;4076.645000;4077.065000;0
20260804 181100;4077.285000;4077.475000;4076.345000;4077.235000;0
20260804 181200;4077.345000;4077.345000;4076.245000;4076.575000;0
20260804 181300;4076.635000;4076.875000;4075.915000;4076.035000;0
20260804 181400;4076.255000;4077.185000;4076.035000;4076.595000;0
20260804 181500;4076.345000;4077.205000;4076.265000;4076.935000;0
20260804 181600;4076.935000;4077.265000;4076.425000;4076.515000;0
20260804 181700;4076.395000;4076.675000;4075.285000;4075.855000;0
20260804 181800;4075.625000;4076.765000;4075.405000;4076.075000;0
20260804 181900;4076.205000;4077.325000;4075.935000;4076.825000;0
20260804 182000;4076.725000;4077.805000;4076.335000;4076.615000;0
20260804 182100;4076.505000;4076.605000;4075.515000;4076.225000;0
20260804 182200;4076.335000;4077.865000;4075.615000;4076.655000;0
20260804 182300;4076.455000;4076.725000;4076.015000;4076.335000;0
20260804 182400;4076.285000;4077.495000;4075.955000;4077.495000;0
20260804 182500;4077.395000;4078.335000;4077.375000;4077.605000;0
20260804 182600;4077.475000;4077.835000;4077.285000;4077.445000;0
20260804 182700;4077.745000;4079.135000;4077.365000;4078.745000;0
20260804 182800;4078.625000;4079.775000;4078.425000;4078.735000;0
20260804 182900;4078.555000;4079.735000;4078.555000;4079.545000;0
20260804 183000;4079.745000;4079.905000;4079.035000;4079.345000;0
20260804 183100;4079.025000;4079.645000;4078.935000;4079.615000;0
20260804 183200;4079.495000;4080.285000;4079.495000;4080.045000;0
20260804 183300;4079.905000;4080.585000;4079.875000;4080.175000;0
20260804 183400;4080.295000;4080.875000;4080.135000;4080.415000;0
20260804 183500;4080.295000;4081.555000;4080.205000;4081.505000;0
20260804 183600;4081.765000;4082.865000;4081.505000;4081.835000;0
20260804 183700;4081.905000;4083.175000;4081.575000;4082.995000;0
20260804 183800;4082.765000;4083.875000;4082.235000;4083.625000;0
20260804 183900;4083.505000;4084.535000;4083.475000;4084.325000;0
20260804 184000;4084.215000;4085.635000;4084.085000;4085.005000;0
20260804 184100;4084.835000;4085.715000;4084.455000;4084.525000;0
20260804 184200;4084.415000;4084.655000;4083.055000;4083.055000;0
20260804 184300;4083.155000;4084.325000;4082.725000;4083.465000;0
20260804 184400;4082.975000;4083.835000;4082.405000;4083.725000;0
20260804 184500;4083.615000;4084.385000;4082.085000;4082.515000;0
20260804 184600;4082.645000;4082.645000;4080.805000;4081.125000;0
20260804 184700;4081.295000;4083.175000;4080.975000;4082.705000;0
20260804 184800;4082.585000;4082.975000;4081.145000;4081.145000;0
20260804 184900;4081.255000;4083.105000;4081.255000;4082.575000;0
20260804 185000;4082.445000;4083.975000;4082.025000;4082.955000;0
20260804 185100;4083.105000;4083.865000;4082.305000;4083.215000;0
20260804 185200;4082.895000;4083.025000;4081.445000;4081.445000;0
20260804 185300;4081.685000;4081.885000;4080.055000;4080.505000;0
20260804 185400;4080.475000;4081.635000;4080.365000;4081.015000;0
20260804 185500;4080.855000;4081.235000;4078.805000;4079.235000;0
20260804 185600;4079.365000;4079.665000;4078.355000;4078.625000;0
20260804 185700;4078.535000;4078.695000;4077.215000;4077.355000;0
20260804 185800;4077.125000;4077.215000;4075.895000;4075.995000;0
20260804 185900;4076.185000;4076.394000;4075.265000;4075.265000;0
20260804 190000;4075.515000;4076.675000;4071.125000;4071.685000;0
20260804 190100;4071.695000;4071.875000;4070.705000;4071.415000;0
20260804 190200;4071.175000;4071.535000;4068.615000;4069.455000;0
20260804 190300;4069.445000;4069.715000;4068.125000;4069.665000;0
20260804 190400;4069.695000;4069.955000;4068.105000;4069.585000;0
20260804 190500;4069.545000;4070.515000;4068.885000;4070.215000;0
20260804 190600;4070.275000;4071.125000;4068.945000;4070.755000;0
20260804 190700;4070.715000;4071.075000;4069.675000;4069.675000;0
20260804 190800;4069.595000;4070.255000;4069.395000;4070.215000;0
20260804 190900;4070.135000;4071.315000;4069.975000;4071.275000;0
20260804 191000;4071.335000;4072.875000;4071.255000;4071.815000;0
20260804 191100;4071.955000;4072.535000;4069.805000;4070.135000;0
20260804 191200;4070.275000;4072.935000;4069.235000;4072.475000;0
20260804 191300;4072.575000;4073.115000;4070.745000;4070.765000;0
20260804 191400;4071.215000;4073.885000;4070.965000;4073.235000;0
20260804 191500;4072.975000;4074.415000;4072.565000;4073.875000;0
20260804 191600;4074.035000;4074.115000;4073.435000;4073.705000;0
20260804 191700;4073.595000;4074.205000;4072.945000;4074.115000;0
20260804 191800;4073.975000;4074.675000;4071.675000;4072.115000;0
20260804 191900;4072.275000;4073.045000;4071.685000;4071.685000;0
20260804 192000;4071.795000;4072.085000;4070.435000;4071.335000;0
20260804 192100;4071.315000;4071.315000;4070.555000;4071.135000;0
20260804 192200;4071.125000;4071.405000;4069.445000;4069.655000;0
20260804 192300;4069.755000;4069.755000;4068.915000;4069.605000;0
20260804 192400;4069.705000;4069.775000;4067.315000;4068.075000;0
20260804 192500;4068.035000;4068.765000;4066.295000;4066.495000;0
20260804 192600;4066.465000;4067.055000;4065.065000;4065.815000;0
20260804 192700;4065.695000;4066.995000;4065.695000;4066.685000;0
20260804 192800;4066.885000;4068.635000;4066.075000;4067.155000;0
20260804 192900;4067.135000;4067.175000;4066.685000;4066.885000;0
20260804 193000;4066.885000;4068.175000;4065.675000;4068.025000;0
20260804 193100;4068.145000;4069.885000;4068.145000;4069.495000;0
20260804 193200;4069.605000;4069.885000;4068.455000;4068.785000;0
20260804 193300;4068.905000;4069.575000;4067.955000;4069.355000;0
20260804 193400;4069.355000;4069.355000;4067.485000;4068.195000;0
20260804 193500;4068.055000;4069.335000;4067.895000;4068.735000;0
20260804 193600;4068.835000;4068.935000;4067.645000;4068.555000;0
20260804 193700;4068.685000;4069.245000;4068.305000;4069.065000;0
20260804 193800;4068.965000;4069.485000;4068.575000;4069.255000;0
20260804 193900;4069.055000;4069.355000;4068.905000;4069.305000;0
20260804 194000;4069.205000;4069.575000;4068.655000;4068.855000;0
20260804 194100;4068.455000;4069.115000;4068.325000;4069.115000;0
20260804 194200;4069.155000;4069.885000;4068.905000;4069.515000;0
20260804 194300;4069.335000;4069.575000;4068.375000;4068.735000;0
20260804 194400;4068.565000;4069.545000;4068.565000;4068.785000;0
20260804 194500;4069.065000;4069.985000;4068.855000;4069.585000;0
20260804 194600;4069.425000;4069.935000;4068.935000;4069.425000;0
20260804 194700;4069.415000;4069.955000;4069.105000;4069.685000;0
20260804 194800;4069.615000;4070.895000;4069.215000;4070.555000;0
20260804 194900;4070.655000;4071.725000;4070.475000;4071.495000;0
20260804 195000;4071.725000;4071.865000;4070.985000;4071.565000;0
20260804 195100;4071.715000;4071.715000;4070.915000;4071.595000;0
20260804 195200;4071.585000;4072.125000;4071.495000;4071.765000;0
20260804 195300;4071.635000;4072.165000;4071.435000;4071.925000;0
20260804 195400;4071.805000;4072.005000;4071.175000;4071.275000;0
20260804 195500;4071.415000;4072.395000;4071.415000;4072.005000;0
20260804 195600;4072.135000;4072.245000;4071.605000;4071.715000;0
20260804 195700;4071.825000;4073.465000;4071.635000;4072.685000;0
20260804 195800;4072.565000;4072.735000;4071.965000;4072.595000;0
20260804 195900;4072.695000;4072.915000;4072.165000;4072.215000;0
20260804 200000;4072.325000;4073.355000;4070.235000;4070.435000;0
20260804 200100;4070.465000;4073.365000;4070.215000;4073.365000;0
20260804 200200;4073.425000;4073.825000;4072.765000;4072.845000;0
20260804 200300;4072.535000;4073.745000;4072.305000;4073.135000;0
20260804 200400;4073.305000;4073.475000;4072.705000;4072.955000;0
20260804 200500;4073.105000;4073.965000;4072.155000;4073.175000;0
20260804 200600;4073.185000;4073.865000;4072.295000;4073.305000;0
20260804 200700;4073.335000;4073.755000;4072.865000;4073.235000;0
20260804 200800;4073.345000;4073.535000;4072.855000;4072.985000;0
20260804 200900;4072.835000;4073.525000;4071.955000;4072.135000;0
20260804 201000;4072.015000;4072.365000;4071.245000;4071.775000;0
20260804 201100;4071.775000;4072.365000;4071.005000;4071.845000;0
20260804 201200;4071.845000;4072.575000;4071.305000;4072.355000;0
20260804 201300;4072.365000;4072.885000;4072.125000;4072.565000;0
20260804 201400;4072.065000;4072.375000;4071.275000;4071.445000;0
20260804 201500;4071.455000;4072.065000;4071.065000;4071.995000;0
20260804 201600;4071.995000;4073.315000;4071.325000;4071.815000;0
20260804 201700;4071.875000;4073.775000;4071.405000;4073.465000;0
20260804 201800;4073.405000;4075.385000;4073.275000;4075.165000;0
20260804 201900;4075.345000;4075.445000;4074.285000;4074.685000;0
20260804 202000;4074.645000;4075.445000;4073.865000;4074.145000;0
20260804 202100;4074.145000;4074.985000;4073.595000;4074.965000;0
20260804 202200;4074.865000;4076.715000;4074.525000;4076.425000;0
20260804 202300;4076.505000;4077.455000;4076.355000;4077.285000;0
20260804 202400;4077.285000;4077.445000;4076.365000;4076.615000;0
20260804 202500;4076.725000;4077.255000;4075.875000;4077.255000;0
20260804 202600;4077.405000;4078.175000;4076.925000;4077.835000;0
20260804 202700;4077.635000;4078.095000;4077.405000;4078.005000;0
20260804 202800;4077.865000;4078.735000;4077.715000;4078.395000;0
20260804 202900;4078.215000;4078.785000;4077.555000;4078.225000;0
20260804 203000;4078.335000;4079.605000;4078.235000;4078.915000;0
20260804 203100;4079.015000;4080.715000;4078.915000;4079.145000;0
20260804 203200;4078.995000;4080.015000;4078.915000;4078.915000;0
20260804 203300;4079.115000;4079.715000;4078.275000;4079.095000;0
20260804 203400;4079.205000;4080.595000;4078.445000;4080.375000;0
20260804 203500;4080.175000;4081.545000;4080.055000;4081.065000;0
20260804 203600;4081.185000;4082.045000;4080.685000;4081.885000;0
20260804 203700;4081.985000;4082.155000;4080.565000;4081.625000;0
20260804 203800;4081.695000;4082.745000;4080.155000;4080.445000;0
20260804 203900;4080.265000;4080.775000;4080.115000;4080.405000;0
20260804 204000;4080.545000;4081.515000;4079.835000;4079.915000;0
20260804 204100;4079.815000;4080.195000;4079.145000;4079.685000;0
20260804 204200;4079.845000;4080.345000;4078.415000;4080.215000;0
20260804 204300;4080.345000;4080.365000;4079.585000;4079.745000;0
20260804 204400;4079.645000;4079.805000;4077.815000;4077.995000;0
20260804 204500;4078.125000;4078.745000;4078.015000;4078.115000;0
20260804 204600;4077.965000;4078.745000;4077.495000;4078.075000;0
20260804 204700;4078.325000;4078.325000;4077.565000;4078.205000;0
20260804 204800;4077.965000;4079.385000;4077.505000;4079.125000;0
20260804 204900;4079.005000;4079.255000;4078.165000;4078.615000;0
20260804 205000;4078.755000;4080.465000;4078.565000;4079.835000;0
20260804 205100;4079.835000;4080.965000;4079.335000;4080.935000;0
20260804 205200;4081.195000;4082.665000;4081.115000;4082.325000;0
20260804 205300;4082.225000;4082.495000;4081.645000;4082.085000;0
20260804 205400;4082.225000;4083.315000;4081.645000;4083.155000;0
20260804 205500;4083.045000;4083.205000;4081.815000;4082.075000;0
20260804 205600;4082.275000;4082.655000;4081.265000;4082.445000;0
20260804 205700;4082.155000;4082.685000;4081.425000;4081.595000;0
20260804 205800;4081.435000;4082.345000;4081.305000;4081.565000;0
20260804 205900;4081.715000;4082.315000;4081.365000;4082.155000;0
20260804 210000;4082.185000;4085.405000;4080.155000;4081.355000;0
20260804 210100;4081.395000;4082.685000;4077.585000;4078.215000;0
20260804 210200;4078.415000;4079.715000;4077.885000;4079.715000;0
20260804 210300;4079.535000;4081.085000;4077.235000;4079.815000;0
20260804 210400;4079.375000;4081.675000;4078.715000;4079.985000;0
20260804 210500;4080.185000;4081.315000;4079.455000;4080.345000;0
20260804 210600;4080.445000;4081.375000;4079.615000;4081.095000;0
20260804 210700;4081.235000;4083.155000;4080.565000;4082.215000;0
20260804 210800;4082.385000;4082.805000;4080.845000;4080.985000;0
20260804 210900;4081.105000;4081.965000;4080.655000;4081.805000;0
20260804 211000;4081.595000;4084.265000;4081.475000;4084.265000;0
20260804 211100;4084.185000;4086.685000;4083.545000;4083.735000;0
20260804 211200;4083.755000;4086.315000;4083.755000;4085.865000;0
20260804 211300;4085.795000;4086.355000;4083.055000;4083.995000;0
20260804 211400;4083.855000;4085.975000;4083.235000;4085.705000;0
20260804 211500;4085.605000;4086.715000;4084.695000;4085.915000;0
20260804 211600;4086.115000;4088.385000;4085.645000;4087.275000;0
20260804 211700;4087.275000;4087.815000;4086.275000;4086.955000;0
20260804 211800;4086.815000;4087.055000;4085.735000;4085.845000;0
20260804 211900;4085.965000;4087.715000;4085.345000;4087.585000;0
20260804 212000;4087.455000;4087.755000;4086.285000;4087.115000;0
20260804 212100;4086.965000;4087.955000;4085.815000;4087.855000;0
20260804 212200;4087.755000;4088.065000;4086.185000;4087.145000;0
20260804 212300;4087.275000;4087.875000;4086.525000;4087.365000;0
20260804 212400;4087.365000;4087.365000;4084.515000;4084.715000;0
20260804 212500;4084.745000;4085.235000;4084.215000;4084.285000;0
20260804 212600;4084.255000;4085.045000;4083.235000;4083.235000;0
20260804 212700;4083.245000;4084.395000;4082.425000;4082.815000;0
20260804 212800;4082.855000;4083.455000;4082.305000;4082.795000;0
20260804 212900;4082.825000;4084.545000;4082.605000;4084.315000;0
20260804 213000;4084.145000;4086.305000;4084.145000;4084.765000;0
20260804 213100;4084.645000;4085.175000;4082.655000;4082.885000;0
20260804 213200;4082.885000;4083.845000;4082.775000;4083.485000;0
20260804 213300;4083.585000;4084.195000;4079.965000;4080.345000;0
20260804 213400;4080.125000;4084.835000;4079.755000;4084.705000;0
20260804 213500;4084.565000;4087.075000;4084.095000;4086.965000;0
20260804 213600;4086.905000;4088.875000;4086.905000;4088.175000;0
20260804 213700;4088.285000;4089.025000;4087.345000;4087.485000;0
20260804 213800;4087.645000;4089.235000;4087.305000;4088.795000;0
20260804 213900;4088.655000;4089.735000;4088.655000;4089.535000;0
20260804 214000;4089.525000;4091.315000;4089.225000;4091.015000;0
20260804 214100;4090.925000;4092.095000;4090.545000;4091.455000;0
20260804 214200;4091.425000;4091.915000;4091.025000;4091.805000;0
20260804 214300;4091.615000;4092.455000;4091.245000;4091.875000;0
20260804 214400;4091.845000;4092.965000;4091.785000;4092.775000;0
20260804 214500;4092.645000;4094.335000;4092.535000;4093.975000;0
20260804 214600;4093.865000;4094.475000;4093.445000;4093.585000;0
20260804 214700;4093.345000;4094.255000;4092.915000;4093.055000;0
20260804 214800;4093.045000;4093.875000;4092.725000;4092.845000;0
20260804 214900;4092.945000;4094.745000;4092.655000;4093.985000;0
20260804 215000;4093.885000;4094.175000;4092.765000;4093.855000;0
20260804 215100;4093.925000;4094.225000;4093.125000;4093.475000;0
20260804 215200;4093.585000;4094.215000;4092.835000;4094.105000;0
20260804 215300;4094.135000;4095.425000;4093.275000;4094.175000;0
20260804 215400;4093.935000;4095.595000;4093.895000;4095.535000;0
20260804 215500;4095.575000;4098.665000;4095.575000;4098.455000;0
20260804 215600;4098.455000;4100.045000;4097.995000;4099.555000;0
20260804 215700;4099.695000;4100.265000;4098.805000;4099.615000;0
20260804 215800;4099.665000;4102.305000;4099.315000;4100.925000;0
20260804 215900;4101.155000;4102.115000;4100.465000;4101.085000;0
20260804 220000;4101.185000;4101.545000;4099.095000;4099.835000;0
20260804 220100;4100.025000;4102.695000;4099.825000;4100.315000;0
20260804 220200;4100.345000;4100.455000;4097.555000;4097.605000;0
20260804 220300;4097.635000;4099.135000;4097.615000;4099.075000;0
20260804 220400;4099.345000;4099.345000;4097.815000;4098.015000;0
20260804 220500;4098.125000;4098.395000;4096.185000;4096.575000;0
20260804 220600;4096.695000;4097.815000;4096.375000;4096.835000;0
20260804 220700;4096.695000;4097.625000;4096.165000;4097.175000;0
20260804 220800;4097.315000;4098.465000;4096.825000;4097.245000;0
20260804 220900;4097.465000;4098.205000;4096.885000;4097.105000;0
20260804 221000;4096.995000;4100.005000;4096.545000;4099.485000;0
20260804 221100;4099.625000;4100.355000;4098.915000;4098.965000;0
20260804 221200;4098.825000;4099.945000;4098.545000;4099.335000;0
20260804 221300;4099.215000;4099.625000;4098.545000;4099.405000;0
20260804 221400;4099.285000;4100.185000;4099.125000;4099.375000;0
20260804 221500;4099.545000;4100.715000;4098.685000;4099.695000;0
20260804 221600;4099.805000;4100.415000;4097.455000;4097.855000;0
20260804 221700;4097.955000;4098.065000;4096.855000;4097.665000;0
20260804 221800;4097.485000;4097.975000;4095.175000;4095.635000;0
20260804 221900;4095.435000;4098.365000;4095.435000;4098.265000;0
20260804 222000;4098.165000;4103.165000;4097.895000;4102.505000;0
20260804 222100;4102.315000;4103.275000;4101.235000;4102.955000;0
20260804 222200;4102.955000;4102.965000;4100.615000;4100.925000;0
20260804 222300;4100.855000;4102.685000;4100.575000;4102.685000;0
20260804 222400;4102.895000;4103.465000;4102.005000;4102.085000;0
20260804 222500;4102.225000;4108.265000;4102.075000;4107.175000;0
20260804 222600;4107.145000;4107.575000;4104.795000;4105.775000;0
20260804 222700;4105.785000;4106.325000;4103.485000;4103.855000;0
20260804 222800;4103.855000;4103.855000;4102.405000;4102.925000;0
20260804 222900;4102.795000;4103.545000;4102.465000;4103.175000;0
20260804 223000;4103.875000;4105.395000;4101.135000;4104.945000;0
20260804 223100;4105.135000;4107.915000;4104.935000;4106.175000;0
20260804 223200;4106.055000;4107.805000;4106.055000;4107.145000;0
20260804 223300;4107.275000;4107.905000;4105.985000;4107.425000;0
20260804 223400;4107.555000;4108.305000;4105.325000;4107.585000;0
20260804 223500;4107.425000;4112.505000;4107.375000;4112.005000;0
20260804 223600;4111.855000;4113.625000;4111.735000;4112.505000;0
20260804 223700;4112.875000;4120.465000;4112.515000;4120.225000;0
20260804 223800;4120.035000;4121.715000;4117.025000;4117.275000;0
20260804 223900;4117.415000;4120.525000;4116.505000;4120.015000;0
20260804 224000;4120.055000;4124.255000;4119.625000;4122.515000;0
20260804 224100;4122.485000;4127.755000;4122.225000;4127.155000;0
20260804 224200;4127.085000;4128.315000;4125.875000;4127.165000;0
20260804 224300;4127.075000;4128.125000;4124.125000;4125.225000;0
20260804 224400;4125.485000;4128.415000;4125.365000;4127.955000;0
20260804 224500;4128.165000;4129.515000;4126.505000;4128.085000;0
20260804 224600;4128.105000;4130.905000;4125.995000;4126.795000;0
20260804 224700;4126.805000;4130.755000;4126.125000;4129.315000;0
20260804 224800;4129.525000;4130.735000;4128.515000;4129.665000;0
20260804 224900;4129.495000;4130.955000;4128.505000;4129.905000;0
20260804 225000;4129.875000;4131.325000;4128.175000;4128.505000;0
20260804 225100;4128.645000;4129.155000;4126.245000;4127.595000;0
20260804 225200;4127.595000;4127.615000;4125.225000;4126.805000;0
20260804 225300;4126.965000;4127.365000;4124.305000;4127.325000;0
20260804 225400;4127.325000;4132.395000;4127.325000;4130.805000;0
20260804 225500;4130.925000;4135.075000;4129.935000;4134.565000;0
20260804 225600;4134.665000;4135.085000;4133.005000;4134.175000;0
20260804 225700;4134.065000;4134.885000;4130.995000;4131.135000;0
20260804 225800;4131.025000;4132.485000;4130.505000;4130.665000;0
20260804 225900;4130.665000;4130.665000;4128.795000;4128.905000;0
20260804 230000;4128.855000;4130.505000;4128.765000;4128.845000;0
20260804 230100;4129.145000;4129.145000;4126.515000;4128.105000;0
20260804 230200;4128.225000;4128.975000;4127.705000;4128.095000;0
20260804 230300;4128.245000;4129.235000;4127.015000;4129.235000;0
20260804 230400;4129.405000;4129.945000;4128.515000;4128.585000;0
20260804 230500;4128.545000;4129.585000;4127.755000;4128.925000;0
20260804 230600;4128.805000;4129.575000;4127.725000;4129.305000;0
20260804 230700;4129.375000;4132.275000;4129.375000;4132.175000;0
20260804 230800;4132.305000;4134.975000;4131.795000;4133.405000;0
20260804 230900;4133.305000;4134.095000;4132.005000;4132.195000;0
20260804 231000;4132.255000;4134.365000;4131.945000;4134.365000;0
20260804 231100;4134.205000;4135.635000;4133.965000;4134.665000;0
20260804 231200;4134.645000;4135.215000;4133.645000;4133.695000;0
20260804 231300;4133.845000;4135.865000;4133.275000;4134.805000;0
20260804 231400;4134.835000;4135.755000;4134.095000;4135.535000;0
20260804 231500;4135.525000;4136.225000;4133.785000;4134.395000;0
20260804 231600;4134.295000;4134.295000;4131.105000;4131.605000;0
20260804 231700;4131.705000;4132.575000;4131.365000;4131.465000;0
20260804 231800;4131.585000;4131.955000;4130.315000;4131.355000;0
20260804 231900;4131.255000;4131.745000;4130.145000;4130.935000;0
20260804 232000;4130.825000;4131.165000;4130.105000;4130.765000;0
20260804 232100;4130.925000;4132.255000;4130.475000;4130.805000;0
20260804 232200;4130.295000;4130.955000;4130.045000;4130.885000;0
20260804 232300;4130.825000;4132.615000;4130.765000;4131.295000;0
20260804 232400;4131.565000;4132.545000;4130.645000;4131.355000;0
20260804 232500;4131.105000;4131.565000;4130.575000;4131.565000;0
20260804 232600;4131.515000;4131.715000;4130.175000;4130.415000;0
20260804 232700;4130.575000;4131.635000;4130.345000;4130.665000;0
20260804 232800;4130.465000;4132.055000;4130.135000;4130.495000;0
20260804 232900;4130.455000;4130.955000;4129.525000;4130.195000;0
20260804 233000;4130.025000;4130.505000;4128.305000;4128.575000;0
20260804 233100;4128.715000;4129.355000;4128.385000;4128.875000;0
20260804 233200;4128.855000;4130.005000;4128.795000;4129.265000;0
20260804 233300;4129.295000;4130.065000;4128.335000;4128.395000;0
20260804 233400;4128.405000;4128.575000;4127.275000;4127.985000;0
20260804 233500;4128.165000;4128.205000;4127.345000;4127.485000;0
20260804 233600;4127.525000;4128.065000;4127.235000;4127.715000;0
20260804 233700;4127.955000;4128.935000;4127.675000;4128.085000;0
20260804 233800;4128.115000;4128.185000;4127.405000;4127.485000;0
20260804 233900;4127.605000;4128.095000;4127.215000;4127.315000;0
20260804 234000;4127.555000;4128.425000;4127.165000;4128.415000;0
20260804 234100;4128.335000;4128.675000;4127.635000;4127.785000;0
20260804 234200;4127.755000;4128.115000;4127.455000;4127.575000;0
20260804 234300;4127.675000;4128.415000;4127.255000;4128.225000;0
20260804 234400;4128.225000;4128.485000;4127.305000;4128.425000;0
20260804 234500;4128.235000;4129.845000;4128.175000;4129.605000;0
20260804 234600;4129.335000;4130.075000;4128.695000;4128.745000;0
20260804 234700;4128.715000;4129.645000;4128.355000;4129.095000;0
20260804 234800;4129.285000;4129.285000;4127.775000;4128.025000;0
20260804 234900;4128.135000;4128.435000;4127.235000;4127.305000;0
20260804 235000;4127.365000;4128.145000;4127.245000;4127.875000;0
20260804 235100;4127.875000;4128.255000;4127.525000;4127.735000;0
20260804 235200;4127.895000;4127.935000;4127.205000;4127.545000;0
20260804 235300;4127.565000;4127.675000;4127.205000;4127.645000;0
20260804 235400;4127.535000;4128.635000;4127.535000;4127.995000;0
20260804 235500;4128.095000;4128.445000;4127.255000;4127.595000;0
20260804 235600;4127.555000;4128.465000;4127.465000;4128.465000;0
20260804 235700;4128.295000;4129.175000;4127.965000;4128.445000;0
20260804 235800;4128.405000;4129.055000;4128.075000;4128.815000;0
20260804 235900;4128.715000;4129.285000;4127.955000;4127.985000;0
20260805 000000;4127.955000;4130.255000;4127.955000;4129.365000;0
20260805 000100;4129.515000;4131.005000;4129.055000;4130.785000;0
20260805 000200;4130.725000;4133.705000;4129.855000;4133.555000;0
20260805 000300;4133.635000;4134.325000;4133.155000;4134.085000;0
20260805 000400;4134.175000;4135.905000;4134.095000;4134.685000;0
20260805 000500;4134.765000;4135.315000;4133.645000;4135.005000;0
20260805 000600;4135.085000;4137.835000;4134.705000;4137.705000;0
20260805 000700;4137.815000;4139.715000;4136.945000;4139.715000;0
20260805 000800;4139.815000;4139.815000;4138.635000;4139.165000;0
20260805 000900;4139.395000;4139.715000;4138.655000;4139.125000;0
20260805 001000;4139.195000;4139.845000;4137.545000;4137.955000;0
20260805 001100;4138.075000;4140.285000;4137.955000;4140.045000;0
20260805 001200;4140.005000;4141.165000;4139.865000;4140.365000;0
20260805 001300;4140.455000;4140.635000;4138.165000;4138.165000;0
20260805 001400;4138.255000;4139.265000;4137.685000;4138.245000;0
20260805 001500;4138.355000;4138.545000;4137.665000;4138.065000;0
20260805 001600;4137.895000;4140.315000;4137.895000;4139.645000;0
20260805 001700;4139.485000;4139.695000;4137.545000;4138.135000;0
20260805 001800;4138.065000;4140.455000;4138.065000;4140.085000;0
20260805 001900;4140.115000;4140.735000;4139.675000;4140.395000;0
20260805 002000;4140.515000;4140.805000;4139.375000;4139.675000;0
20260805 002100;4139.685000;4140.725000;4139.645000;4139.915000;0
20260805 002200;4139.605000;4140.085000;4138.595000;4139.435000;0
20260805 002300;4139.565000;4140.195000;4138.705000;4138.795000;0
20260805 002400;4138.945000;4139.465000;4138.115000;4138.665000;0
20260805 002500;4138.655000;4139.765000;4137.795000;4138.075000;0
20260805 002600;4138.055000;4139.515000;4137.975000;4139.515000;0
20260805 002700;4139.345000;4139.455000;4137.995000;4138.095000;0
20260805 002800;4137.995000;4138.595000;4137.885000;4138.015000;0
20260805 002900;4137.875000;4138.675000;4137.665000;4138.275000;0
20260805 003000;4138.455000;4138.565000;4137.355000;4137.615000;0
20260805 003100;4137.495000;4138.425000;4137.115000;4137.155000;0
20260805 003200;4137.015000;4138.325000;4136.495000;4138.295000;0
20260805 003300;4138.395000;4138.485000;4137.065000;4137.365000;0
20260805 003400;4137.335000;4137.895000;4137.195000;4137.375000;0
20260805 003500;4137.175000;4137.585000;4136.155000;4136.355000;0
20260805 003600;4136.195000;4136.835000;4135.595000;4135.895000;0
20260805 003700;4135.775000;4136.375000;4135.225000;4135.225000;0
20260805 003800;4135.275000;4135.395000;4133.995000;4134.375000;0
20260805 003900;4134.165000;4134.385000;4132.945000;4134.385000;0
20260805 004000;4134.325000;4135.505000;4134.325000;4135.385000;0
20260805 004100;4135.355000;4136.055000;4134.825000;4135.095000;0
20260805 004200;4135.225000;4135.875000;4135.005000;4135.145000;0
20260805 004300;4135.025000;4135.915000;4134.745000;4135.465000;0
20260805 004400;4135.365000;4135.635000;4134.045000;4134.345000;0
20260805 004500;4134.345000;4134.565000;4133.745000;4133.895000;0
20260805 004600;4134.055000;4135.255000;4133.935000;4134.825000;0
20260805 004700;4134.785000;4135.265000;4134.055000;4134.195000;0
20260805 004800;4134.215000;4134.445000;4133.645000;4133.895000;0
20260805 004900;4134.005000;4134.005000;4132.265000;4132.555000;0
20260805 005000;4132.675000;4133.405000;4132.675000;4132.995000;0
20260805 005100;4133.095000;4134.045000;4132.235000;4133.685000;0
20260805 005200;4133.755000;4133.845000;4132.515000;4132.715000;0
20260805 005300;4132.835000;4133.735000;4132.495000;4133.195000;0
20260805 005400;4133.255000;4135.155000;4133.065000;4134.475000;0
20260805 005500;4134.355000;4134.875000;4133.635000;4134.875000;0
20260805 005600;4134.875000;4136.035000;4134.655000;4135.075000;0
20260805 005700;4135.175000;4135.665000;4134.195000;4134.355000;0
20260805 005800;4134.475000;4134.985000;4134.075000;4134.985000;0
20260805 005900;4134.875000;4135.585000;4134.755000;4135.265000;0
20260805 010000;4135.155000;4135.325000;4134.525000;4135.015000;0
20260805 010100;4135.105000;4135.775000;4134.385000;4135.755000;0
20260805 010200;4135.755000;4136.115000;4135.095000;4135.735000;0
20260805 010300;4135.865000;4136.195000;4134.675000;4135.345000;0
20260805 010400;4135.495000;4137.265000;4135.085000;4136.505000;0
20260805 010500;4136.225000;4136.795000;4135.155000;4136.465000;0
20260805 010600;4136.415000;4137.315000;4135.625000;4136.005000;0
20260805 010700;4136.005000;4137.545000;4136.005000;4136.565000;0
20260805 010800;4136.665000;4138.015000;4136.055000;4136.055000;0
20260805 010900;4136.235000;4136.385000;4135.445000;4135.555000;0
20260805 011000;4135.695000;4136.435000;4135.435000;4136.355000;0
20260805 011100;4136.145000;4137.055000;4135.845000;4136.425000;0
20260805 011200;4136.735000;4137.035000;4136.245000;4136.895000;0
20260805 011300;4136.955000;4137.795000;4136.655000;4137.285000;0
20260805 011400;4137.055000;4137.055000;4136.245000;4136.905000;0
20260805 011500;4136.905000;4137.085000;4136.655000;4136.835000;0
20260805 011600;4136.955000;4137.065000;4135.675000;4136.205000;0
20260805 011700;4136.255000;4136.315000;4135.215000;4135.275000;0
20260805 011800;4135.275000;4137.415000;4135.275000;4136.215000;0
20260805 011900;4136.215000;4137.845000;4135.835000;4136.935000;0
20260805 012000;4136.925000;4139.545000;4136.865000;4139.135000;0
20260805 012100;4139.225000;4139.925000;4138.865000;4138.895000;0
20260805 012200;4139.035000;4139.515000;4138.555000;4138.855000;0
20260805 012300;4138.735000;4140.915000;4138.425000;4139.975000;0
20260805 012400;4139.865000;4141.875000;4139.415000;4141.175000;0
20260805 012500;4141.035000;4141.375000;4138.885000;4139.295000;0
20260805 012600;4139.165000;4139.875000;4138.505000;4139.725000;0
20260805 012700;4139.265000;4139.575000;4137.945000;4137.945000;0
20260805 012800;4137.925000;4138.805000;4137.825000;4138.635000;0
20260805 012900;4138.765000;4139.505000;4138.375000;4139.245000;0
20260805 013000;4139.415000;4143.915000;4139.345000;4141.435000;0
20260805 013100;4141.265000;4143.615000;4140.895000;4141.995000;0
20260805 013200;4141.895000;4142.155000;4139.545000;4139.665000;0
20260805 013300;4139.775000;4142.405000;4139.665000;4142.315000;0
20260805 013400;4142.565000;4146.065000;4142.435000;4143.215000;0
20260805 013500;4143.255000;4147.635000;4142.395000;4145.045000;0
20260805 013600;4144.965000;4147.725000;4144.725000;4147.205000;0
20260805 013700;4147.665000;4151.345000;4147.435000;4151.345000;0
20260805 013800;4151.415000;4151.415000;4151.415000;4151.415000;0
20260805 013700;4151.135000;4151.135000;4151.135000;4151.135000;0
20260805 013800;4150.965000;4153.815000;4148.505000;4153.135000;0
20260805 013900;4153.225000;4153.435000;4151.495000;4151.845000;0
20260805 014000;4151.465000;4152.405000;4149.025000;4151.905000;0
20260805 014100;4151.715000;4154.555000;4151.105000;4153.335000;0
20260805 014200;4153.205000;4153.685000;4151.535000;4152.435000;0
20260805 014300;4152.615000;4153.365000;4151.735000;4152.735000;0
20260805 014400;4152.625000;4159.245000;4152.455000;4156.945000;0
20260805 014500;4157.275000;4161.405000;4156.865000;4159.985000;0
20260805 014600;4159.575000;4167.375000;4159.085000;4166.605000;0
20260805 014700;4166.685000;4171.165000;4164.335000;4164.335000;0
20260805 014800;4164.305000;4165.995000;4159.535000;4165.775000;0
20260805 014900;4166.265000;4167.775000;4163.645000;4164.405000;0
20260805 015000;4164.405000;4167.645000;4164.385000;4166.905000;0
20260805 015100;4166.975000;4170.165000;4166.475000;4169.875000;0
20260805 015200;4170.095000;4172.645000;4167.865000;4167.865000;0
20260805 015300;4168.005000;4168.885000;4166.385000;4168.365000;0
20260805 015400;4168.585000;4169.075000;4166.625000;4166.825000;0
20260805 015500;4167.105000;4171.205000;4166.055000;4170.665000;0
20260805 015600;4170.735000;4170.835000;4166.195000;4166.275000;0
20260805 015700;4166.285000;4167.685000;4165.175000;4166.325000;0
20260805 015800;4166.205000;4166.385000;4162.895000;4163.065000;0
20260805 015900;4163.375000;4163.535000;4161.067000;4161.150000;0
20260805 020000;4161.072000;4166.195000;4160.842000;4162.530000;0
20260805 020100;4162.417000;4164.095000;4161.655000;4163.695000;0
20260805 020200;4163.465000;4164.615000;4161.595000;4161.595000;0
20260805 020300;4161.375000;4162.095000;4159.995000;4160.555000;0
20260805 020400;4160.735000;4162.605000;4160.585000;4162.065000;0
20260805 020500;4161.815000;4163.025000;4160.825000;4161.105000;0
20260805 020600;4160.985000;4163.965000;4160.335000;4163.535000;0
20260805 020700;4163.615000;4164.085000;4162.495000;4163.695000;0
20260805 020800;4163.525000;4166.595000;4163.525000;4166.575000;0
20260805 020900;4166.305000;4169.815000;4165.785000;4169.815000;0
20260805 021000;4169.335000;4170.935000;4168.685000;4170.765000;0
20260805 021100;4170.895000;4171.075000;4169.185000;4170.865000;0
20260805 021200;4171.055000;4173.585000;4170.465000;4171.725000;0
20260805 021300;4171.945000;4173.595000;4171.485000;4173.395000;0
20260805 021400;4173.285000;4173.975000;4172.705000;4173.045000;0
20260805 021500;4172.955000;4173.295000;4171.215000;4172.095000;0
20260805 021600;4171.950000;4172.085000;4169.915000;4170.355000;0
20260805 021700;4170.455000;4170.795000;4167.675000;4167.805000;0
20260805 021800;4167.845000;4169.155000;4167.135000;4168.195000;0
20260805 021900;4168.075000;4168.605000;4165.875000;4166.135000;0
20260805 022000;4166.025000;4167.075000;4165.965000;4166.815000;0
20260805 022100;4167.025000;4167.495000;4162.215000;4162.255000;0
20260805 022200;4162.225000;4167.655000;4160.825000;4165.975000;0
20260805 022300;4165.735000;4166.225000;4164.025000;4165.205000;0
20260805 022400;4165.065000;4165.655000;4164.745000;4165.565000;0
20260805 022500;4165.205000;4165.205000;4163.805000;4164.407000;0
20260805 022600;4164.462000;4164.525000;4163.405000;4164.510000;0
20260805 022700;4164.417000;4165.875000;4164.417000;4164.835000;0
20260805 022800;4164.835000;4168.515000;4164.605000;4166.405000;0
20260805 022900;4166.435000;4168.775000;4165.515000;4168.645000;0
20260805 023000;4168.475000;4168.595000;4166.835000;4167.245000;0
20260805 023100;4167.345000;4170.425000;4167.195000;4169.825000;0
20260805 023200;4169.695000;4170.515000;4168.215000;4170.385000;0
20260805 023300;4170.275000;4171.115000;4169.705000;4170.675000;0
20260805 023400;4170.735000;4173.645000;4170.245000;4172.755000;0
20260805 023500;4172.855000;4176.275000;4172.855000;4175.215000;0
20260805 023600;4175.045000;4177.995000;4175.045000;4177.465000;0
20260805 023700;4177.305000;4177.985000;4174.145000;4175.405000;0
20260805 023800;4175.335000;4175.625000;4174.105000;4174.455000;0
20260805 023900;4174.585000;4175.475000;4173.555000;4175.195000;0
20260805 024000;4175.055000;4176.205000;4174.985000;4175.115000;0
20260805 024100;4175.015000;4176.945000;4174.365000;4174.625000;0
20260805 024200;4174.755000;4176.455000;4174.235000;4174.235000;0
20260805 024300;4174.105000;4174.225000;4173.295000;4173.455000;0
20260805 024400;4173.555000;4175.615000;4172.455000;4175.345000;0
20260805 024500;4175.465000;4176.215000;4174.335000;4174.765000;0
20260805 024600;4174.745000;4174.745000;4172.825000;4173.095000;0
20260805 024700;4172.955000;4173.245000;4172.275000;4172.735000;0
20260805 024800;4172.585000;4173.495000;4172.215000;4173.245000;0
20260805 024900;4173.095000;4175.955000;4172.955000;4175.565000;0
20260805 025000;4175.425000;4175.835000;4174.395000;4174.805000;0
20260805 025100;4174.405000;4176.305000;4174.135000;4175.495000;0
20260805 025200;4175.365000;4175.775000;4173.955000;4174.215000;0
20260805 025300;4174.175000;4174.175000;4172.855000;4173.135000;0
20260805 025400;4172.745000;4175.405000;4172.695000;4175.345000;0
20260805 025500;4175.375000;4177.845000;4175.005000;4177.255000;0
20260805 025600;4177.245000;4177.855000;4176.465000;4176.735000;0
20260805 025700;4176.555000;4177.355000;4176.155000;4176.455000;0
20260805 025800;4176.355000;4177.955000;4175.955000;4177.565000;0
20260805 025900;4177.555000;4178.215000;4176.895000;4177.425000;0
20260805 030000;4177.665000;4179.345000;4177.005000;4178.555000;0
20260805 030100;4178.555000;4178.555000;4175.505000;4175.675000;0
20260805 030200;4175.495000;4175.625000;4173.675000;4174.935000;0
20260805 030300;4175.285000;4175.355000;4173.655000;4174.345000;0
20260805 030400;4174.285000;4174.285000;4170.335000;4170.365000;0
20260805 030500;4170.265000;4171.475000;4168.825000;4170.395000;0
20260805 030600;4170.395000;4172.025000;4170.225000;4170.485000;0
20260805 030700;4170.515000;4172.355000;4169.645000;4171.185000;0
20260805 030800;4171.235000;4171.335000;4168.665000;4169.545000;0
20260805 030900;4169.635000;4170.615000;4169.395000;4170.065000;0
20260805 031000;4170.085000;4171.615000;4170.085000;4170.245000;0
20260805 031100;4170.335000;4170.665000;4168.525000;4168.895000;0
20260805 031200;4168.895000;4169.385000;4167.925000;4168.135000;0
20260805 031300;4168.235000;4168.465000;4165.995000;4166.485000;0
20260805 031400;4166.425000;4167.405000;4165.995000;4166.015000;0
20260805 031500;4166.045000;4167.695000;4165.625000;4167.275000;0
20260805 031600;4167.455000;4168.775000;4166.855000;4167.425000;0
20260805 031700;4167.545000;4168.135000;4166.835000;4167.485000;0
20260805 031800;4167.385000;4167.735000;4165.785000;4167.735000;0
20260805 031900;4167.705000;4168.945000;4166.905000;4168.705000;0
20260805 032000;4168.655000;4169.145000;4167.055000;4168.145000;0
20260805 032100;4168.085000;4168.415000;4167.345000;4168.175000;0
20260805 032200;4168.195000;4168.645000;4166.415000;4166.415000;0
20260805 032300;4166.435000;4168.255000;4166.405000;4167.125000;0
20260805 032400;4167.325000;4169.055000;4166.795000;4168.085000;0
20260805 032500;4168.105000;4168.715000;4166.905000;4167.165000;0
20260805 032600;4167.185000;4167.275000;4165.035000;4165.065000;0
20260805 032700;4165.135000;4165.565000;4164.355000;4164.935000;0
20260805 032800;4165.025000;4165.895000;4164.025000;4164.255000;0
20260805 032900;4164.255000;4164.485000;4162.855000;4164.105000;0
20260805 033000;4164.105000;4165.255000;4163.365000;4163.905000;0
20260805 033100;4163.975000;4164.595000;4163.475000;4164.095000;0
20260805 033200;4164.295000;4164.875000;4162.845000;4163.305000;0
20260805 033300;4163.325000;4164.605000;4163.105000;4163.655000;0
20260805 033400;4163.655000;4163.865000;4162.755000;4163.195000;0
20260805 033500;4163.195000;4163.785000;4162.495000;4162.615000;0
20260805 033600;4162.595000;4163.775000;4162.125000;4162.535000;0
20260805 033700;4162.435000;4164.945000;4162.105000;4164.785000;0
20260805 033800;4164.755000;4164.805000;4163.525000;4164.715000;0
20260805 033900;4164.735000;4166.435000;4164.675000;4164.885000;0
20260805 034000;4165.555000;4165.895000;4164.805000;4164.955000;0
20260805 034100;4164.675000;4165.315000;4164.215000;4164.695000;0
20260805 034200;4164.785000;4165.635000;4164.785000;4165.375000;0
20260805 034300;4165.495000;4166.405000;4164.885000;4165.695000;0
20260805 034400;4165.715000;4166.735000;4165.625000;4166.445000;0
20260805 034500;4166.495000;4167.345000;4165.665000;4166.605000;0
20260805 034600;4166.455000;4168.585000;4166.335000;4168.155000;0
20260805 034700;4168.265000;4168.265000;4165.905000;4165.995000;0
20260805 034800;4165.895000;4165.935000;4163.975000;4164.835000;0
20260805 034900;4164.825000;4166.415000;4164.495000;4165.965000;0
20260805 035000;4165.935000;4166.785000;4165.295000;4166.125000;0
20260805 035100;4166.105000;4167.005000;4165.045000;4167.005000;0
20260805 035200;4167.035000;4167.615000;4166.665000;4167.005000;0
20260805 035300;4166.845000;4166.995000;4165.285000;4165.315000;0
20260805 035400;4165.445000;4165.565000;4164.685000;4165.135000;0
20260805 035500;4165.145000;4168.175000;4165.075000;4168.175000;0
20260805 035600;4168.155000;4169.835000;4167.555000;4169.835000;0
20260805 035700;4170.035000;4170.675000;4169.425000;4170.575000;0
20260805 035800;4170.595000;4170.885000;4170.035000;4170.805000;0
20260805 035900;4170.945000;4171.905000;4170.525000;4170.685000;0
20260805 040000;4170.645000;4172.425000;4170.065000;4171.635000;0
20260805 040100;4171.485000;4171.505000;4169.085000;4169.085000;0
20260805 040200;4169.185000;4170.455000;4169.075000;4169.425000;0
20260805 040300;4169.425000;4170.445000;4168.925000;4170.185000;0
20260805 040400;4170.325000;4170.525000;4169.355000;4170.475000;0
20260805 040500;4170.455000;4170.475000;4169.205000;4169.285000;0
20260805 040600;4169.405000;4170.365000;4168.085000;4168.455000;0
20260805 040700;4168.415000;4168.745000;4167.995000;4168.105000;0
20260805 040800;4168.275000;4169.315000;4167.955000;4169.045000;0
20260805 040900;4169.065000;4170.135000;4169.065000;4169.515000;0
20260805 041000;4169.515000;4169.515000;4168.435000;4169.295000;0
20260805 041100;4169.255000;4169.425000;4168.105000;4168.535000;0
20260805 041200;4168.535000;4168.765000;4167.445000;4168.095000;0
20260805 041300;4168.185000;4168.985000;4168.075000;4168.415000;0
20260805 041400;4168.485000;4169.225000;4164.645000;4165.285000;0
20260805 041500;4165.385000;4166.255000;4165.225000;4165.705000;0
20260805 041600;4165.715000;4167.505000;4165.465000;4167.095000;0
20260805 041700;4167.195000;4167.885000;4166.495000;4166.675000;0
20260805 041800;4166.565000;4166.975000;4165.535000;4165.655000;0
20260805 041900;4165.765000;4167.075000;4165.655000;4166.445000;0
20260805 042000;4166.285000;4166.375000;4165.355000;4165.765000;0
20260805 042100;4165.765000;4166.595000;4165.155000;4165.385000;0
20260805 042200;4165.465000;4165.545000;4163.555000;4163.655000;0
20260805 042300;4163.655000;4163.725000;4162.505000;4162.795000;0
20260805 042400;4162.925000;4162.965000;4161.925000;4162.655000;0
20260805 042500;4162.545000;4163.335000;4162.145000;4162.615000;0
20260805 042600;4162.615000;4163.305000;4162.435000;4163.285000;0
20260805 042700;4163.045000;4164.075000;4163.015000;4163.115000;0
20260805 042800;4163.115000;4164.865000;4162.655000;4164.725000;0
20260805 042900;4164.595000;4164.915000;4163.915000;4164.335000;0
20260805 043000;4164.335000;4165.105000;4164.005000;4164.235000;0
20260805 043100;4164.205000;4164.425000;4162.565000;4164.355000;0
20260805 043200;4164.195000;4164.815000;4163.425000;4164.785000;0
20260805 043300;4164.635000;4165.865000;4164.635000;4165.325000;0
20260805 043400;4165.325000;4165.875000;4164.985000;4165.165000;0
20260805 043500;4165.045000;4165.185000;4163.285000;4164.555000;0
20260805 043600;4164.555000;4165.265000;4163.885000;4165.045000;0
20260805 043700;4165.045000;4165.475000;4164.475000;4164.595000;0
20260805 043800;4164.595000;4164.665000;4163.595000;4164.165000;0
20260805 043900;4164.325000;4164.585000;4163.855000;4164.175000;0
20260805 044000;4164.175000;4164.175000;4161.965000;4162.675000;0
20260805 044100;4162.485000;4163.520000;4161.305000;4162.695000;0
20260805 044200;4162.695000;4164.385000;4162.625000;4163.985000;0
20260805 044300;4164.105000;4166.985000;4164.085000;4166.435000;0
20260805 044400;4166.745000;4166.865000;4164.425000;4165.905000;0
20260805 044500;4165.995000;4166.055000;4163.065000;4163.525000;0
20260805 044600;4163.595000;4164.465000;4161.455000;4161.515000;0
20260805 044700;4161.385000;4162.585000;4159.695000;4162.555000;0
20260805 044800;4162.585000;4163.335000;4161.975000;4162.725000;0
20260805 044900;4162.605000;4163.185000;4161.405000;4161.765000;0
20260805 045000;4161.895000;4162.275000;4160.105000;4160.155000;0
20260805 045100;4160.445000;4161.225000;4159.905000;4161.065000;0
20260805 045200;4161.195000;4161.625000;4160.155000;4160.715000;0
20260805 045300;4160.845000;4161.525000;4160.255000;4161.525000;0
20260805 045400;4161.405000;4161.405000;4160.705000;4161.235000;0
20260805 045500;4161.285000;4161.535000;4160.535000;4160.905000;0
20260805 045600;4160.905000;4161.235000;4159.965000;4160.575000;0
20260805 045700;4160.565000;4160.595000;4159.695000;4160.005000;0
20260805 045800;4160.075000;4160.155000;4158.885000;4159.005000;0
20260805 045900;4159.025000;4160.785000;4158.895000;4160.385000;0
20260805 050000;4160.535000;4162.765000;4160.385000;4162.455000;0
20260805 050100;4162.445000;4164.515000;4162.335000;4162.775000;0
20260805 050200;4162.885000;4163.395000;4162.085000;4163.155000;0
20260805 050300;4163.145000;4164.175000;4162.825000;4163.945000;0
20260805 050400;4163.835000;4164.915000;4163.615000;4164.195000;0
20260805 050500;4164.195000;4165.365000;4164.195000;4164.845000;0
20260805 050600;4164.625000;4164.985000;4163.915000;4164.975000;0
20260805 050700;4164.865000;4166.715000;4163.925000;4166.375000;0
20260805 050800;4166.305000;4167.065000;4165.705000;4165.705000;0
20260805 050900;4165.815000;4166.065000;4163.715000;4164.025000;0
20260805 051000;4164.025000;4164.265000;4162.885000;4164.085000;0
20260805 051100;4164.195000;4165.215000;4162.985000;4163.255000;0
20260805 051200;4163.225000;4164.095000;4163.045000;4163.115000;0
20260805 051300;4162.875000;4163.295000;4162.215000;4162.895000;0
20260805 051400;4162.895000;4163.085000;4161.905000;4162.765000;0
20260805 051500;4162.725000;4162.725000;4161.205000;4161.345000;0
20260805 051600;4161.265000;4162.015000;4160.495000;4161.085000;0
20260805 051700;4161.055000;4162.505000;4160.845000;4162.165000;0
20260805 051800;4162.085000;4162.515000;4161.255000;4161.575000;0
20260805 051900;4161.595000;4161.855000;4159.255000;4160.025000;0
20260805 052000;4160.005000;4161.045000;4159.495000;4160.185000;0
20260805 052100;4160.155000;4160.175000;4156.145000;4156.565000;0
20260805 052200;4156.585000;4157.055000;4155.015000;4156.435000;0
20260805 052300;4156.695000;4158.125000;4156.695000;4157.965000;0
20260805 052400;4157.995000;4158.095000;4156.905000;4157.235000;0
20260805 052500;4157.375000;4158.305000;4157.115000;4157.845000;0
20260805 052600;4157.835000;4157.945000;4156.155000;4156.425000;0
20260805 052700;4156.375000;4157.155000;4156.005000;4157.055000;0
20260805 052800;4157.065000;4157.145000;4156.025000;4156.335000;0
20260805 052900;4156.345000;4158.345000;4156.135000;4157.435000;0
20260805 053000;4157.525000;4158.045000;4154.435000;4155.735000;0
20260805 053100;4155.865000;4156.525000;4154.945000;4156.175000;0
20260805 053200;4156.215000;4158.405000;4155.885000;4157.135000;0
20260805 053300;4157.155000;4157.385000;4156.425000;4156.735000;0
20260805 053400;4156.795000;4157.295000;4156.245000;4156.735000;0
20260805 053500;4156.685000;4156.945000;4155.185000;4155.885000;0
20260805 053600;4156.085000;4156.085000;4154.315000;4155.095000;0
20260805 053700;4155.095000;4157.495000;4154.885000;4157.455000;0
20260805 053800;4157.535000;4159.015000;4157.245000;4158.495000;0
20260805 053900;4158.655000;4158.655000;4156.765000;4157.465000;0
20260805 054000;4157.405000;4157.655000;4154.825000;4155.315000;0
20260805 054100;4155.265000;4156.145000;4155.135000;4155.655000;0
20260805 054200;4155.435000;4156.655000;4155.435000;4155.945000;0
20260805 054300;4155.875000;4156.915000;4155.875000;4156.705000;0
20260805 054400;4156.565000;4158.225000;4156.565000;4158.125000;0
20260805 054500;4158.125000;4158.745000;4156.995000;4157.985000;0
20260805 054600;4158.035000;4158.635000;4157.075000;4158.325000;0
20260805 054700;4158.345000;4158.575000;4157.325000;4157.325000;0
20260805 054800;4157.305000;4157.965000;4156.915000;4157.065000;0
20260805 054900;4157.045000;4158.155000;4156.405000;4157.695000;0
20260805 055000;4157.645000;4158.035000;4156.365000;4156.875000;0
20260805 055100;4156.905000;4157.575000;4156.565000;4157.075000;0
20260805 055200;4156.925000;4156.965000;4156.225000;4156.435000;0
20260805 055300;4156.515000;4158.105000;4156.475000;4157.305000;0
20260805 055400;4157.135000;4158.255000;4156.945000;4157.655000;0
20260805 055500;4157.605000;4158.195000;4156.315000;4156.335000;0
20260805 055600;4156.315000;4156.315000;4153.075000;4153.275000;0
20260805 055700;4153.355000;4157.335000;4152.925000;4157.155000;0
20260805 055800;4157.135000;4159.145000;4156.775000;4158.805000;0
20260805 055900;4158.805000;4158.935000;4157.585000;4157.845000;0
20260805 060000;4157.875000;4157.875000;4156.365000;4156.755000;0
20260805 060100;4156.655000;4156.915000;4155.325000;4155.455000;0
20260805 060200;4155.455000;4155.485000;4152.715000;4153.375000;0
20260805 060300;4153.365000;4153.555000;4152.275000;4152.675000;0
20260805 060400;4152.685000;4152.905000;4151.695000;4152.285000;0
20260805 060500;4152.295000;4153.645000;4152.185000;4153.415000;0
20260805 060600;4153.325000;4153.795000;4152.965000;4153.705000;0
20260805 060700;4153.725000;4153.795000;4152.475000;4152.795000;0
20260805 060800;4152.655000;4153.275000;4152.155000;4152.405000;0
20260805 060900;4152.335000;4153.405000;4152.215000;4153.295000;0
20260805 061000;4153.305000;4153.305000;4152.275000;4152.525000;0
20260805 061100;4152.575000;4152.995000;4151.995000;4152.575000;0
20260805 061200;4152.525000;4152.845000;4150.955000;4151.375000;0
20260805 061300;4151.335000;4151.895000;4150.705000;4150.775000;0
20260805 061400;4150.795000;4151.565000;4150.145000;4151.085000;0
20260805 061500;4151.105000;4151.275000;4150.475000;4150.585000;0
20260805 061600;4150.635000;4151.575000;4150.145000;4151.445000;0
20260805 061700;4151.425000;4153.685000;4151.345000;4153.125000;0
20260805 061800;4152.885000;4154.215000;4152.735000;4154.215000;0
20260805 061900;4154.385000;4155.945000;4153.965000;4155.855000;0
20260805 062000;4155.895000;4158.035000;4155.525000;4156.105000;0
20260805 062100;4156.025000;4156.785000;4155.935000;4156.015000;0
20260805 062200;4156.055000;4156.555000;4155.735000;4156.285000;0
20260805 062300;4156.325000;4156.395000;4155.355000;4156.115000;0
20260805 062400;4156.145000;4156.395000;4155.565000;4156.085000;0
20260805 062500;4156.075000;4156.425000;4155.045000;4156.385000;0
20260805 062600;4156.275000;4158.435000;4156.275000;4157.165000;0
20260805 062700;4157.065000;4158.225000;4156.045000;4156.055000;0
20260805 062800;4156.035000;4157.415000;4155.605000;4156.825000;0
20260805 062900;4156.815000;4157.645000;4156.165000;4156.655000;0
20260805 063000;4156.665000;4156.985000;4154.865000;4156.015000;0
20260805 063100;4156.065000;4157.245000;4155.335000;4157.065000;0
20260805 063200;4157.035000;4157.615000;4156.925000;4157.505000;0
20260805 063300;4157.465000;4157.705000;4156.265000;4157.405000;0
20260805 063400;4157.375000;4157.375000;4155.115000;4155.165000;0
20260805 063500;4155.185000;4155.235000;4153.905000;4154.245000;0
20260805 063600;4154.205000;4154.925000;4153.795000;4154.715000;0
20260805 063700;4154.675000;4154.675000;4153.735000;4154.155000;0
20260805 063800;4154.065000;4156.125000;4153.945000;4155.885000;0
20260805 063900;4156.025000;4156.195000;4154.845000;4155.225000;0
20260805 064000;4155.155000;4155.395000;4154.605000;4154.885000;0
20260805 064100;4154.915000;4156.595000;4154.765000;4156.575000;0
20260805 064200;4156.315000;4156.335000;4155.385000;4155.795000;0
20260805 064300;4155.765000;4155.765000;4154.375000;4154.505000;0
20260805 064400;4154.425000;4155.085000;4154.015000;4155.035000;0
20260805 064500;4155.225000;4156.345000;4155.225000;4156.265000;0
20260805 064600;4156.245000;4156.495000;4155.385000;4155.845000;0
20260805 064700;4155.925000;4155.925000;4154.995000;4155.005000;0
20260805 064800;4154.955000;4154.995000;4154.115000;4154.655000;0
20260805 064900;4154.665000;4155.455000;4154.205000;4155.405000;0
20260805 065000;4155.225000;4155.525000;4154.425000;4154.445000;0
20260805 065100;4154.495000;4154.785000;4153.475000;4154.135000;0
20260805 065200;4154.105000;4154.585000;4153.925000;4154.095000;0
20260805 065300;4154.045000;4155.995000;4153.935000;4155.565000;0
20260805 065400;4155.615000;4156.245000;4155.295000;4156.035000;0
20260805 065500;4155.935000;4159.515000;4155.785000;4159.425000;0
20260805 065600;4159.545000;4159.995000;4158.745000;4158.955000;0
20260805 065700;4158.825000;4161.265000;4158.605000;4161.265000;0
20260805 065800;4161.105000;4161.465000;4160.345000;4160.415000;0
20260805 065900;4160.235000;4161.395000;4160.195000;4161.335000;0
20260805 070000;4161.345000;4162.365000;4160.715000;4161.705000;0
20260805 070100;4161.655000;4162.355000;4160.965000;4160.965000;0
20260805 070200;4160.935000;4162.795000;4160.785000;4162.645000;0
20260805 070300;4162.635000;4162.965000;4161.625000;4162.325000;0
20260805 070400;4162.215000;4164.095000;4162.185000;4163.975000;0
20260805 070500;4163.795000;4164.535000;4162.965000;4164.135000;0
20260805 070600;4164.215000;4164.865000;4163.905000;4164.365000;0
20260805 070700;4164.275000;4165.055000;4163.555000;4164.695000;0
20260805 070800;4164.685000;4164.935000;4163.775000;4164.145000;0
20260805 070900;4164.125000;4166.485000;4164.075000;4166.405000;0
20260805 071000;4166.445000;4168.515000;4165.925000;4167.715000;0
20260805 071100;4167.615000;4169.315000;4167.115000;4168.925000;0
20260805 071200;4168.855000;4170.875000;4168.325000;4168.555000;0
20260805 071300;4168.565000;4169.405000;4168.115000;4168.785000;0
20260805 071400;4168.885000;4170.865000;4168.765000;4170.745000;0
20260805 071500;4170.745000;4171.375000;4169.855000;4170.115000;0
20260805 071600;4170.025000;4173.655000;4170.025000;4171.715000;0
20260805 071700;4171.515000;4171.585000;4170.795000;4170.955000;0
20260805 071800;4170.875000;4172.035000;4170.665000;4171.735000;0
20260805 071900;4171.755000;4172.075000;4170.785000;4171.225000;0
20260805 072000;4171.225000;4172.905000;4170.735000;4172.405000;0
20260805 072100;4172.495000;4173.035000;4171.765000;4171.785000;0
20260805 072200;4171.755000;4172.085000;4169.695000;4169.905000;0
20260805 072300;4169.985000;4170.655000;4169.515000;4170.565000;0
20260805 072400;4170.655000;4171.065000;4169.855000;4170.135000;0
20260805 072500;4170.025000;4171.975000;4169.405000;4169.575000;0
20260805 072600;4169.575000;4170.515000;4169.135000;4170.515000;0
20260805 072700;4170.645000;4176.815000;4170.645000;4176.405000;0
20260805 072800;4176.405000;4180.695000;4176.265000;4178.025000;0
20260805 072900;4177.895000;4177.895000;4173.695000;4175.805000;0
20260805 073000;4175.905000;4176.555000;4173.835000;4176.385000;0
20260805 073100;4176.755000;4179.605000;4175.775000;4179.365000;0
20260805 073200;4179.885000;4180.565000;4177.765000;4180.155000;0
20260805 073300;4180.025000;4181.595000;4178.765000;4180.685000;0
20260805 073400;4180.685000;4180.965000;4180.115000;4180.595000;0
20260805 073500;4180.575000;4182.445000;4180.525000;4181.735000;0
20260805 073600;4181.855000;4185.875000;4181.855000;4185.295000;0
20260805 073700;4185.425000;4187.425000;4184.735000;4185.985000;0
20260805 073800;4185.945000;4186.905000;4185.125000;4185.435000;0
20260805 073900;4185.575000;4186.355000;4184.305000;4184.805000;0
20260805 074000;4184.915000;4185.225000;4182.385000;4183.055000;0
20260805 074100;4183.215000;4185.455000;4182.755000;4184.405000;0
20260805 074200;4184.285000;4187.225000;4184.225000;4187.225000;0
20260805 074300;4187.355000;4188.075000;4186.445000;4187.525000;0
20260805 074400;4187.525000;4188.505000;4184.125000;4184.705000;0
20260805 074500;4184.705000;4185.015000;4182.605000;4183.435000;0
20260805 074600;4183.585000;4185.925000;4183.145000;4185.875000;0
20260805 074700;4185.875000;4186.305000;4183.765000;4184.425000;0
20260805 074800;4184.385000;4186.975000;4183.985000;4186.585000;0
20260805 074900;4186.625000;4186.885000;4185.255000;4185.345000;0
20260805 075000;4185.315000;4187.175000;4185.215000;4186.815000;0
20260805 075100;4186.985000;4188.245000;4186.755000;4187.385000;0
20260805 075200;4187.375000;4188.695000;4187.215000;4188.425000;0
20260805 075300;4188.415000;4188.935000;4187.885000;4188.575000;0
20260805 075400;4188.625000;4189.075000;4188.155000;4188.775000;0
20260805 075500;4188.755000;4189.965000;4188.365000;4188.805000;0
20260805 075600;4188.805000;4189.995000;4187.995000;4189.685000;0
20260805 075700;4189.515000;4191.025000;4188.735000;4190.455000;0
20260805 075800;4190.565000;4192.375000;4190.385000;4191.255000;0
20260805 075900;4191.125000;4191.125000;4188.445000;4188.495000;0
20260805 080000;4188.495000;4191.125000;4188.495000;4191.055000;0
20260805 080100;4191.005000;4191.095000;4189.225000;4191.015000;0
20260805 080200;4191.035000;4193.295000;4190.895000;4190.995000;0
20260805 080300;4190.965000;4192.925000;4190.675000;4192.705000;0
20260805 080400;4192.615000;4194.965000;4192.325000;4194.475000;0
20260805 080500;4194.275000;4197.185000;4193.765000;4196.455000;0
20260805 080600;4196.325000;4198.625000;4195.665000;4197.225000;0
20260805 080700;4197.195000;4197.195000;4197.195000;4197.195000;0
20260805 080600;4197.285000;4197.285000;4197.025000;4197.065000;0
20260805 080700;4197.065000;4199.045000;4195.185000;4197.365000;0
20260805 080800;4197.275000;4198.415000;4196.315000;4197.495000;0
20260805 080900;4197.475000;4198.425000;4196.525000;4197.635000;0
20260805 081000;4197.635000;4199.655000;4197.145000;4197.805000;0
20260805 081100;4197.655000;4198.945000;4197.005000;4197.315000;0
20260805 081200;4197.335000;4199.405000;4197.335000;4198.675000;0
20260805 081300;4198.655000;4199.685000;4198.235000;4199.565000;0
20260805 081400;4199.505000;4199.505000;4196.095000;4196.475000;0
20260805 081500;4196.435000;4200.635000;4196.435000;4198.745000;0
20260805 081600;4198.745000;4203.985000;4198.485000;4203.985000;0
20260805 081700;4204.095000;4207.255000;4203.735000;4205.445000;0
20260805 081800;4205.445000;4208.635000;4204.925000;4208.085000;0
20260805 081900;4207.955000;4207.955000;4203.925000;4205.075000;0
20260805 082000;4205.075000;4209.755000;4205.045000;4208.795000;0
20260805 082100;4208.715000;4211.065000;4208.465000;4209.425000;0
20260805 082200;4209.405000;4212.395000;4209.365000;4212.395000;0
20260805 082300;4212.345000;4213.265000;4209.805000;4210.105000;0
20260805 082400;4209.985000;4211.805000;4209.985000;4211.175000;0
20260805 082500;4211.175000;4211.655000;4208.745000;4209.015000;0
20260805 082600;4209.115000;4209.115000;4206.985000;4208.135000;0
20260805 082700;4208.455000;4210.515000;4207.565000;4210.095000;0
20260805 082800;4210.165000;4210.715000;4205.395000;4205.395000;0
20260805 082900;4205.405000;4206.975000;4204.725000;4205.095000;0
20260805 083000;4205.165000;4208.815000;4205.165000;4205.495000;0
20260805 083100;4205.135000;4205.625000;4199.645000;4199.645000;0
20260805 083200;4199.445000;4201.025000;4197.525000;4198.635000;0
20260805 083300;4198.735000;4199.635000;4198.475000;4199.185000;0
20260805 083400;4199.315000;4200.455000;4198.155000;4199.445000;0
20260805 083500;4199.515000;4201.105000;4198.205000;4200.235000;0
20260805 083600;4200.225000;4204.025000;4199.085000;4202.935000;0
20260805 083700;4202.905000;4202.905000;4199.825000;4200.915000;0
20260805 083800;4200.995000;4202.295000;4200.545000;4201.735000;0
20260805 083900;4202.005000;4202.085000;4199.755000;4200.125000;0
20260805 084000;4200.145000;4200.605000;4196.085000;4196.285000;0
20260805 084100;4196.415000;4197.075000;4195.555000;4196.245000;0
20260805 084200;4196.345000;4196.805000;4193.335000;4193.445000;0
20260805 084300;4193.535000;4195.665000;4192.935000;4193.045000;0
20260805 084400;4192.935000;4194.495000;4192.535000;4194.495000;0
20260805 084500;4194.595000;4194.645000;4192.335000;4192.705000;0
20260805 084600;4192.705000;4192.875000;4191.165000;4191.495000;0
20260805 084700;4191.595000;4194.545000;4190.785000;4193.205000;0
20260805 084800;4193.205000;4195.475000;4192.335000;4195.355000;0
20260805 084900;4195.385000;4195.385000;4192.775000;4193.455000;0
20260805 085000;4193.565000;4193.715000;4191.105000;4191.285000;0
20260805 085100;4191.285000;4191.595000;4190.605000;4190.965000;0
20260805 085200;4190.845000;4191.625000;4188.485000;4189.355000;0
20260805 085300;4189.355000;4189.645000;4186.845000;4187.415000;0
20260805 085400;4187.415000;4188.105000;4186.325000;4187.195000;0
20260805 085500;4187.305000;4188.415000;4186.515000;4187.285000;0
20260805 085600;4187.305000;4188.505000;4186.085000;4186.115000;0
20260805 085700;4186.105000;4186.355000;4183.195000;4183.465000;0
20260805 085800;4183.305000;4185.225000;4182.905000;4184.995000;0
20260805 085900;4185.195000;4185.875000;4183.435000;4183.695000;0
20260805 090000;4183.695000;4190.965000;4183.555000;4186.835000;0
20260805 090100;4186.955000;4190.055000;4186.605000;4188.635000;0
20260805 090200;4188.635000;4191.255000;4188.325000;4190.945000;0
20260805 090300;4190.735000;4194.795000;4190.525000;4194.525000;0
20260805 090400;4194.525000;4195.085000;4192.135000;4193.785000;0
20260805 090500;4193.675000;4194.955000;4191.895000;4194.955000;0
20260805 090600;4194.955000;4195.815000;4194.105000;4194.785000;0
20260805 090700;4194.785000;4195.965000;4191.105000;4193.335000;0
20260805 090800;4193.335000;4196.955000;4192.855000;4194.835000;0
20260805 090900;4194.695000;4195.685000;4193.235000;4193.835000;0
20260805 091000;4193.835000;4194.335000;4193.125000;4193.925000;0
20260805 091100;4193.925000;4195.245000;4191.175000;4191.195000;0
20260805 091200;4191.195000;4191.385000;4186.705000;4189.555000;0
20260805 091300;4189.555000;4190.135000;4187.005000;4187.825000;0
20260805 091400;4187.865000;4188.255000;4186.725000;4187.735000;0
20260805 091500;4187.965000;4188.395000;4186.415000;4187.905000;0
20260805 091600;4188.035000;4189.185000;4187.115000;4187.755000;0
20260805 091700;4187.895000;4188.945000;4187.255000;4187.745000;0
20260805 091800;4187.915000;4188.175000;4185.505000;4187.515000;0
20260805 091900;4187.665000;4190.505000;4187.505000;4190.235000;0
20260805 092000;4190.105000;4191.895000;4189.885000;4191.195000;0
20260805 092100;4191.115000;4194.625000;4190.925000;4194.355000;0
20260805 092200;4194.545000;4196.815000;4193.155000;4196.345000;0
20260805 092300;4196.045000;4197.375000;4195.625000;4195.625000;0
20260805 092400;4195.465000;4196.335000;4193.615000;4194.305000;0
20260805 092500;4194.355000;4196.995000;4193.205000;4195.355000;0
20260805 092600;4195.125000;4195.375000;4193.375000;4194.525000;0
20260805 092700;4194.415000;4195.685000;4193.065000;4194.815000;0
20260805 092800;4194.985000;4197.505000;4194.415000;4196.255000;0
20260805 092900;4196.255000;4197.945000;4195.875000;4196.785000;0
20260805 093000;4196.925000;4199.465000;4194.475000;4195.755000;0
20260805 093100;4195.645000;4199.975000;4194.595000;4199.865000;0
20260805 093200;4199.865000;4201.115000;4198.365000;4199.965000;0
20260805 093300;4200.125000;4202.435000;4200.015000;4200.345000;0
20260805 093400;4200.345000;4203.775000;4199.115000;4202.125000;0
20260805 093500;4202.035000;4202.855000;4198.565000;4198.875000;0
20260805 093600;4198.735000;4199.055000;4195.935000;4196.665000;0
20260805 093700;4196.665000;4197.585000;4192.355000;4194.015000;0
20260805 093800;4193.865000;4195.385000;4192.965000;4195.385000;0
20260805 093900;4195.485000;4204.175000;4193.005000;4200.965000;0
20260805 094000;4200.545000;4200.545000;4200.545000;4200.545000;0
20260805 093900;4200.695000;4200.695000;4200.695000;4200.695000;0
20260805 094000;4200.845000;4203.825000;4197.575000;4200.845000;0
20260805 094100;4200.785000;4201.875000;4198.975000;4199.665000;0
20260805 094200;4199.665000;4200.965000;4198.865000;4199.185000;0
20260805 094300;4199.055000;4199.765000;4197.245000;4199.125000;0
20260805 094400;4199.295000;4200.275000;4197.145000;4197.295000;0
20260805 094500;4197.655000;4199.275000;4193.035000;4193.345000;0
20260805 094600;4193.525000;4196.115000;4192.725000;4193.335000;0
20260805 094700;4193.195000;4195.085000;4193.035000;4193.635000;0
20260805 094800;4193.635000;4194.685000;4191.465000;4192.105000;0
20260805 094900;4192.235000;4193.295000;4190.635000;4193.165000;0
20260805 095000;4193.195000;4194.395000;4189.275000;4190.735000;0
20260805 095100;4190.735000;4192.455000;4189.985000;4191.245000;0
20260805 095200;4191.515000;4198.485000;4191.255000;4198.345000;0
20260805 095300;4198.485000;4200.835000;4198.135000;4199.205000;0
20260805 095400;4199.315000;4200.905000;4199.245000;4200.775000;0
20260805 095500;4200.775000;4201.965000;4199.775000;4201.155000;0
20260805 095600;4201.275000;4202.135000;4200.485000;4201.565000;0
20260805 095700;4201.765000;4204.555000;4200.985000;4203.115000;0
20260805 095800;4202.755000;4204.335000;4202.075000;4202.075000;0
20260805 095900;4202.195000;4206.405000;4201.775000;4205.565000;0
20260805 100000;4203.995000;4206.975000;4203.115000;4205.935000;0
20260805 100100;4205.775000;4208.385000;4204.475000;4208.045000;0
20260805 100200;4207.835000;4208.465000;4205.495000;4208.355000;0
20260805 100300;4208.305000;4209.975000;4205.645000;4208.655000;0
20260805 100400;4208.405000;4210.555000;4208.285000;4210.465000;0
20260805 100500;4210.465000;4219.115000;4210.205000;4216.735000;0
20260805 100600;4216.745000;4219.915000;4216.335000;4219.795000;0
20260805 100700;4219.895000;4223.155000;4218.665000;4222.735000;0
20260805 100800;4222.675000;4226.795000;4222.485000;4225.085000;0
20260805 100900;4224.985000;4228.295000;4224.755000;4227.325000;0
20260805 101000;4227.425000;4232.345000;4227.165000;4232.035000;0
20260805 101100;4231.825000;4234.655000;4231.585000;4233.005000;0
20260805 101200;4233.115000;4233.965000;4228.035000;4228.035000;0
20260805 101300;4228.065000;4228.995000;4225.465000;4228.035000;0
20260805 101400;4228.135000;4231.305000;4227.715000;4229.275000;0
20260805 101500;4229.165000;4231.455000;4228.415000;4228.675000;0
20260805 101600;4228.765000;4231.235000;4228.455000;4230.045000;0
20260805 101700;4230.045000;4230.045000;4230.045000;4230.045000;0
20260805 101600;4230.045000;4230.045000;4230.045000;4230.045000;0
20260805 101700;4229.785000;4230.525000;4226.375000;4229.475000;0
20260805 101800;4229.755000;4235.995000;4229.755000;4235.325000;0
20260805 101900;4235.595000;4238.605000;4234.795000;4236.215000;0
20260805 102000;4236.335000;4237.985000;4233.705000;4237.565000;0
20260805 102100;4237.475000;4238.055000;4235.065000;4235.705000;0
20260805 102200;4235.615000;4235.775000;4231.405000;4233.925000;0
20260805 102300;4234.045000;4234.085000;4230.405000;4231.385000;0
20260805 102400;4231.515000;4233.435000;4231.175000;4231.685000;0
20260805 102500;4231.625000;4236.995000;4231.365000;4236.075000;0
20260805 102600;4236.125000;4238.595000;4235.625000;4236.345000;0
20260805 102700;4236.315000;4238.655000;4234.935000;4236.955000;0
20260805 102800;4237.095000;4238.135000;4235.895000;4237.685000;0
20260805 102900;4237.725000;4240.425000;4235.885000;4236.765000;0
20260805 103000;4236.665000;4240.915000;4235.925000;4239.285000;0
20260805 103100;4239.415000;4242.165000;4238.075000;4238.935000;0
20260805 103200;4238.975000;4239.425000;4233.935000;4234.455000;0
20260805 103300;4234.415000;4236.595000;4232.745000;4235.195000;0
20260805 103400;4235.235000;4235.235000;4229.255000;4230.665000;0
20260805 103500;4230.665000;4233.295000;4229.635000;4231.465000;0
20260805 103600;4231.215000;4232.335000;4230.245000;4231.445000;0
20260805 103700;4231.435000;4232.465000;4228.535000;4230.525000;0
20260805 103800;4230.605000;4232.755000;4229.945000;4231.735000;0
20260805 103900;4231.845000;4233.845000;4229.675000;4231.385000;0
20260805 104000;4231.425000;4233.075000;4229.535000;4232.695000;0
20260805 104100;4232.695000;4233.815000;4231.195000;4232.265000;0
20260805 104200;4232.265000;4238.045000;4232.255000;4237.525000;0
20260805 104300;4237.525000;4241.405000;4236.515000;4241.405000;0
20260805 104400;4241.285000;4243.455000;4240.505000;4242.955000;0
20260805 104500;4243.205000;4243.765000;4242.155000;4242.565000;0
20260805 104600;4242.565000;4243.525000;4240.985000;4241.885000;0
20260805 104700;4241.545000;4243.525000;4241.255000;4242.835000;0
20260805 104800;4242.625000;4244.345000;4241.915000;4243.565000;0
20260805 104900;4243.595000;4247.355000;4242.635000;4247.075000;0
20260805 105000;4247.215000;4247.245000;4244.875000;4245.405000;0
20260805 105100;4245.405000;4245.465000;4239.425000;4241.145000;0
20260805 105200;4241.135000;4241.135000;4237.005000;4238.375000;0
20260805 105300;4238.295000;4238.575000;4233.035000;4235.335000;0
20260805 105400;4235.335000;4238.195000;4234.515000;4237.565000;0
20260805 105500;4237.655000;4238.785000;4235.685000;4238.275000;0
20260805 105600;4238.605000;4242.815000;4236.735000;4242.535000;0
20260805 105700;4242.585000;4245.695000;4242.305000;4243.835000;0
20260805 105800;4243.715000;4244.605000;4242.705000;4243.735000;0
20260805 105900;4243.555000;4245.665000;4242.685000;4243.945000;0
20260805 110000;4243.945000;4249.205000;4242.495000;4248.855000;0
20260805 110100;4248.855000;4250.435000;4248.125000;4249.505000;0
20260805 110200;4249.395000;4257.435000;4249.395000;4255.575000;0
20260805 110300;4255.705000;4258.415000;4255.205000;4256.195000;0
20260805 110400;4256.305000;4259.325000;4255.105000;4255.215000;0
20260805 110500;4255.225000;4259.065000;4255.005000;4256.675000;0
20260805 110600;4257.055000;4258.025000;4251.015000;4254.025000;0
20260805 110700;4254.065000;4255.065000;4252.285000;4253.105000;0
20260805 110800;4253.005000;4255.455000;4251.445000;4254.785000;0
20260805 110900;4254.615000;4256.275000;4253.615000;4256.115000;0
20260805 111000;4256.115000;4260.025000;4255.235000;4259.595000;0
20260805 111100;4259.815000;4260.815000;4258.145000;4260.045000;0
20260805 111200;4259.945000;4260.315000;4258.055000;4259.285000;0
20260805 111300;4259.285000;4259.375000;4257.685000;4258.275000;0
20260805 111400;4258.275000;4259.775000;4257.485000;4257.735000;0
20260805 111500;4257.855000;4258.375000;4254.745000;4254.745000;0
20260805 111600;4254.595000;4255.895000;4253.365000;4255.715000;0
20260805 111700;4255.615000;4256.425000;4253.675000;4253.965000;0
20260805 111800;4253.825000;4254.255000;4249.975000;4252.985000;0
20260805 111900;4253.175000;4257.715000;4253.065000;4257.035000;0
20260805 112000;4257.205000;4259.865000;4255.925000;4259.385000;0
20260805 112100;4259.485000;4260.115000;4258.185000;4260.075000;0
20260805 112200;4259.945000;4261.785000;4259.165000;4261.305000;0
20260805 112300;4261.305000;4261.695000;4259.395000;4260.155000;0
20260805 112400;4260.155000;4261.155000;4259.685000;4259.895000;0
20260805 112500;4259.805000;4261.265000;4259.655000;4260.805000;0
20260805 112600;4261.085000;4264.875000;4260.135000;4264.485000;0
20260805 112700;4264.715000;4264.915000;4260.455000;4260.595000;0
20260805 112800;4260.795000;4260.825000;4257.745000;4258.795000;0
20260805 112900;4259.025000;4259.385000;4256.815000;4257.105000;0
20260805 113000;4257.245000;4257.625000;4254.395000;4256.585000;0
20260805 113100;4256.685000;4258.785000;4256.155000;4257.675000;0
20260805 113200;4257.675000;4259.015000;4257.215000;4258.385000;0
20260805 113300;4258.495000;4259.145000;4256.585000;4257.015000;0
20260805 113400;4256.755000;4257.185000;4254.385000;4254.845000;0
20260805 113500;4254.805000;4256.085000;4254.215000;4255.735000;0
20260805 113600;4255.765000;4256.745000;4254.765000;4256.345000;0
20260805 113700;4256.475000;4258.095000;4255.785000;4255.785000;0
20260805 113800;4255.915000;4259.635000;4255.915000;4258.675000;0
20260805 113900;4258.765000;4258.975000;4256.935000;4257.505000;0
20260805 114000;4257.565000;4257.565000;4255.185000;4256.395000;0
20260805 114100;4256.335000;4257.385000;4255.175000;4256.635000;0
20260805 114200;4256.525000;4256.525000;4255.435000;4255.765000;0
20260805 114300;4255.655000;4255.865000;4253.495000;4254.185000;0
20260805 114400;4254.205000;4255.925000;4252.165000;4255.635000;0
20260805 114500;4255.565000;4255.715000;4250.965000;4252.725000;0
20260805 114600;4252.785000;4253.055000;4250.875000;4250.975000;0
20260805 114700;4251.555000;4252.155000;4249.415000;4251.225000;0
20260805 114800;4251.045000;4253.185000;4249.725000;4253.005000;0
20260805 114900;4253.005000;4253.275000;4249.095000;4249.735000;0
20260805 115000;4249.735000;4250.185000;4244.985000;4245.695000;0
20260805 115100;4245.725000;4246.995000;4243.465000;4244.055000;0
20260805 115200;4243.995000;4244.285000;4241.095000;4242.265000;0
20260805 115300;4242.085000;4244.495000;4241.215000;4242.255000;0
20260805 115400;4242.255000;4243.265000;4240.965000;4243.035000;0
20260805 115500;4242.985000;4243.155000;4239.315000;4240.185000;0
20260805 115600;4240.155000;4240.285000;4237.055000;4237.315000;0
20260805 115700;4237.245000;4237.395000;4232.955000;4233.805000;0
20260805 115800;4233.675000;4235.325000;4232.935000;4234.385000;0
20260805 115900;4234.675000;4236.225000;4231.975000;4232.515000;0
20260805 120000;4232.555000;4234.155000;4229.565000;4232.135000;0
20260805 120100;4232.375000;4232.855000;4230.395000;4231.465000;0
20260805 120200;4230.995000;4231.385000;4227.655000;4230.265000;0
20260805 120300;4230.475000;4230.475000;4225.245000;4225.565000;0
20260805 120400;4225.475000;4227.035000;4225.165000;4225.695000;0
20260805 120500;4225.645000;4229.945000;4224.515000;4229.935000;0
20260805 120600;4230.155000;4233.765000;4228.925000;4231.445000;0
20260805 120700;4231.335000;4233.925000;4230.235000;4233.925000;0
20260805 120800;4233.925000;4234.675000;4232.565000;4232.925000;0
20260805 120900;4232.925000;4235.535000;4232.715000;4235.325000;0
20260805 121000;4235.325000;4236.045000;4233.395000;4234.625000;0
20260805 121100;4234.625000;4235.375000;4232.525000;4233.715000;0
20260805 121200;4233.715000;4233.715000;4231.745000;4232.875000;0
20260805 121300;4232.775000;4233.815000;4231.855000;4232.695000;0
20260805 121400;4232.515000;4234.055000;4231.935000;4234.055000;0
20260805 121500;4234.075000;4234.855000;4232.425000;4233.785000;0
20260805 121600;4233.785000;4235.825000;4233.365000;4235.315000;0
20260805 121700;4235.315000;4236.795000;4233.955000;4235.935000;0
20260805 121800;4236.055000;4236.095000;4234.105000;4234.385000;0
20260805 121900;4234.385000;4235.885000;4232.845000;4233.505000;0
20260805 122000;4233.505000;4236.325000;4233.315000;4235.515000;0
20260805 122100;4235.185000;4236.245000;4234.645000;4235.745000;0
20260805 122200;4235.845000;4237.495000;4235.315000;4236.725000;0
20260805 122300;4236.615000;4240.285000;4236.615000;4239.745000;0
20260805 122400;4239.855000;4240.195000;4237.805000;4238.505000;0
20260805 122500;4238.625000;4241.305000;4238.505000;4240.605000;0
20260805 122600;4240.605000;4240.945000;4239.945000;4240.295000;0
20260805 122700;4240.295000;4240.575000;4238.995000;4239.745000;0
20260805 122800;4239.895000;4241.675000;4239.315000;4240.835000;0
20260805 122900;4240.835000;4241.375000;4240.155000;4241.185000;0
20260805 123000;4241.205000;4243.515000;4240.385000;4240.785000;0
20260805 123100;4240.785000;4240.785000;4238.805000;4239.935000;0
20260805 123200;4239.825000;4240.955000;4238.815000;4239.705000;0
20260805 123300;4239.705000;4240.195000;4238.895000;4239.975000;0
20260805 123400;4239.975000;4241.165000;4239.815000;4240.605000;0
20260805 123500;4240.735000;4241.215000;4240.095000;4240.995000;0
20260805 123600;4241.125000;4243.265000;4241.015000;4243.175000;0
20260805 123700;4243.175000;4244.715000;4242.275000;4244.195000;0
20260805 123800;4244.195000;4245.485000;4244.085000;4244.525000;0
20260805 123900;4244.635000;4245.195000;4243.255000;4243.485000;0
20260805 124000;4243.705000;4245.575000;4243.475000;4245.495000;0
20260805 124100;4245.625000;4246.775000;4245.225000;4245.375000;0
20260805 124200;4245.375000;4245.985000;4244.775000;4245.695000;0
20260805 124300;4245.655000;4245.845000;4243.165000;4244.945000;0
20260805 124400;4245.225000;4245.485000;4244.295000;4244.425000;0
20260805 124500;4244.525000;4245.495000;4243.355000;4243.355000;0
20260805 124600;4243.355000;4243.625000;4240.725000;4241.945000;0
20260805 124700;4241.945000;4242.435000;4240.975000;4241.455000;0
20260805 124800;4241.535000;4243.655000;4241.535000;4242.845000;0
20260805 124900;4242.845000;4242.955000;4240.715000;4242.345000;0
20260805 125000;4242.345000;4243.565000;4242.205000;4242.955000;0
20260805 125100;4242.955000;4243.805000;4242.245000;4243.335000;0
20260805 125200;4243.355000;4244.515000;4243.155000;4244.385000;0
20260805 125300;4244.505000;4247.175000;4244.275000;4245.775000;0
20260805 125400;4245.505000;4245.655000;4243.625000;4244.395000;0
20260805 125500;4244.395000;4244.395000;4240.225000;4240.765000;0
20260805 125600;4240.955000;4241.165000;4237.995000;4238.815000;0
20260805 125700;4238.815000;4240.555000;4238.815000;4239.955000;0
20260805 125800;4239.955000;4240.735000;4238.915000;4240.305000;0
20260805 125900;4240.185000;4242.625000;4239.995000;4242.015000;0
20260805 130000;4242.235000;4242.595000;4239.365000;4240.805000;0
20260805 130100;4240.805000;4242.565000;4240.295000;4240.405000;0
20260805 130200;4240.405000;4241.015000;4238.965000;4239.995000;0
20260805 130300;4240.115000;4241.365000;4239.655000;4241.225000;0
20260805 130400;4241.225000;4243.285000;4240.905000;4243.285000;0
20260805 130500;4243.395000;4244.205000;4240.855000;4244.165000;0
20260805 130600;4244.055000;4244.135000;4241.985000;4242.235000;0
20260805 130700;4242.235000;4243.755000;4241.855000;4243.755000;0
20260805 130800;4243.755000;4244.005000;4241.675000;4241.925000;0
20260805 130900;4241.925000;4242.875000;4241.425000;4241.425000;0
20260805 131000;4241.425000;4243.305000;4240.955000;4242.245000;0
20260805 131100;4242.005000;4244.105000;4241.455000;4244.105000;0
20260805 131200;4244.105000;4244.105000;4242.395000;4242.985000;0
20260805 131300;4242.985000;4243.205000;4241.715000;4242.025000;0
20260805 131400;4242.025000;4242.245000;4241.225000;4241.965000;0
20260805 131500;4241.845000;4241.845000;4239.765000;4240.535000;0
20260805 131600;4240.535000;4240.755000;4239.545000;4239.645000;0
20260805 131700;4239.645000;4240.685000;4239.525000;4240.165000;0
20260805 131800;4240.085000;4240.655000;4238.245000;4238.785000;0
20260805 131900;4238.785000;4238.995000;4237.875000;4238.615000;0
20260805 132000;4238.475000;4239.105000;4237.095000;4238.635000;0
20260805 132100;4238.685000;4239.315000;4237.385000;4238.095000;0
20260805 132200;4238.215000;4238.215000;4237.145000;4237.985000;0
20260805 132300;4237.985000;4239.025000;4236.615000;4237.685000;0
20260805 132400;4237.545000;4240.245000;4237.195000;4240.005000;0
20260805 132500;4239.845000;4240.085000;4237.115000;4238.425000;0
20260805 132600;4238.555000;4239.645000;4237.935000;4238.205000;0
20260805 132700;4238.345000;4243.405000;4238.305000;4241.905000;0
20260805 132800;4241.905000;4246.525000;4241.905000;4245.535000;0
20260805 132900;4245.425000;4246.225000;4243.115000;4244.615000;0
20260805 133000;4244.425000;4244.485000;4242.055000;4242.875000;0
20260805 133100;4242.685000;4243.205000;4240.745000;4242.055000;0
20260805 133200;4241.905000;4242.305000;4240.675000;4242.145000;0
20260805 133300;4242.145000;4245.755000;4241.575000;4245.535000;0
20260805 133400;4245.535000;4248.055000;4245.535000;4247.935000;0
20260805 133500;4247.935000;4248.545000;4247.355000;4247.685000;0
20260805 133600;4247.915000;4248.165000;4245.835000;4246.585000;0
20260805 133700;4246.585000;4248.035000;4246.585000;4247.665000;0
20260805 133800;4247.475000;4249.645000;4247.075000;4249.325000;0
20260805 133900;4249.075000;4250.435000;4248.925000;4249.895000;0
20260805 134000;4249.825000;4250.945000;4249.445000;4250.435000;0
20260805 134100;4250.315000;4250.425000;4248.095000;4248.095000;0
20260805 134200;4248.135000;4250.055000;4247.455000;4249.655000;0
20260805 134300;4249.545000;4250.115000;4248.605000;4248.605000;0
20260805 134400;4248.795000;4249.395000;4247.915000;4248.065000;0
20260805 134500;4247.945000;4248.795000;4247.645000;4248.795000;0
20260805 134600;4248.935000;4248.935000;4247.395000;4247.725000;0
20260805 134700;4247.725000;4249.615000;4247.135000;4249.325000;0
20260805 134800;4249.325000;4250.735000;4248.595000;4250.155000;0
20260805 134900;4250.155000;4250.455000;4248.335000;4248.865000;0
20260805 135000;4248.715000;4249.665000;4248.265000;4249.435000;0
20260805 135100;4249.445000;4249.735000;4248.405000;4249.455000;0
20260805 135200;4249.285000;4250.095000;4248.845000;4248.915000;0
20260805 135300;4248.935000;4249.475000;4248.645000;4249.075000;0
20260805 135400;4249.045000;4249.355000;4248.995000;4249.095000;0
20260805 135500;4249.295000;4250.265000;4249.195000;4249.825000;0
20260805 135600;4249.815000;4251.455000;4249.335000;4251.355000;0
20260805 135700;4251.175000;4252.205000;4250.855000;4251.685000;0
20260805 135800;4251.625000;4251.755000;4250.695000;4250.775000;0
20260805 135900;4250.805000;4251.395000;4249.845000;4249.885000;0
20260805 140000;4249.535000;4250.985000;4248.775000;4249.665000;0
20260805 140100;4249.635000;4252.535000;4249.625000;4252.245000;0
20260805 140200;4252.155000;4254.335000;4251.965000;4252.575000;0
20260805 140300;4252.535000;4252.965000;4251.375000;4251.845000;0
20260805 140400;4251.845000;4252.995000;4251.485000;4252.755000;0
20260805 140500;4252.615000;4254.705000;4252.525000;4254.655000;0
20260805 140600;4254.655000;4255.925000;4254.265000;4254.815000;0
20260805 140700;4254.815000;4255.485000;4254.385000;4255.305000;0
20260805 140800;4255.245000;4257.065000;4255.085000;4255.575000;0
20260805 140900;4255.555000;4255.635000;4253.995000;4255.375000;0
20260805 141000;4255.315000;4257.045000;4255.315000;4255.715000;0
20260805 141100;4255.425000;4257.325000;4255.425000;4256.655000;0
20260805 141200;4256.675000;4256.885000;4256.125000;4256.455000;0
20260805 141300;4256.405000;4256.515000;4255.365000;4255.805000;0
20260805 141400;4255.955000;4256.075000;4252.825000;4252.855000;0
20260805 141500;4252.855000;4253.675000;4252.685000;4253.345000;0
20260805 141600;4253.215000;4254.475000;4253.085000;4254.205000;0
20260805 141700;4254.175000;4256.075000;4254.175000;4255.345000;0
20260805 141800;4255.245000;4256.125000;4255.085000;4256.105000;0
20260805 141900;4256.105000;4257.095000;4255.745000;4256.795000;0
20260805 142000;4256.795000;4259.365000;4256.625000;4259.185000;0
20260805 142100;4259.165000;4260.835000;4258.945000;4260.165000;0
20260805 142200;4260.415000;4263.505000;4260.415000;4263.315000;0
20260805 142300;4263.425000;4267.715000;4262.225000;4266.145000;0
20260805 142400;4266.355000;4266.785000;4262.015000;4263.285000;0
20260805 142500;4263.175000;4265.415000;4263.005000;4263.965000;0
20260805 142600;4263.935000;4264.775000;4261.925000;4262.325000;0
20260805 142700;4262.415000;4263.425000;4262.195000;4262.605000;0
20260805 142800;4262.605000;4263.225000;4261.955000;4262.925000;0
20260805 142900;4262.925000;4263.615000;4262.205000;4262.675000;0
20260805 143000;4262.535000;4263.455000;4262.175000;4262.965000;0
20260805 143100;4262.915000;4262.915000;4259.905000;4259.985000;0
20260805 143200;4259.985000;4260.495000;4258.285000;4258.785000;0
20260805 143300;4258.675000;4258.675000;4256.355000;4256.865000;0
20260805 143400;4256.865000;4257.495000;4254.255000;4254.935000;0
20260805 143500;4254.915000;4257.285000;4254.875000;4257.285000;0
20260805 143600;4257.285000;4258.015000;4255.505000;4256.055000;0
20260805 143700;4255.815000;4256.855000;4255.685000;4256.305000;0
20260805 143800;4256.185000;4257.905000;4256.055000;4257.475000;0
20260805 143900;4257.475000;4258.105000;4256.955000;4257.215000;0
20260805 144000;4257.065000;4260.055000;4256.845000;4259.325000;0
20260805 144100;4259.215000;4259.735000;4257.445000;4258.765000;0
20260805 144200;4258.765000;4260.065000;4258.085000;4259.885000;0
20260805 144300;4259.785000;4260.125000;4258.855000;4259.535000;0
20260805 144400;4259.505000;4259.625000;4258.315000;4259.055000;0
20260805 144500;4259.085000;4261.235000;4258.935000;4260.225000;0
20260805 144600;4260.225000;4260.225000;4259.555000;4260.005000;0
20260805 144700;4259.965000;4260.525000;4258.765000;4258.995000;0
20260805 144800;4258.975000;4260.735000;4258.585000;4258.665000;0
20260805 144900;4258.635000;4258.895000;4257.785000;4258.595000;0
20260805 145000;4258.755000;4262.445000;4258.265000;4261.635000;0
20260805 145100;4261.785000;4261.935000;4260.175000;4261.255000;0
20260805 145200;4261.175000;4262.135000;4260.825000;4262.115000;0
20260805 145300;4262.115000;4262.485000;4261.405000;4262.085000;0
20260805 145400;4262.305000;4262.385000;4261.835000;4261.945000;0
20260805 145500;4261.835000;4263.455000;4261.055000;4262.795000;0
20260805 145600;4262.935000;4263.335000;4261.975000;4262.385000;0
20260805 145700;4262.385000;4262.865000;4261.705000;4262.175000;0
20260805 145800;4262.175000;4262.275000;4260.365000;4261.295000;0
20260805 145900;4261.355000;4261.605000;4260.545000;4260.665000;0
20260805 150000;4260.785000;4261.745000;4259.115000;4261.745000;0
20260805 150100;4262.055000;4262.055000;4259.725000;4261.565000;0
20260805 150200;4261.335000;4261.695000;4259.595000;4259.835000;0
20260805 150300;4259.725000;4260.465000;4259.355000;4260.195000;0
20260805 150400;4260.325000;4261.815000;4260.145000;4261.815000;0
20260805 150500;4261.815000;4261.815000;4260.785000;4261.145000;0
20260805 150600;4261.245000;4261.245000;4259.355000;4259.675000;0
20260805 150700;4259.485000;4261.045000;4258.475000;4260.525000;0
20260805 150800;4260.525000;4261.365000;4258.565000;4258.565000;0
20260805 150900;4258.565000;4258.685000;4257.345000;4257.565000;0
20260805 151000;4257.355000;4257.535000;4255.875000;4256.595000;0
20260805 151100;4256.595000;4257.215000;4255.875000;4257.215000;0
20260805 151200;4257.215000;4257.855000;4256.905000;4257.545000;0
20260805 151300;4257.655000;4258.505000;4257.355000;4257.525000;0
20260805 151400;4257.415000;4258.685000;4257.285000;4257.745000;0
20260805 151500;4257.855000;4257.965000;4256.665000;4256.815000;0
20260805 151600;4256.935000;4257.045000;4255.095000;4255.245000;0
20260805 151700;4255.135000;4256.095000;4254.465000;4255.405000;0
20260805 151800;4255.505000;4255.795000;4254.135000;4254.135000;0
20260805 151900;4254.255000;4254.355000;4250.275000;4251.555000;0
20260805 152000;4251.645000;4252.385000;4251.025000;4251.135000;0
20260805 152100;4251.245000;4252.535000;4250.155000;4252.135000;0
20260805 152200;4252.135000;4253.565000;4251.565000;4253.455000;0
20260805 152300;4253.785000;4255.385000;4253.435000;4254.305000;0
20260805 152400;4254.305000;4255.415000;4253.825000;4255.095000;0
20260805 152500;4255.095000;4255.965000;4254.645000;4255.455000;0
20260805 152600;4255.445000;4255.765000;4254.785000;4255.395000;0
20260805 152700;4255.445000;4255.565000;4252.805000;4252.905000;0
20260805 152800;4253.015000;4253.755000;4252.595000;4253.755000;0
20260805 152900;4253.945000;4254.095000;4252.675000;4252.785000;0
20260805 153000;4252.785000;4253.895000;4252.635000;4253.255000;0
20260805 153100;4253.115000;4253.225000;4249.195000;4250.025000;0
20260805 153200;4250.235000;4251.745000;4249.875000;4251.125000;0
20260805 153300;4251.095000;4251.435000;4249.435000;4250.295000;0
20260805 153400;4250.035000;4250.635000;4249.495000;4249.525000;0
20260805 153500;4249.545000;4249.935000;4248.085000;4249.875000;0
20260805 153600;4249.875000;4250.045000;4248.985000;4249.835000;0
20260805 153700;4249.935000;4249.975000;4248.125000;4248.745000;0
20260805 153800;4248.685000;4250.865000;4248.615000;4250.055000;0
20260805 153900;4250.055000;4250.215000;4249.115000;4250.095000;0
20260805 154000;4250.095000;4252.815000;4249.845000;4252.675000;0
20260805 154100;4252.625000;4252.845000;4251.075000;4252.035000;0
20260805 154200;4252.035000;4252.965000;4251.265000;4252.585000;0
20260805 154300;4252.585000;4253.475000;4251.265000;4251.605000;0
20260805 154400;4251.365000;4253.115000;4251.235000;4252.875000;0
20260805 154500;4252.765000;4253.255000;4252.215000;4252.235000;0
20260805 154600;4252.225000;4252.325000;4250.845000;4250.895000;0
20260805 154700;4251.015000;4251.885000;4249.985000;4250.025000;0
20260805 154800;4250.155000;4250.155000;4248.465000;4248.635000;0
20260805 154900;4248.635000;4249.025000;4247.885000;4248.345000;0
20260805 155000;4248.475000;4248.625000;4247.005000;4247.205000;0
20260805 155100;4247.205000;4248.885000;4247.175000;4248.835000;0
20260805 155200;4248.855000;4249.475000;4247.845000;4248.235000;0
20260805 155300;4248.215000;4248.695000;4247.185000;4247.355000;0
20260805 155400;4247.335000;4248.755000;4246.895000;4248.655000;0
20260805 155500;4248.605000;4248.985000;4246.585000;4248.465000;0
20260805 155600;4248.435000;4248.895000;4247.835000;4248.565000;0
20260805 155700;4248.715000;4248.945000;4247.265000;4247.535000;0
20260805 155800;4247.405000;4247.725000;4245.955000;4246.695000;0
20260805 155900;4246.595000;4247.525000;4246.185000;4246.705000;0
20260805 160000;4246.655000;4248.315000;4246.385000;4247.695000;0
20260805 160100;4247.785000;4249.335000;4247.765000;4248.235000;0
20260805 160200;4248.065000;4248.345000;4247.005000;4248.335000;0
20260805 160300;4248.335000;4248.585000;4247.155000;4247.405000;0
20260805 160400;4247.445000;4248.595000;4247.295000;4248.265000;0
20260805 160500;4248.265000;4248.725000;4247.245000;4248.395000;0
20260805 160600;4248.395000;4248.685000;4247.475000;4247.725000;0
20260805 160700;4247.725000;4248.355000;4246.985000;4247.215000;0
20260805 160800;4247.355000;4247.445000;4246.675000;4247.175000;0
20260805 160900;4247.065000;4247.455000;4246.675000;4247.455000;0
20260805 161000;4247.585000;4247.875000;4247.275000;4247.535000;0
20260805 161100;4247.225000;4247.935000;4247.225000;4247.655000;0
20260805 161200;4247.435000;4248.355000;4247.215000;4248.025000;0
20260805 161300;4248.135000;4248.485000;4247.945000;4248.305000;0
20260805 161400;4248.465000;4249.375000;4248.365000;4248.925000;0
20260805 161500;4249.045000;4249.405000;4246.855000;4247.185000;0
20260805 161600;4247.345000;4248.145000;4247.345000;4247.665000;0
20260805 161700;4247.535000;4247.625000;4245.325000;4245.685000;0
20260805 161800;4245.685000;4246.555000;4245.685000;4246.325000;0
20260805 161900;4246.325000;4246.455000;4245.785000;4245.815000;0
20260805 162000;4245.805000;4245.825000;4245.285000;4245.715000;0
20260805 162100;4245.825000;4245.965000;4245.145000;4245.325000;0
20260805 162200;4245.485000;4246.365000;4245.405000;4246.045000;0
20260805 162300;4246.155000;4246.355000;4245.975000;4246.045000;0
20260805 162400;4246.155000;4247.065000;4246.055000;4246.715000;0
20260805 162500;4246.475000;4246.475000;4246.185000;4246.415000;0
20260805 162600;4246.245000;4246.245000;4245.215000;4246.075000;0
20260805 162700;4246.195000;4246.315000;4245.535000;4245.535000;0
20260805 162800;4245.645000;4245.855000;4245.505000;4245.755000;0
20260805 162900;4245.885000;4246.655000;4245.395000;4245.945000;0
20260805 163000;4245.945000;4246.625000;4245.645000;4246.435000;0
20260805 163100;4246.795000;4246.925000;4245.665000;4245.825000;0
20260805 163200;4245.935000;4247.245000;4245.895000;4247.245000;0
20260805 163300;4247.245000;4248.325000;4247.135000;4248.315000;0
20260805 163400;4248.315000;4249.355000;4248.095000;4248.955000;0
20260805 163500;4249.085000;4249.115000;4248.405000;4248.655000;0
20260805 163600;4248.525000;4248.525000;4247.135000;4247.475000;0
20260805 163700;4247.345000;4247.565000;4247.075000;4247.165000;0
20260805 163800;4247.165000;4247.165000;4246.455000;4246.905000;0
20260805 163900;4247.005000;4247.005000;4246.435000;4246.605000;0
20260805 164000;4246.605000;4246.865000;4246.465000;4246.865000;0
20260805 164100;4246.865000;4247.315000;4246.275000;4246.285000;0
20260805 164200;4246.125000;4246.415000;4245.915000;4245.945000;0
20260805 164300;4246.085000;4246.085000;4245.555000;4245.625000;0
20260805 164400;4245.375000;4245.485000;4244.985000;4245.245000;0
20260805 164500;4245.085000;4245.455000;4244.905000;4245.405000;0
20260805 164600;4245.295000;4245.475000;4245.045000;4245.155000;0
20260805 164700;4245.055000;4245.185000;4243.675000;4243.795000;0
20260805 164800;4243.915000;4244.285000;4243.695000;4244.025000;0
20260805 164900;4244.145000;4244.145000;4243.855000;4243.985000;0
20260805 165000;4243.885000;4245.175000;4243.885000;4244.155000;0
20260805 165100;4244.285000;4244.285000;4243.595000;4243.845000;0
20260805 165200;4243.955000;4244.705000;4243.775000;4244.705000;0
20260805 165300;4244.515000;4244.625000;4243.715000;4244.015000;0
20260805 165400;4243.915000;4244.395000;4243.895000;4244.055000;0
20260805 165500;4243.915000;4244.295000;4242.825000;4244.185000;0
20260805 165600;4244.045000;4244.785000;4243.825000;4244.785000;0
20260805 165700;4244.795000;4246.195000;4244.375000;4246.065000;0
20260805 165800;4246.035000;4246.825000;4245.705000;4246.675000;0
20260805 165900;4246.555000;4247.515000;4246.555000;4246.805000;0
20260805 180000;4247.545000;4250.095000;4245.725000;4249.485000;0
20260805 180100;4249.915000;4253.655000;4249.395000;4252.945000;0
20260805 180200;4252.875000;4253.795000;4250.775000;4250.935000;0
20260805 180300;4251.095000;4251.905000;4249.655000;4249.655000;0
20260805 180400;4249.685000;4249.685000;4248.165000;4249.085000;0
20260805 180500;4249.255000;4249.255000;4246.035000;4246.625000;0
20260805 180600;4246.395000;4247.715000;4245.345000;4245.925000;0
20260805 180700;4245.675000;4247.985000;4245.465000;4247.235000;0
20260805 180800;4247.425000;4249.125000;4246.435000;4247.875000;0
20260805 180900;4247.745000;4247.845000;4246.155000;4246.275000;0
20260805 181000;4246.795000;4248.115000;4246.105000;4247.995000;0
20260805 181100;4248.105000;4248.305000;4245.410000;4247.985000;0
20260805 181200;4247.885000;4247.885000;4246.385000;4246.705000;0
20260805 181300;4246.915000;4247.395000;4246.125000;4247.385000;0
20260805 181400;4247.265000;4247.625000;4246.395000;4247.205000;0
20260805 181500;4247.115000;4247.945000;4247.005000;4247.735000;0
20260805 181600;4247.485000;4247.925000;4247.145000;4247.875000;0
20260805 181700;4248.115000;4248.115000;4246.785000;4247.335000;0
20260805 181800;4247.195000;4247.515000;4246.555000;4247.165000;0
20260805 181900;4247.285000;4247.675000;4246.885000;4247.375000;0
20260805 182000;4247.005000;4247.845000;4246.435000;4247.505000;0
20260805 182100;4247.075000;4247.825000;4246.515000;4247.605000;0
20260805 182200;4247.505000;4247.945000;4246.995000;4247.135000;0
20260805 182300;4247.245000;4247.745000;4247.025000;4247.175000;0
20260805 182400;4247.315000;4248.375000;4247.315000;4248.005000;0
20260805 182500;4247.675000;4248.205000;4246.865000;4247.195000;0
20260805 182600;4247.085000;4247.785000;4246.815000;4247.185000;0
20260805 182700;4247.345000;4247.815000;4247.055000;4247.215000;0
20260805 182800;4247.525000;4247.725000;4247.015000;4247.115000;0
20260805 182900;4247.215000;4248.175000;4247.075000;4247.775000;0
20260805 183000;4247.595000;4249.795000;4246.955000;4249.565000;0
20260805 183100;4249.435000;4249.435000;4248.665000;4248.805000;0
20260805 183200;4249.035000;4249.350000;4248.215000;4248.855000;0
20260805 183300;4248.755000;4249.555000;4248.755000;4249.145000;0
20260805 183400;4249.265000;4249.630000;4249.065000;4249.350000;0
20260805 183500;4249.245000;4250.125000;4249.245000;4249.815000;0
20260805 183600;4249.695000;4249.965000;4248.945000;4249.295000;0
20260805 183700;4249.165000;4250.075000;4249.005000;4249.290000;0
20260805 183800;4249.195000;4249.567000;4248.755000;4248.875000;0
20260805 183900;4249.015000;4249.255000;4248.655000;4249.225000;0
20260805 184000;4249.065000;4249.855000;4248.765000;4248.825000;0
20260805 184100;4248.715000;4249.480000;4248.675000;4248.825000;0
20260805 184200;4248.965000;4249.145000;4248.575000;4248.645000;0
20260805 184300;4248.835000;4249.357000;4247.395000;4248.285000;0
20260805 184400;4248.395000;4248.405000;4247.505000;4247.935000;0
20260805 184500;4248.035000;4248.205000;4247.545000;4247.985000;0
20260805 184600;4247.805000;4247.935000;4247.585000;4247.705000;0
20260805 184700;4247.815000;4248.895000;4247.445000;4248.615000;0
20260805 184800;4248.755000;4248.755000;4247.695000;4248.585000;0
20260805 184900;4248.475000;4248.872000;4247.755000;4248.265000;0
20260805 185000;4248.125000;4248.835000;4247.845000;4248.325000;0
20260805 185100;4248.355000;4248.475000;4247.735000;4248.235000;0
20260805 185200;4248.365000;4248.975000;4247.625000;4248.975000;0
20260805 185300;4248.835000;4249.005000;4248.315000;4248.415000;0
20260805 185400;4248.065000;4248.685000;4247.755000;4247.815000;0
20260805 185500;4247.935000;4248.735000;4247.925000;4248.045000;0
20260805 185600;4248.175000;4248.445000;4247.745000;4248.235000;0
20260805 185700;4247.915000;4248.985000;4247.705000;4248.605000;0
20260805 185800;4248.725000;4248.725000;4247.495000;4247.755000;0
20260805 185900;4247.755000;4249.365000;4247.595000;4249.035000;0
20260805 190000;4249.075000;4249.275000;4248.195000;4249.075000;0
20260805 190100;4249.075000;4249.755000;4248.575000;4249.025000;0
20260805 190200;4248.945000;4250.745000;4248.945000;4250.745000;0
20260805 190300;4250.745000;4251.095000;4250.325000;4250.995000;0
20260805 190400;4251.135000;4251.985000;4250.925000;4251.785000;0
20260805 190500;4251.885000;4253.415000;4251.035000;4253.275000;0
20260805 190600;4253.275000;4253.515000;4252.845000;4253.195000;0
20260805 190700;4253.395000;4253.395000;4252.105000;4252.245000;0
20260805 190800;4252.185000;4252.245000;4251.065000;4251.075000;0
20260805 190900;4251.015000;4251.235000;4250.815000;4251.195000;0
20260805 191000;4251.135000;4253.595000;4251.095000;4253.345000;0
20260805 191100;4253.225000;4253.945000;4252.805000;4253.945000;0
20260805 191200;4253.755000;4258.055000;4253.515000;4257.045000;0
20260805 191300;4256.905000;4256.905000;4252.515000;4254.035000;0
20260805 191400;4254.895000;4256.315000;4254.685000;4256.125000;0
20260805 191500;4255.985000;4258.755000;4255.715000;4258.635000;0
20260805 191600;4258.745000;4259.285000;4257.535000;4257.585000;0
20260805 191700;4257.485000;4258.915000;4257.485000;4258.445000;0
20260805 191800;4258.285000;4260.575000;4258.035000;4259.515000;0
20260805 191900;4259.685000;4259.875000;4257.675000;4259.495000;0
20260805 192000;4259.665000;4259.665000;4257.725000;4258.105000;0
20260805 192100;4257.985000;4258.495000;4257.505000;4258.365000;0
20260805 192200;4258.475000;4260.645000;4258.225000;4260.485000;0
20260805 192300;4260.315000;4262.655000;4260.315000;4261.925000;0
20260805 192400;4262.175000;4262.315000;4261.435000;4262.065000;0
20260805 192500;4261.745000;4261.745000;4260.315000;4260.425000;0
20260805 192600;4260.205000;4262.345000;4260.065000;4261.965000;0
20260805 192700;4261.825000;4261.985000;4260.725000;4260.915000;0
20260805 192800;4260.805000;4262.955000;4260.805000;4262.645000;0
20260805 192900;4262.395000;4263.965000;4262.215000;4263.205000;0
20260805 193000;4263.365000;4263.665000;4262.205000;4262.375000;0
20260805 193100;4262.255000;4262.955000;4261.825000;4262.655000;0
20260805 193200;4262.755000;4262.805000;4261.865000;4262.175000;0
20260805 193300;4262.075000;4262.355000;4260.935000;4261.645000;0
20260805 193400;4261.535000;4265.305000;4260.735000;4265.055000;0
20260805 193500;4264.905000;4274.555000;4264.905000;4273.765000;0
20260805 193600;4273.645000;4276.795000;4273.335000;4274.845000;0
20260805 193700;4274.365000;4278.705000;4271.225000;4278.705000;0
20260805 193800;4278.805000;4279.635000;4276.875000;4278.105000;0
20260805 193900;4278.105000;4279.605000;4277.375000;4277.765000;0
20260805 194000;4277.885000;4280.315000;4277.785000;4279.465000;0
20260805 194100;4279.585000;4279.795000;4276.285000;4278.185000;0
20260805 194200;4278.265000;4280.905000;4277.245000;4280.905000;0
20260805 194300;4281.035000;4281.755000;4279.395000;4279.395000;0
20260805 194400;4279.295000;4281.795000;4278.785000;4280.475000;0
20260805 194500;4280.225000;4280.495000;4274.125000;4277.715000;0
20260805 194600;4277.825000;4278.895000;4276.455000;4276.875000;0
20260805 194700;4276.935000;4276.935000;4272.615000;4272.625000;0
20260805 194800;4272.875000;4275.355000;4271.835000;4271.895000;0
20260805 194900;4271.675000;4275.685000;4271.675000;4274.305000;0
20260805 195000;4274.435000;4275.145000;4272.335000;4274.615000;0
20260805 195100;4274.615000;4275.097000;4273.255000;4275.097000;0
20260805 195200;4275.165000;4277.135000;4274.955000;4275.945000;0
20260805 195300;4275.745000;4276.995000;4275.405000;4275.405000;0
20260805 195400;4275.515000;4276.555000;4274.545000;4275.435000;0
20260805 195500;4275.535000;4275.795000;4274.505000;4275.405000;0
20260805 195600;4275.405000;4276.745000;4274.595000;4275.935000;0
20260805 195700;4276.215000;4276.385000;4273.955000;4274.315000;0
20260805 195800;4274.555000;4279.395000;4274.555000;4279.005000;0
20260805 195900;4279.245000;4279.515000;4277.045000;4277.985000;0
20260805 200000;4277.985000;4277.985000;4270.375000;4271.605000;0
20260805 200100;4271.575000;4271.575000;4264.685000;4265.005000;0
20260805 200200;4265.085000;4269.495000;4264.745000;4267.475000;0
20260805 200300;4267.355000;4268.205000;4264.485000;4266.455000;0
20260805 200400;4266.675000;4268.755000;4265.255000;4267.935000;0
20260805 200500;4267.845000;4270.055000;4266.785000;4267.575000;0
20260805 200600;4267.565000;4268.855000;4265.835000;4266.665000;0
20260805 200700;4267.055000;4270.945000;4265.825000;4270.925000;0
20260805 200800;4271.115000;4277.085000;4270.515000;4276.845000;0
20260805 200900;4276.645000;4276.665000;4271.065000;4271.235000;0
20260805 201000;4271.095000;4271.095000;4268.595000;4270.785000;0
20260805 201100;4270.655000;4272.825000;4267.655000;4268.215000;0
20260805 201200;4268.085000;4268.515000;4264.185000;4265.885000;0
20260805 201300;4266.175000;4266.175000;4264.335000;4265.315000;0
20260805 201400;4265.455000;4271.245000;4265.175000;4270.375000;0
20260805 201500;4270.375000;4272.685000;4270.265000;4272.535000;0
20260805 201600;4272.655000;4275.395000;4272.225000;4273.295000;0
20260805 201700;4273.155000;4276.755000;4273.155000;4274.175000;0
20260805 201800;4274.335000;4274.875000;4272.285000;4272.665000;0
20260805 201900;4272.775000;4274.635000;4272.045000;4274.365000;0
20260805 202000;4274.255000;4281.645000;4274.255000;4275.225000;0
20260805 202100;4275.385000;4277.825000;4273.255000;4277.755000;0
20260805 202200;4277.655000;4280.895000;4276.135000;4280.645000;0
20260805 202300;4281.015000;4283.525000;4280.195000;4282.825000;0
20260805 202400;4282.905000;4283.875000;4281.635000;4282.245000;0
20260805 202500;4282.435000;4283.625000;4281.905000;4283.115000;0
20260805 202600;4283.225000;4284.455000;4280.785000;4281.395000;0
20260805 202700;4281.495000;4282.045000;4276.945000;4277.425000;0
20260805 202800;4277.425000;4278.005000;4272.495000;4272.825000;0
20260805 202900;4272.545000;4275.475000;4271.735000;4273.805000;0
20260805 203000;4273.685000;4277.425000;4273.575000;4275.345000;0
20260805 203100;4275.375000;4277.115000;4274.795000;4277.005000;0
20260805 203200;4277.005000;4279.085000;4276.425000;4278.345000;0
20260805 203300;4278.165000;4284.645000;4278.165000;4283.925000;0
20260805 203400;4284.045000;4286.605000;4284.045000;4285.855000;0
20260805 203500;4285.725000;4290.895000;4285.425000;4285.905000;0
20260805 203600;4285.905000;4286.365000;4282.495000;4285.325000;0
20260805 203700;4285.315000;4289.555000;4284.285000;4288.075000;0
20260805 203800;4287.775000;4290.145000;4287.205000;4287.935000;0
20260805 203900;4287.935000;4287.965000;4284.995000;4285.225000;0
20260805 204000;4285.295000;4288.625000;4284.895000;4287.925000;0
20260805 204100;4288.045000;4289.015000;4286.485000;4287.415000;0
20260805 204200;4287.255000;4288.605000;4284.025000;4284.255000;0
20260805 204300;4284.055000;4286.085000;4283.945000;4285.505000;0
20260805 204400;4285.515000;4286.615000;4285.315000;4286.015000;0
20260805 204500;4286.205000;4291.575000;4286.205000;4290.675000;0
20260805 204600;4290.575000;4295.355000;4290.445000;4294.245000;0
20260805 204700;4294.045000;4294.555000;4289.535000;4291.375000;0
20260805 204800;4291.375000;4292.425000;4288.675000;4290.165000;0
20260805 204900;4290.315000;4291.535000;4287.285000;4287.385000;0
20260805 205000;4287.185000;4293.305000;4285.725000;4292.755000;0
20260805 205100;4293.055000;4294.535000;4291.015000;4291.865000;0
20260805 205200;4291.865000;4293.425000;4290.855000;4293.225000;0
20260805 205300;4293.295000;4294.805000;4292.195000;4294.415000;0
20260805 205400;4294.535000;4296.545000;4293.995000;4296.175000;0
20260805 205500;4296.365000;4300.005000;4295.215000;4299.295000;0
20260805 205600;4299.255000;4299.545000;4294.115000;4295.235000;0
20260805 205700;4295.065000;4295.915000;4294.285000;4295.045000;0
20260805 205800;4294.995000;4296.195000;4293.765000;4293.765000;0
20260805 205900;4293.665000;4298.305000;4293.325000;4294.505000;0
20260805 210000;4294.385000;4298.835000;4293.105000;4296.405000;0
20260805 210100;4296.455000;4302.405000;4294.835000;4301.695000;0
20260805 210200;4300.865000;4302.515000;4298.225000;4298.325000;0
20260805 210300;4298.175000;4298.445000;4290.985000;4293.255000;0
20260805 210400;4293.285000;4296.275000;4292.185000;4292.545000;0
20260805 210500;4292.615000;4295.455000;4287.665000;4288.465000;0
20260805 210600;4288.305000;4291.075000;4286.555000;4288.625000;0
20260805 210700;4288.335000;4294.835000;4288.075000;4293.625000;0
20260805 210800;4293.805000;4297.995000;4293.805000;4296.435000;0
20260805 210900;4296.555000;4298.135000;4294.645000;4296.725000;0
20260805 211000;4296.335000;4298.315000;4292.915000;4294.055000;0
20260805 211100;4294.205000;4294.425000;4285.415000;4285.735000;0
20260805 211200;4285.865000;4285.865000;4280.065000;4281.865000;0
20260805 211300;4282.035000;4283.315000;4279.695000;4281.615000;0
20260805 211400;4281.615000;4284.735000;4280.555000;4284.325000;0
20260805 211500;4284.455000;4286.405000;4283.825000;4285.885000;0
20260805 211600;4285.435000;4287.075000;4283.195000;4285.465000;0
20260805 211700;4285.405000;4287.665000;4282.855000;4286.335000;0
20260805 211800;4286.475000;4286.475000;4282.905000;4285.035000;0
20260805 211900;4285.295000;4286.105000;4283.105000;4283.475000;0
20260805 212000;4283.705000;4284.595000;4278.895000;4278.895000;0
20260805 212100;4279.145000;4280.205000;4274.715000;4275.205000;0
20260805 212200;4275.105000;4276.705000;4272.465000;4274.345000;0
20260805 212300;4274.515000;4277.345000;4273.545000;4274.505000;0
20260805 212400;4273.695000;4282.915000;4273.695000;4282.875000;0
20260805 212500;4282.925000;4285.725000;4280.675000;4282.925000;0
20260805 212600;4283.045000;4285.385000;4282.985000;4285.245000;0
20260805 212700;4285.415000;4285.815000;4280.185000;4280.505000;0
20260805 212800;4280.715000;4280.795000;4275.025000;4275.475000;0
20260805 212900;4275.365000;4276.755000;4273.195000;4275.695000;0
20260805 213000;4275.805000;4284.555000;4275.455000;4284.305000;0
20260805 213100;4284.125000;4286.425000;4282.005000;4286.195000;0
20260805 213200;4286.325000;4286.325000;4282.535000;4283.895000;0
20260805 213300;4283.675000;4284.275000;4282.145000;4282.815000;0
20260805 213400;4282.565000;4284.345000;4280.465000;4283.665000;0
20260805 213500;4283.855000;4284.555000;4281.235000;4281.855000;0
20260805 213600;4282.025000;4285.625000;4281.185000;4285.355000;0
20260805 213700;4285.395000;4289.035000;4284.155000;4288.415000;0
20260805 213800;4288.375000;4292.845000;4288.365000;4291.505000;0
20260805 213900;4291.615000;4297.085000;4291.215000;4292.305000;0
20260805 214000;4292.745000;4292.745000;4288.215000;4288.495000;0
20260805 214100;4288.615000;4291.145000;4288.425000;4289.085000;0
20260805 214200;4289.175000;4290.665000;4288.025000;4289.445000;0
20260805 214300;4289.255000;4289.435000;4287.605000;4288.285000;0
20260805 214400;4288.395000;4289.145000;4287.195000;4287.195000;0
20260805 214500;4287.385000;4288.065000;4286.125000;4287.325000;0
20260805 214600;4287.285000;4288.325000;4282.715000;4287.895000;0
20260805 214700;4287.935000;4290.845000;4287.235000;4287.665000;0
20260805 214800;4287.555000;4294.905000;4286.945000;4294.745000;0
20260805 214900;4294.675000;4295.315000;4292.135000;4292.755000;0
20260805 215000;4292.885000;4297.105000;4292.285000;4294.065000;0
20260805 215100;4293.895000;4296.305000;4293.565000;4295.035000;0
20260805 215200;4295.135000;4295.165000;4290.595000;4291.425000;0
20260805 215300;4291.595000;4291.925000;4289.385000;4290.725000;0
20260805 215400;4291.125000;4291.125000;4286.945000;4286.945000;0
20260805 215500;4287.025000;4288.645000;4286.205000;4287.815000;0
20260805 215600;4287.695000;4288.545000;4286.565000;4287.235000;0
20260805 215700;4286.605000;4286.975000;4284.455000;4285.665000;0
20260805 215800;4285.795000;4287.635000;4285.155000;4286.825000;0
20260805 215900;4286.995000;4287.995000;4286.055000;4286.055000;0
20260805 220000;4286.235000;4287.895000;4283.295000;4287.895000;0
20260805 220100;4287.775000;4290.715000;4287.385000;4290.185000;0
20260805 220200;4290.035000;4291.225000;4289.715000;4290.415000;0
20260805 220300;4290.475000;4293.195000;4289.905000;4293.025000;0
20260805 220400;4293.045000;4296.825000;4292.785000;4296.465000;0
20260805 220500;4296.585000;4303.615000;4296.585000;4300.415000;0
20260805 220600;4300.415000;4302.355000;4299.155000;4301.585000;0
20260805 220700;4301.655000;4303.745000;4301.655000;4303.045000;0
20260805 220800;4303.345000;4303.745000;4298.595000;4299.015000;0
20260805 220900;4298.955000;4301.375000;4298.755000;4300.895000;0
20260805 221000;4301.095000;4302.265000;4298.985000;4299.145000;0
20260805 221100;4298.945000;4299.555000;4292.125000;4292.745000;0
20260805 221200;4292.565000;4297.795000;4292.565000;4295.315000;0
20260805 221300;4295.795000;4298.625000;4295.665000;4296.115000;0
20260805 221400;4296.115000;4296.355000;4294.185000;4294.795000;0
20260805 221500;4294.595000;4297.475000;4294.515000;4296.975000;0
20260805 221600;4296.975000;4298.445000;4296.565000;4297.735000;0
20260805 221700;4297.825000;4299.745000;4297.605000;4298.325000;0
20260805 221800;4298.095000;4298.495000;4295.845000;4296.035000;0
20260805 221900;4295.835000;4296.165000;4292.235000;4293.635000;0
20260805 222000;4293.635000;4294.185000;4292.435000;4293.175000;0
20260805 222100;4293.015000;4293.955000;4291.855000;4293.725000;0
20260805 222200;4293.725000;4294.685000;4292.765000;4293.795000;0
20260805 222300;4293.445000;4294.115000;4292.155000;4294.035000;0
20260805 222400;4294.035000;4294.815000;4293.195000;4293.335000;0
20260805 222500;4293.305000;4293.625000;4291.595000;4291.885000;0
20260805 222600;4291.745000;4292.915000;4291.485000;4292.295000;0
20260805 222700;4292.185000;4293.535000;4292.145000;4292.985000;0
20260805 222800;4292.795000;4294.795000;4292.095000;4292.315000;0
20260805 222900;4292.175000;4293.825000;4291.725000;4291.885000;0
20260805 223000;4291.885000;4292.265000;4282.455000;4284.425000;0
20260805 223100;4284.355000;4285.625000;4282.785000;4284.425000;0
20260805 223200;4284.345000;4284.635000;4282.035000;4283.145000;0
20260805 223300;4283.265000;4284.395000;4281.805000;4282.415000;0
20260805 223400;4282.895000;4285.695000;4282.035000;4285.695000;0
20260805 223500;4285.515000;4286.485000;4284.745000;4285.995000;0
20260805 223600;4285.885000;4287.005000;4284.005000;4284.385000;0
20260805 223700;4284.385000;4285.625000;4283.735000;4284.455000;0
20260805 223800;4284.615000;4286.915000;4284.175000;4286.305000;0
20260805 223900;4286.305000;4288.195000;4284.725000;4285.195000;0
20260805 224000;4285.045000;4285.295000;4281.275000;4281.485000;0
20260805 224100;4281.605000;4283.535000;4280.695000;4283.225000;0
20260805 224200;4283.315000;4283.565000;4281.225000;4281.355000;0
20260805 224300;4281.475000;4283.475000;4280.555000;4282.985000;0
20260805 224400;4283.035000;4285.655000;4282.695000;4285.375000;0
20260805 224500;4285.655000;4286.685000;4281.515000;4281.735000;0
20260805 224600;4281.635000;4282.915000;4280.805000;4280.875000;0
20260805 224700;4280.915000;4282.885000;4280.915000;4281.355000;0
20260805 224800;4281.435000;4282.075000;4277.725000;4277.765000;0
20260805 224900;4277.895000;4277.925000;4274.755000;4276.335000;0
20260805 225000;4276.555000;4278.615000;4275.645000;4278.615000;0
20260805 225100;4278.595000;4279.635000;4277.395000;4279.635000;0
20260805 225200;4279.745000;4280.405000;4277.335000;4277.995000;0
20260805 225300;4277.995000;4278.645000;4276.005000;4276.285000;0
20260805 225400;4276.405000;4279.305000;4276.295000;4277.695000;0
20260805 225500;4277.525000;4279.435000;4276.255000;4279.295000;0
20260805 225600;4279.215000;4279.625000;4276.825000;4277.215000;0
20260805 225700;4277.175000;4278.755000;4276.575000;4278.195000;0
20260805 225800;4278.305000;4279.395000;4277.495000;4278.635000;0
20260805 225900;4278.735000;4279.195000;4277.205000;4278.245000;0
20260805 230000;4278.305000;4278.315000;4275.185000;4275.815000;0
20260805 230100;4275.705000;4278.125000;4275.315000;4276.265000;0
20260805 230200;4276.375000;4276.575000;4274.855000;4276.095000;0
20260805 230300;4276.365000;4277.035000;4275.275000;4275.495000;0
20260805 230400;4275.605000;4276.255000;4275.285000;4276.215000;0
20260805 230500;4276.115000;4279.855000;4275.825000;4279.395000;0
20260805 230600;4279.275000;4280.215000;4278.415000;4278.485000;0
20260805 230700;4278.555000;4279.395000;4277.985000;4278.515000;0
20260805 230800;4278.615000;4279.345000;4277.665000;4278.685000;0
20260805 230900;4278.815000;4280.725000;4277.745000;4278.955000;0
20260805 231000;4278.685000;4279.835000;4278.495000;4279.575000;0
20260805 231100;4279.575000;4280.125000;4276.785000;4279.215000;0
20260805 231200;4279.105000;4279.105000;4276.885000;4277.775000;0
20260805 231300;4277.665000;4277.855000;4273.675000;4274.975000;0
20260805 231400;4274.865000;4275.925000;4273.515000;4273.705000;0
20260805 231500;4273.605000;4273.965000;4270.115000;4270.325000;0
20260805 231600;4270.445000;4270.735000;4267.735000;4267.965000;0
20260805 231700;4267.965000;4268.575000;4264.255000;4265.455000;0
20260805 231800;4265.585000;4266.775000;4264.115000;4266.675000;0
20260805 231900;4266.725000;4267.195000;4265.205000;4266.775000;0
20260805 232000;4267.125000;4267.215000;4264.505000;4266.055000;0
20260805 232100;4266.075000;4267.145000;4264.695000;4266.935000;0
20260805 232200;4266.925000;4266.965000;4264.945000;4265.615000;0
20260805 232300;4265.765000;4265.765000;4264.155000;4264.765000;0
20260805 232400;4264.345000;4265.735000;4263.475000;4263.685000;0
20260805 232500;4263.865000;4264.665000;4261.215000;4262.105000;0
20260805 232600;4262.235000;4262.545000;4260.925000;4261.825000;0
20260805 232700;4261.875000;4262.035000;4260.535000;4260.915000;0
20260805 232800;4260.835000;4263.825000;4260.685000;4263.495000;0
20260805 232900;4263.485000;4266.085000;4262.555000;4265.975000;0
20260805 233000;4265.825000;4266.495000;4264.275000;4266.315000;0
20260805 233100;4266.425000;4266.485000;4264.985000;4265.215000;0
20260805 233200;4265.145000;4265.705000;4263.625000;4264.395000;0
20260805 233300;4264.345000;4264.745000;4262.945000;4263.875000;0
20260805 233400;4263.985000;4266.305000;4263.875000;4266.165000;0
20260805 233500;4266.175000;4266.255000;4264.815000;4265.375000;0
20260805 233600;4265.195000;4265.475000;4263.585000;4263.815000;0
20260805 233700;4263.925000;4266.265000;4263.615000;4265.205000;0
20260805 233800;4265.165000;4266.465000;4263.905000;4264.295000;0
20260805 233900;4264.215000;4264.755000;4262.885000;4263.425000;0
20260805 234000;4263.695000;4264.225000;4261.625000;4261.805000;0
20260805 234100;4261.915000;4262.945000;4261.275000;4262.825000;0
20260805 234200;4263.005000;4263.155000;4261.265000;4262.245000;0
20260805 234300;4262.375000;4264.135000;4262.145000;4263.015000;0
20260805 234400;4263.135000;4263.855000;4262.085000;4262.645000;0
20260805 234500;4262.725000;4263.365000;4260.715000;4260.915000;0
20260805 234600;4261.025000;4262.055000;4260.035000;4261.445000;0
20260805 234700;4261.775000;4262.325000;4260.835000;4261.875000;0
20260805 234800;4261.735000;4262.385000;4260.015000;4262.335000;0
20260805 234900;4262.335000;4263.435000;4261.765000;4262.725000;0
20260805 235000;4262.575000;4262.725000;4260.905000;4261.145000;0
20260805 235100;4261.215000;4262.335000;4261.215000;4261.675000;0
20260805 235200;4262.055000;4262.475000;4261.255000;4262.245000;0
20260805 235300;4262.345000;4263.935000;4261.915000;4262.555000;0
20260805 235400;4262.765000;4263.565000;4262.445000;4263.205000;0
20260805 235500;4263.175000;4263.755000;4262.725000;4263.075000;0
20260805 235600;4262.845000;4263.775000;4262.265000;4263.465000;0
20260805 235700;4263.435000;4264.375000;4263.105000;4264.175000;0
20260805 235800;4264.055000;4265.445000;4263.385000;4265.295000;0
20260805 235900;4265.265000;4265.565000;4264.735000;4265.345000;0
20260806 000000;4265.155000;4266.465000;4261.785000;4262.955000;0
20260806 000100;4263.225000;4264.185000;4261.795000;4263.255000;0
20260806 000200;4263.035000;4264.565000;4262.435000;4262.605000;0
20260806 000300;4262.725000;4263.565000;4262.625000;4262.855000;0
20260806 000400;4262.855000;4265.105000;4262.475000;4265.035000;0
20260806 000500;4265.125000;4265.665000;4262.785000;4262.785000;0
20260806 000600;4263.175000;4264.705000;4262.965000;4263.675000;0
20260806 000700;4263.675000;4265.665000;4263.205000;4264.725000;0
20260806 000800;4264.745000;4267.065000;4264.745000;4266.305000;0
20260806 000900;4265.925000;4266.895000;4265.305000;4265.605000;0
20260806 001000;4265.715000;4266.585000;4265.205000;4266.035000;0
20260806 001100;4265.915000;4266.065000;4264.885000;4265.505000;0
20260806 001200;4265.055000;4266.265000;4264.285000;4265.545000;0
20260806 001300;4265.275000;4265.655000;4262.835000;4263.125000;0
20260806 001400;4263.015000;4264.145000;4262.105000;4263.105000;0
20260806 001500;4263.005000;4263.515000;4261.845000;4262.405000;0
20260806 001600;4262.905000;4263.385000;4262.725000;4263.065000;0
20260806 001700;4263.065000;4263.705000;4262.365000;4262.475000;0
20260806 001800;4262.765000;4263.625000;4262.095000;4262.265000;0
20260806 001900;4262.375000;4263.055000;4261.185000;4261.405000;0
20260806 002000;4261.515000;4261.645000;4260.305000;4260.885000;0
20260806 002100;4260.895000;4261.965000;4260.875000;4261.825000;0
20260806 002200;4261.975000;4263.025000;4261.685000;4262.685000;0
20260806 002300;4262.455000;4262.805000;4260.765000;4261.885000;0
20260806 002400;4261.845000;4262.025000;4260.085000;4260.195000;0
20260806 002500;4260.325000;4261.815000;4259.695000;4260.165000;0
20260806 002600;4260.255000;4260.945000;4260.255000;4260.645000;0
20260806 002700;4260.645000;4260.645000;4259.155000;4259.315000;0
20260806 002800;4259.285000;4259.804000;4254.405000;4254.645000;0
20260806 002900;4254.765000;4255.355000;4252.355000;4254.905000;0
20260806 003000;4254.925000;4258.585000;4254.925000;4258.445000;0
20260806 003100;4258.345000;4258.795000;4256.815000;4258.495000;0
20260806 003200;4258.295000;4259.025000;4257.465000;4257.665000;0
20260806 003300;4257.675000;4258.205000;4256.015000;4256.075000;0
20260806 003400;4256.185000;4258.205000;4256.185000;4257.985000;0
20260806 003500;4258.085000;4259.545000;4256.575000;4259.365000;0
20260806 003600;4259.365000;4260.545000;4259.185000;4260.515000;0
20260806 003700;4260.515000;4260.835000;4259.945000;4259.965000;0
20260806 003800;4259.965000;4260.185000;4259.095000;4259.655000;0
20260806 003900;4259.775000;4259.775000;4258.905000;4259.215000;0
20260806 004000;4259.325000;4259.885000;4258.035000;4258.655000;0
20260806 004100;4258.585000;4260.445000;4258.345000;4259.235000;0
20260806 004200;4259.405000;4261.005000;4258.985000;4260.755000;0
20260806 004300;4260.775000;4260.785000;4257.925000;4258.075000;0
20260806 004400;4258.235000;4259.035000;4257.465000;4258.845000;0
20260806 004500;4258.845000;4259.085000;4258.375000;4258.715000;0
20260806 004600;4258.595000;4259.465000;4258.355000;4258.915000;0
20260806 004700;4259.025000;4260.165000;4258.845000;4259.755000;0
20260806 004800;4259.895000;4260.565000;4259.525000;4260.415000;0
20260806 004900;4260.575000;4260.575000;4259.395000;4260.115000;0
20260806 005000;4260.175000;4262.425000;4259.835000;4262.145000;0
20260806 005100;4262.145000;4262.845000;4261.545000;4261.675000;0
20260806 005200;4261.575000;4262.135000;4260.035000;4260.465000;0
20260806 005300;4260.655000;4260.835000;4258.075000;4259.065000;0
20260806 005400;4259.065000;4261.795000;4259.065000;4261.795000;0
20260806 005500;4261.795000;4261.845000;4260.425000;4261.445000;0
20260806 005600;4261.325000;4262.425000;4261.265000;4261.905000;0
20260806 005700;4261.865000;4262.295000;4261.635000;4262.065000;0
20260806 005800;4262.095000;4262.545000;4262.025000;4262.055000;0
20260806 005900;4262.055000;4262.325000;4261.705000;4261.795000;0
20260806 010000;4261.525000;4263.105000;4261.315000;4262.765000;0
20260806 010100;4262.645000;4262.925000;4260.775000;4262.825000;0
20260806 010200;4262.645000;4264.115000;4262.385000;4264.025000;0
20260806 010300;4263.905000;4265.185000;4263.465000;4263.675000;0
20260806 010400;4263.575000;4263.955000;4259.005000;4260.335000;0
20260806 010500;4260.175000;4260.725000;4259.115000;4260.085000;0
20260806 010600;4259.985000;4260.325000;4258.535000;4259.385000;0
20260806 010700;4259.225000;4260.465000;4258.965000;4259.355000;0
20260806 010800;4259.345000;4260.315000;4259.275000;4259.715000;0
20260806 010900;4259.705000;4260.295000;4258.975000;4259.535000;0
20260806 011000;4259.505000;4260.375000;4258.445000;4259.795000;0
20260806 011100;4259.675000;4260.245000;4255.975000;4256.795000;0
20260806 011200;4256.905000;4258.435000;4256.715000;4257.375000;0
20260806 011300;4257.445000;4258.395000;4256.915000;4257.235000;0
20260806 011400;4257.345000;4259.345000;4257.125000;4259.065000;0
20260806 011500;4259.025000;4259.045000;4257.025000;4258.075000;0
20260806 011600;4257.935000;4258.165000;4256.445000;4257.855000;0
20260806 011700;4257.905000;4258.755000;4257.655000;4257.825000;0
20260806 011800;4257.905000;4258.155000;4256.815000;4256.865000;0
20260806 011900;4256.995000;4256.995000;4255.765000;4256.465000;0
20260806 012000;4256.595000;4257.145000;4255.975000;4256.615000;0
20260806 012100;4256.715000;4257.185000;4253.805000;4254.245000;0
20260806 012200;4254.365000;4255.175000;4254.185000;4254.355000;0
20260806 012300;4254.475000;4255.155000;4253.585000;4254.165000;0
20260806 012400;4254.415000;4255.085000;4253.735000;4254.975000;0
20260806 012500;4254.795000;4254.985000;4252.965000;4253.565000;0
20260806 012600;4253.675000;4254.725000;4253.645000;4254.435000;0
20260806 012700;4254.695000;4255.105000;4254.125000;4254.555000;0
20260806 012800;4254.555000;4255.085000;4254.015000;4254.745000;0
20260806 012900;4254.645000;4255.305000;4253.405000;4253.605000;0
20260806 013000;4253.815000;4253.815000;4247.065000;4251.965000;0
20260806 013100;4252.620000;4253.125000;4250.425000;4252.475000;0
20260806 013200;4252.515000;4253.165000;4247.905000;4248.025000;0
20260806 013300;4248.245000;4250.975000;4246.925000;4250.315000;0
20260806 013400;4250.445000;4257.745000;4250.155000;4257.425000;0
20260806 013500;4257.245000;4261.395000;4256.905000;4260.075000;0
20260806 013600;4260.185000;4260.585000;4257.745000;4258.295000;0
20260806 013700;4258.095000;4258.915000;4256.445000;4258.915000;0
20260806 013800;4259.025000;4261.915000;4258.785000;4261.515000;0
20260806 013900;4261.225000;4261.905000;4260.845000;4261.585000;0
20260806 014000;4261.715000;4262.325000;4260.955000;4262.105000;0
20260806 014100;4262.495000;4263.415000;4261.225000;4263.265000;0
20260806 014200;4263.325000;4264.615000;4262.975000;4263.825000;0
20260806 014300;4263.925000;4265.745000;4262.115000;4263.065000;0
20260806 014400;4263.095000;4264.025000;4262.155000;4263.405000;0
20260806 014500;4263.575000;4265.275000;4262.435000;4265.105000;0
20260806 014600;4265.075000;4266.425000;4264.935000;4265.295000;0
20260806 014700;4265.295000;4266.075000;4264.415000;4265.585000;0
20260806 014800;4265.375000;4265.835000;4264.605000;4264.935000;0
20260806 014900;4264.955000;4265.075000;4262.035000;4262.235000;0
20260806 015000;4262.345000;4265.985000;4261.875000;4264.755000;0
20260806 015100;4264.715000;4266.625000;4264.715000;4266.285000;0
20260806 015200;4266.235000;4268.245000;4265.715000;4266.885000;0
20260806 015300;4266.845000;4267.625000;4266.425000;4266.795000;0
20260806 015400;4266.885000;4266.985000;4266.235000;4266.655000;0
20260806 015500;4266.645000;4266.755000;4263.915000;4265.215000;0
20260806 015600;4265.275000;4265.755000;4264.655000;4265.055000;0
20260806 015700;4265.255000;4266.455000;4265.065000;4266.355000;0
20260806 015800;4266.355000;4266.855000;4265.555000;4265.815000;0
20260806 015900;4265.695000;4267.715000;4265.015000;4266.805000;0
20260806 020000;4266.935000;4267.375000;4265.265000;4265.625000;0
20260806 020100;4265.735000;4267.175000;4265.115000;4265.825000;0
20260806 020200;4265.715000;4268.365000;4265.565000;4268.145000;0
20260806 020300;4268.245000;4268.245000;4266.945000;4267.935000;0
20260806 020400;4267.765000;4268.225000;4266.695000;4267.125000;0
20260806 020500;4267.255000;4267.825000;4266.455000;4267.605000;0
20260806 020600;4267.475000;4267.865000;4266.295000;4266.515000;0
20260806 020700;4266.385000;4267.225000;4265.715000;4266.545000;0
20260806 020800;4266.675000;4267.355000;4264.835000;4264.915000;0
20260806 020900;4264.535000;4264.675000;4261.455000;4262.525000;0
20260806 021000;4262.415000;4262.565000;4259.675000;4261.245000;0
20260806 021100;4261.355000;4261.585000;4259.595000;4259.845000;0
20260806 021200;4259.945000;4260.775000;4256.985000;4257.605000;0
20260806 021300;4257.765000;4258.415000;4256.985000;4257.885000;0
20260806 021400;4257.995000;4260.375000;4256.335000;4260.375000;0
20260806 021500;4260.025000;4260.965000;4258.095000;4258.095000;0
20260806 021600;4258.195000;4259.015000;4257.755000;4258.255000;0
20260806 021700;4258.375000;4258.385000;4255.505000;4255.825000;0
20260806 021800;4255.675000;4257.545000;4254.195000;4257.525000;0
20260806 021900;4257.685000;4259.805000;4257.125000;4259.655000;0
20260806 022000;4259.535000;4259.845000;4256.285000;4256.585000;0
20260806 022100;4256.465000;4256.925000;4255.525000;4255.525000;0
20260806 022200;4255.685000;4257.325000;4255.145000;4257.035000;0
20260806 022300;4257.245000;4258.145000;4256.665000;4258.055000;0
20260806 022400;4258.155000;4258.925000;4255.585000;4257.455000;0
20260806 022500;4257.315000;4257.315000;4255.345000;4256.415000;0
20260806 022600;4256.285000;4257.185000;4255.905000;4257.065000;0
20260806 022700;4257.065000;4257.065000;4256.265000;4256.555000;0
20260806 022800;4256.335000;4256.495000;4255.395000;4255.965000;0
20260806 022900;4256.085000;4257.825000;4256.085000;4257.265000;0
20260806 023000;4257.405000;4257.735000;4254.955000;4255.095000;0
20260806 023100;4255.205000;4255.695000;4254.375000;4255.155000;0
20260806 023200;4255.285000;4256.605000;4253.965000;4256.125000;0
20260806 023300;4256.225000;4256.325000;4254.315000;4254.575000;0
20260806 023400;4254.745000;4255.225000;4253.965000;4254.505000;0
20260806 023500;4254.815000;4255.535000;4253.485000;4255.055000;0
20260806 023600;4254.915000;4254.915000;4252.655000;4252.655000;0
20260806 023700;4252.785000;4253.715000;4252.655000;4252.925000;0
20260806 023800;4253.075000;4253.775000;4252.595000;4252.895000;0
20260806 023900;4252.995000;4253.925000;4252.825000;4253.345000;0
20260806 024000;4253.295000;4253.295000;4249.405000;4250.165000;0
20260806 024100;4250.295000;4252.705000;4248.975000;4251.605000;0
20260806 024200;4251.635000;4253.645000;4251.495000;4253.025000;0
20260806 024300;4253.165000;4254.635000;4253.145000;4254.635000;0
20260806 024400;4254.745000;4256.395000;4254.255000;4256.395000;0
20260806 024500;4256.335000;4257.525000;4256.085000;4256.985000;0
20260806 024600;4256.875000;4258.055000;4256.165000;4256.765000;0
20260806 024700;4256.875000;4257.325000;4255.565000;4256.445000;0
20260806 024800;4256.335000;4256.555000;4253.865000;4253.875000;0
20260806 024900;4253.995000;4255.205000;4253.865000;4254.595000;0
20260806 025000;4254.755000;4255.585000;4254.105000;4254.375000;0
20260806 025100;4254.265000;4254.545000;4252.545000;4252.745000;0
20260806 025200;4252.615000;4253.925000;4252.185000;4253.815000;0
20260806 025300;4253.795000;4254.235000;4252.145000;4252.945000;0
20260806 025400;4253.155000;4253.375000;4250.785000;4252.185000;0
20260806 025500;4252.225000;4252.665000;4251.805000;4252.625000;0
20260806 025600;4252.325000;4253.325000;4251.905000;4253.075000;0
20260806 025700;4253.075000;4253.595000;4252.565000;4253.325000;0
20260806 025800;4253.195000;4255.385000;4252.235000;4255.325000;0
20260806 025900;4255.335000;4256.245000;4254.975000;4255.875000;0
20260806 030000;4255.815000;4256.095000;4254.075000;4254.555000;0
20260806 030100;4254.445000;4254.865000;4253.005000;4253.625000;0
20260806 030200;4253.625000;4253.955000;4253.035000;4253.625000;0
20260806 030300;4253.695000;4255.685000;4253.605000;4255.375000;0
20260806 030400;4255.375000;4256.675000;4255.225000;4256.015000;0
20260806 030500;4256.175000;4256.835000;4255.625000;4256.635000;0
20260806 030600;4256.615000;4256.985000;4255.545000;4256.075000;0
20260806 030700;4256.055000;4258.785000;4256.055000;4258.605000;0
20260806 030800;4258.595000;4259.935000;4257.445000;4259.085000;0
20260806 030900;4259.205000;4259.895000;4258.645000;4259.315000;0
20260806 031000;4259.315000;4261.445000;4259.215000;4260.095000;0
20260806 031100;4259.745000;4261.485000;4259.735000;4261.385000;0
20260806 031200;4261.445000;4263.515000;4261.445000;4263.245000;0
20260806 031300;4263.105000;4263.565000;4262.495000;4262.735000;0
20260806 031400;4262.735000;4263.435000;4261.665000;4263.035000;0
20260806 031500;4263.165000;4263.235000;4261.105000;4262.365000;0
20260806 031600;4262.235000;4263.135000;4261.615000;4262.135000;0
20260806 031700;4262.135000;4262.165000;4261.425000;4261.615000;0
20260806 031800;4261.515000;4262.975000;4261.515000;4262.415000;0
20260806 031900;4262.405000;4265.215000;4262.375000;4264.325000;0
20260806 032000;4264.225000;4264.725000;4260.725000;4260.815000;0
20260806 032100;4260.765000;4260.815000;4258.135000;4260.165000;0
20260806 032200;4260.255000;4260.845000;4260.005000;4260.335000;0
20260806 032300;4260.335000;4261.145000;4260.085000;4260.875000;0
20260806 032400;4260.915000;4264.045000;4260.915000;4261.655000;0
20260806 032500;4261.575000;4262.465000;4261.195000;4262.035000;0
20260806 032600;4261.925000;4263.035000;4261.925000;4262.675000;0
20260806 032700;4262.725000;4263.615000;4261.915000;4261.915000;0
20260806 032800;4261.845000;4262.275000;4261.295000;4261.585000;0
20260806 032900;4261.625000;4262.355000;4261.405000;4261.605000;0
20260806 033000;4261.645000;4261.755000;4260.065000;4260.085000;0
20260806 033100;4260.105000;4261.365000;4259.915000;4261.365000;0
20260806 033200;4261.365000;4261.445000;4260.425000;4260.975000;0
20260806 033300;4261.015000;4261.205000;4259.925000;4260.625000;0
20260806 033400;4260.625000;4261.185000;4259.645000;4259.705000;0
20260806 033500;4259.545000;4259.775000;4258.655000;4258.945000;0
20260806 033600;4258.815000;4259.365000;4256.895000;4257.365000;0
20260806 033700;4257.395000;4258.735000;4257.395000;4257.885000;0
20260806 033800;4257.985000;4258.415000;4257.045000;4258.305000;0
20260806 033900;4258.425000;4258.425000;4256.325000;4256.635000;0
20260806 034000;4256.605000;4258.145000;4256.405000;4256.905000;0
20260806 034100;4257.035000;4257.265000;4256.295000;4257.155000;0
20260806 034200;4257.155000;4257.335000;4256.195000;4256.475000;0
20260806 034300;4256.625000;4256.795000;4255.845000;4255.955000;0
20260806 034400;4255.815000;4256.025000;4254.545000;4254.695000;0
20260806 034500;4254.845000;4255.175000;4252.765000;4253.245000;0
20260806 034600;4253.155000;4256.135000;4253.005000;4255.235000;0
20260806 034700;4255.355000;4256.785000;4254.595000;4256.665000;0
20260806 034800;4256.715000;4257.185000;4255.835000;4257.095000;0
20260806 034900;4257.095000;4257.095000;4253.955000;4253.955000;0
20260806 035000;4253.955000;4254.945000;4253.205000;4254.665000;0
20260806 035100;4254.805000;4255.535000;4254.225000;4254.835000;0
20260806 035200;4254.825000;4254.995000;4252.555000;4253.895000;0
20260806 035300;4253.895000;4257.385000;4253.895000;4257.385000;0
20260806 035400;4257.385000;4259.555000;4256.915000;4259.555000;0
20260806 035500;4259.445000;4260.475000;4258.535000;4260.305000;0
20260806 035600;4260.135000;4261.065000;4258.605000;4258.645000;0
20260806 035700;4258.555000;4260.555000;4258.225000;4260.555000;0
20260806 035800;4260.495000;4261.915000;4260.415000;4261.535000;0
20260806 035900;4261.535000;4262.715000;4261.135000;4262.525000;0
20260806 040000;4262.635000;4265.455000;4262.315000;4264.575000;0
20260806 040100;4264.555000;4265.355000;4262.255000;4262.255000;0
20260806 040200;4262.255000;4263.965000;4262.255000;4263.835000;0
20260806 040300;4263.865000;4264.185000;4261.255000;4261.375000;0
20260806 040400;4261.375000;4261.925000;4260.015000;4261.285000;0
20260806 040500;4261.465000;4261.735000;4260.275000;4261.735000;0
20260806 040600;4261.855000;4263.405000;4261.255000;4262.935000;0
20260806 040700;4262.935000;4263.655000;4261.745000;4263.245000;0
20260806 040800;4263.255000;4264.085000;4262.815000;4263.935000;0
20260806 040900;4264.155000;4264.715000;4263.355000;4264.425000;0
20260806 041000;4264.415000;4266.035000;4264.415000;4265.655000;0
20260806 041100;4265.655000;4268.025000;4265.655000;4266.675000;0
20260806 041200;4266.625000;4268.085000;4265.615000;4267.695000;0
20260806 041300;4267.705000;4269.285000;4267.045000;4268.135000;0
20260806 041400;4268.135000;4269.055000;4267.675000;4268.785000;0
20260806 041500;4268.605000;4269.655000;4268.265000;4269.405000;0
20260806 041600;4269.405000;4269.995000;4268.385000;4268.885000;0
20260806 041700;4268.865000;4269.905000;4267.855000;4268.465000;0
20260806 041800;4268.335000;4269.475000;4267.475000;4269.025000;0
20260806 041900;4269.005000;4270.555000;4268.725000;4269.205000;0
20260806 042000;4269.295000;4269.295000;4267.185000;4267.185000;0
20260806 042100;4267.195000;4268.745000;4267.135000;4268.275000;0
20260806 042200;4268.305000;4268.475000;4265.195000;4265.565000;0
20260806 042300;4265.505000;4266.385000;4264.475000;4264.475000;0
20260806 042400;4264.435000;4267.225000;4263.795000;4265.595000;0
20260806 042500;4265.425000;4266.905000;4263.375000;4263.905000;0
20260806 042600;4263.915000;4265.985000;4263.875000;4265.685000;0
20260806 042700;4265.825000;4267.945000;4265.755000;4267.915000;0
20260806 042800;4267.555000;4269.165000;4267.245000;4268.915000;0
20260806 042900;4269.005000;4269.235000;4267.285000;4267.735000;0
20260806 043000;4267.715000;4270.315000;4266.345000;4269.885000;0
20260806 043100;4270.005000;4273.135000;4269.505000;4273.135000;0
20260806 043200;4273.195000;4273.635000;4271.795000;4272.255000;0
20260806 043300;4272.215000;4273.775000;4271.575000;4271.865000;0
20260806 043400;4271.965000;4274.185000;4271.965000;4273.505000;0
20260806 043500;4273.405000;4274.805000;4273.285000;4274.775000;0
20260806 043600;4274.715000;4274.765000;4273.255000;4273.455000;0
20260806 043700;4273.305000;4274.745000;4272.615000;4273.685000;0
20260806 043800;4273.675000;4273.745000;4270.805000;4271.315000;0
20260806 043900;4271.325000;4272.335000;4270.965000;4271.295000;0
20260806 044000;4271.325000;4274.035000;4271.285000;4272.725000;0
20260806 044100;4272.755000;4273.065000;4270.545000;4271.025000;0
20260806 044200;4271.005000;4271.715000;4270.515000;4271.465000;0
20260806 044300;4271.295000;4272.775000;4270.645000;4272.275000;0
20260806 044400;4272.245000;4273.415000;4272.245000;4273.105000;0
20260806 044500;4273.215000;4274.975000;4272.655000;4273.625000;0
20260806 044600;4273.685000;4275.335000;4273.325000;4274.465000;0
20260806 044700;4274.355000;4274.435000;4271.085000;4271.225000;0
20260806 044800;4270.965000;4273.025000;4270.195000;4273.005000;0
20260806 044900;4272.935000;4273.655000;4272.245000;4273.595000;0
20260806 045000;4273.305000;4277.275000;4273.215000;4273.465000;0
20260806 045100;4273.445000;4273.585000;4272.585000;4273.265000;0
20260806 045200;4273.265000;4275.335000;4273.055000;4274.875000;0
20260806 045300;4274.715000;4276.335000;4274.225000;4274.905000;0
20260806 045400;4274.765000;4275.755000;4274.365000;4274.995000;0
20260806 045500;4275.025000;4275.115000;4274.185000;4274.885000;0
20260806 045600;4274.845000;4276.085000;4274.495000;4275.095000;0
20260806 045700;4274.905000;4276.395000;4274.905000;4276.335000;0
20260806 045800;4276.255000;4277.485000;4275.875000;4277.405000;0
20260806 045900;4277.415000;4278.705000;4277.045000;4278.065000;0
20260806 050000;4278.055000;4280.355000;4277.195000;4279.165000;0
20260806 050100;4278.795000;4281.395000;4277.965000;4280.405000;0
20260806 050200;4280.685000;4283.565000;4280.615000;4282.005000;0
20260806 050300;4281.875000;4282.595000;4278.585000;4278.965000;0
20260806 050400;4278.905000;4280.125000;4278.255000;4280.125000;0
20260806 050500;4280.135000;4280.585000;4278.205000;4279.315000;0
20260806 050600;4279.205000;4279.595000;4277.665000;4278.915000;0
20260806 050700;4278.585000;4278.895000;4275.875000;4278.725000;0
20260806 050800;4278.715000;4278.835000;4276.285000;4276.505000;0
20260806 050900;4276.555000;4277.425000;4275.985000;4276.505000;0
20260806 051000;4276.455000;4278.105000;4276.345000;4277.125000;0
20260806 051100;4277.095000;4278.425000;4276.655000;4276.655000;0
20260806 051200;4276.555000;4278.325000;4276.365000;4277.265000;0
20260806 051300;4277.285000;4277.465000;4276.355000;4276.465000;0
20260806 051400;4276.425000;4279.625000;4276.425000;4279.625000;0
20260806 051500;4279.875000;4282.235000;4279.425000;4282.125000;0
20260806 051600;4281.985000;4283.025000;4281.615000;4282.245000;0
20260806 051700;4282.245000;4282.665000;4281.095000;4281.385000;0
20260806 051800;4281.505000;4282.395000;4280.955000;4281.735000;0
20260806 051900;4281.485000;4282.805000;4281.395000;4282.415000;0
20260806 052000;4282.555000;4282.555000;4280.385000;4280.505000;0
20260806 052100;4280.505000;4283.125000;4280.505000;4283.005000;0
20260806 052200;4282.975000;4283.115000;4281.595000;4282.275000;0
20260806 052300;4282.415000;4284.555000;4282.375000;4283.775000;0
20260806 052400;4283.775000;4284.145000;4282.885000;4283.355000;0
20260806 052500;4283.465000;4283.465000;4281.325000;4281.445000;0
20260806 052600;4281.415000;4281.435000;4280.025000;4280.285000;0
20260806 052700;4280.065000;4280.885000;4278.255000;4279.165000;0
20260806 052800;4279.045000;4281.885000;4278.815000;4281.605000;0
20260806 052900;4281.535000;4283.355000;4281.215000;4283.335000;0
20260806 053000;4283.295000;4284.235000;4281.765000;4281.915000;0
20260806 053100;4281.915000;4282.565000;4280.585000;4281.515000;0
20260806 053200;4281.515000;4282.695000;4279.405000;4280.545000;0
20260806 053300;4280.545000;4280.605000;4277.665000;4278.015000;0
20260806 053400;4277.905000;4279.115000;4277.905000;4278.745000;0
20260806 053500;4278.745000;4279.465000;4277.255000;4277.915000;0
20260806 053600;4277.915000;4278.705000;4277.395000;4277.515000;0
20260806 053700;4277.675000;4277.785000;4276.845000;4277.065000;0
20260806 053800;4277.175000;4277.435000;4275.895000;4276.245000;0
20260806 053900;4276.245000;4278.835000;4276.245000;4278.485000;0
20260806 054000;4278.605000;4278.835000;4276.075000;4276.285000;0
20260806 054100;4276.185000;4276.585000;4274.315000;4274.315000;0
20260806 054200;4274.465000;4275.325000;4274.165000;4274.675000;0
20260806 054300;4274.675000;4274.745000;4273.045000;4273.045000;0
20260806 054400;4273.165000;4273.245000;4271.445000;4271.445000;0
20260806 054500;4271.625000;4274.395000;4271.505000;4274.285000;0
20260806 054600;4274.325000;4275.105000;4274.035000;4275.085000;0
20260806 054700;4274.915000;4275.145000;4274.145000;4274.645000;0
20260806 054800;4274.845000;4275.405000;4274.235000;4275.405000;0
20260806 054900;4275.405000;4275.955000;4274.755000;4275.825000;0
20260806 055000;4275.735000;4275.785000;4273.705000;4273.935000;0
20260806 055100;4274.055000;4274.335000;4273.205000;4274.225000;0
20260806 055200;4274.225000;4274.615000;4272.905000;4273.185000;0
20260806 055300;4273.185000;4273.925000;4273.115000;4273.505000;0
20260806 055400;4273.675000;4273.675000;4270.975000;4271.285000;0
20260806 055500;4271.415000;4272.325000;4271.305000;4272.065000;0
20260806 055600;4272.115000;4272.375000;4271.135000;4271.525000;0
20260806 055700;4271.575000;4272.275000;4271.345000;4272.275000;0
20260806 055800;4272.275000;4272.755000;4271.475000;4272.445000;0
20260806 055900;4272.615000;4273.025000;4271.855000;4272.735000;0
20260806 060000;4272.735000;4273.095000;4271.885000;4271.935000;0
20260806 060100;4271.725000;4271.775000;4270.405000;4271.275000;0
20260806 060200;4271.275000;4273.095000;4271.045000;4273.065000;0
20260806 060300;4273.135000;4273.295000;4271.325000;4271.425000;0
20260806 060400;4271.505000;4272.055000;4270.835000;4271.315000;0
20260806 060500;4271.365000;4271.805000;4269.275000;4270.275000;0
20260806 060600;4270.385000;4270.755000;4269.915000;4270.445000;0
20260806 060700;4270.345000;4271.275000;4269.205000;4269.675000;0
20260806 060800;4269.805000;4270.275000;4269.245000;4269.865000;0
20260806 060900;4270.005000;4271.185000;4269.795000;4270.535000;0
20260806 061000;4270.565000;4270.765000;4268.885000;4269.085000;0
20260806 061100;4269.225000;4269.635000;4268.605000;4269.145000;0
20260806 061200;4269.145000;4270.265000;4268.325000;4269.645000;0
20260806 061300;4269.405000;4269.815000;4268.775000;4268.895000;0
20260806 061400;4268.895000;4270.195000;4268.705000;4269.345000;0
20260806 061500;4269.345000;4269.445000;4267.805000;4268.415000;0
20260806 061600;4268.665000;4269.295000;4268.165000;4268.795000;0
20260806 061700;4268.915000;4268.945000;4266.985000;4267.995000;0
20260806 061800;4268.105000;4268.175000;4267.695000;4268.075000;0
20260806 061900;4268.225000;4269.195000;4267.815000;4268.805000;0
20260806 062000;4268.805000;4269.245000;4268.425000;4268.905000;0
20260806 062100;4268.905000;4268.905000;4267.745000;4268.495000;0
20260806 062200;4268.495000;4269.135000;4267.495000;4267.505000;0
20260806 062300;4267.505000;4269.875000;4267.505000;4269.875000;0
20260806 062400;4269.865000;4270.725000;4269.865000;4270.625000;0
20260806 062500;4270.625000;4270.775000;4269.745000;4270.665000;0
20260806 062600;4270.665000;4270.665000;4268.215000;4268.625000;0
20260806 062700;4268.475000;4269.045000;4267.605000;4268.935000;0
20260806 062800;4268.935000;4270.105000;4268.795000;4269.315000;0
20260806 062900;4269.235000;4269.595000;4268.175000;4269.105000;0
20260806 063000;4269.255000;4269.255000;4267.085000;4268.455000;0
20260806 063100;4268.455000;4268.475000;4266.285000;4267.885000;0
20260806 063200;4268.145000;4269.435000;4267.895000;4269.435000;0
20260806 063300;4269.375000;4269.595000;4268.765000;4268.765000;0
20260806 063400;4268.885000;4269.035000;4267.825000;4267.965000;0
20260806 063500;4267.935000;4268.575000;4267.415000;4268.145000;0
20260806 063600;4268.145000;4268.285000;4267.135000;4267.675000;0
20260806 063700;4267.895000;4268.675000;4267.575000;4268.405000;0
20260806 063800;4268.525000;4268.965000;4267.855000;4268.835000;0
20260806 063900;4268.835000;4268.835000;4267.005000;4268.525000;0
20260806 064000;4268.665000;4269.395000;4267.325000;4267.955000;0
20260806 064100;4267.955000;4268.065000;4266.275000;4266.365000;0
20260806 064200;4266.475000;4266.865000;4265.995000;4266.745000;0
20260806 064300;4266.745000;4267.125000;4266.055000;4266.125000;0
20260806 064400;4266.145000;4266.945000;4264.245000;4265.105000;0
20260806 064500;4265.115000;4265.635000;4264.745000;4264.995000;0
20260806 064600;4265.015000;4266.415000;4264.475000;4266.415000;0
20260806 064700;4266.415000;4267.785000;4266.195000;4267.545000;0
20260806 064800;4267.905000;4269.155000;4267.495000;4268.715000;0
20260806 064900;4268.815000;4270.085000;4268.725000;4269.975000;0
20260806 065000;4269.975000;4270.085000;4268.855000;4269.455000;0
20260806 065100;4269.455000;4269.865000;4268.645000;4269.105000;0
20260806 065200;4269.105000;4270.175000;4269.005000;4269.665000;0
20260806 065300;4269.665000;4270.485000;4269.135000;4270.425000;0
20260806 065400;4270.425000;4271.235000;4269.795000;4270.225000;0
20260806 065500;4270.105000;4270.835000;4269.965000;4270.355000;0
20260806 065600;4270.225000;4270.815000;4269.835000;4269.835000;0
20260806 065700;4269.725000;4271.335000;4269.725000;4270.885000;0
20260806 065800;4270.855000;4270.955000;4269.045000;4269.365000;0
20260806 065900;4269.245000;4270.875000;4269.075000;4270.635000;0
20260806 070000;4270.645000;4273.105000;4270.325000;4272.715000;0
20260806 070100;4272.565000;4272.905000;4270.815000;4271.975000;0
20260806 070200;4272.085000;4272.685000;4271.815000;4272.325000;0
20260806 070300;4272.465000;4273.305000;4270.355000;4270.385000;0
20260806 070400;4270.415000;4270.415000;4267.835000;4268.435000;0
20260806 070500;4268.435000;4269.905000;4268.145000;4269.525000;0
20260806 070600;4269.485000;4269.485000;4267.145000;4267.735000;0
20260806 070700;4267.655000;4269.615000;4266.425000;4269.495000;0
20260806 070800;4269.495000;4269.965000;4268.915000;4269.015000;0
20260806 070900;4268.925000;4268.925000;4266.595000;4266.955000;0
20260806 071000;4267.105000;4268.975000;4266.535000;4267.935000;0
20260806 071100;4267.815000;4268.580000;4266.715000;4267.145000;0
20260806 071200;4267.255000;4268.365000;4266.455000;4267.875000;0
20260806 071300;4267.985000;4268.405000;4267.495000;4267.965000;0
20260806 071400;4267.965000;4268.865000;4267.415000;4268.835000;0
20260806 071500;4268.835000;4270.415000;4267.985000;4270.415000;0
20260806 071600;4270.425000;4271.255000;4269.465000;4270.615000;0
20260806 071700;4270.655000;4270.655000;4268.815000;4268.815000;0
20260806 071800;4268.695000;4268.695000;4265.565000;4265.815000;0
20260806 071900;4265.705000;4265.705000;4263.805000;4265.685000;0
20260806 072000;4265.595000;4266.145000;4265.055000;4265.645000;0
20260806 072100;4265.535000;4265.645000;4264.465000;4264.755000;0
20260806 072200;4264.625000;4264.735000;4262.805000;4263.235000;0
20260806 072300;4263.235000;4264.065000;4260.945000;4261.215000;0
20260806 072400;4261.215000;4261.675000;4260.295000;4261.155000;0
20260806 072500;4261.155000;4262.415000;4260.455000;4262.345000;0
20260806 072600;4262.345000;4262.605000;4261.695000;4262.235000;0
20260806 072700;4262.175000;4263.485000;4261.465000;4263.305000;0
20260806 072800;4263.265000;4264.015000;4263.115000;4263.285000;0
20260806 072900;4263.295000;4264.085000;4262.015000;4264.085000;0
20260806 073000;4264.195000;4265.115000;4262.985000;4264.805000;0
20260806 073100;4264.955000;4266.555000;4263.955000;4266.255000;0
20260806 073200;4266.375000;4266.805000;4264.655000;4264.805000;0
20260806 073300;4264.705000;4264.705000;4263.235000;4263.495000;0
20260806 073400;4263.635000;4265.465000;4263.635000;4264.595000;0
20260806 073500;4264.455000;4265.705000;4263.725000;4265.345000;0
20260806 073600;4265.545000;4266.745000;4264.515000;4264.615000;0
20260806 073700;4264.615000;4264.665000;4262.575000;4262.835000;0
20260806 073800;4262.975000;4264.365000;4262.385000;4263.185000;0
20260806 073900;4263.185000;4263.185000;4260.985000;4261.825000;0
20260806 074000;4261.825000;4262.255000;4260.175000;4260.535000;0
20260806 074100;4260.645000;4261.315000;4259.585000;4260.875000;0
20260806 074200;4260.885000;4261.075000;4259.955000;4260.255000;0
20260806 074300;4260.305000;4260.555000;4259.505000;4260.355000;0
20260806 074400;4260.355000;4261.435000;4259.665000;4260.455000;0
20260806 074500;4260.455000;4260.715000;4257.065000;4257.395000;0
20260806 074600;4257.515000;4260.035000;4256.255000;4259.485000;0
20260806 074700;4259.535000;4260.545000;4257.975000;4258.355000;0
20260806 074800;4258.135000;4258.415000;4255.125000;4256.065000;0
20260806 074900;4256.065000;4257.025000;4255.435000;4256.215000;0
20260806 075000;4256.475000;4257.145000;4255.665000;4257.045000;0
20260806 075100;4257.045000;4257.315000;4255.995000;4256.515000;0
20260806 075200;4256.685000;4258.445000;4255.015000;4257.105000;0
20260806 075300;4257.105000;4257.105000;4253.905000;4255.665000;0
20260806 075400;4255.675000;4256.585000;4254.685000;4256.415000;0
20260806 075500;4256.555000;4257.595000;4255.245000;4257.375000;0
20260806 075600;4257.375000;4261.635000;4256.885000;4261.545000;0
20260806 075700;4261.635000;4262.615000;4261.155000;4261.555000;0
20260806 075800;4261.665000;4262.995000;4260.865000;4262.275000;0
20260806 075900;4262.165000;4263.675000;4261.665000;4263.205000;0
20260806 080000;4263.205000;4264.135000;4261.695000;4262.305000;0
20260806 080100;4262.235000;4263.055000;4261.775000;4261.855000;0
20260806 080200;4261.855000;4262.445000;4260.475000;4261.645000;0
20260806 080300;4261.685000;4265.115000;4261.645000;4264.475000;0
20260806 080400;4264.445000;4265.545000;4263.545000;4263.855000;0
20260806 080500;4263.965000;4263.965000;4262.085000;4262.675000;0
20260806 080600;4262.695000;4263.415000;4260.225000;4260.845000;0
20260806 080700;4260.915000;4262.705000;4260.495000;4262.495000;0
20260806 080800;4262.175000;4262.445000;4258.355000;4258.995000;0
20260806 080900;4258.795000;4259.175000;4256.835000;4257.505000;0
20260806 081000;4257.635000;4259.225000;4257.235000;4257.955000;0
20260806 081100;4257.925000;4258.135000;4255.225000;4256.215000;0
20260806 081200;4256.225000;4258.015000;4256.035000;4257.305000;0
20260806 081300;4257.035000;4257.995000;4256.285000;4257.875000;0
20260806 081400;4257.875000;4258.335000;4255.925000;4256.025000;0
20260806 081500;4256.085000;4256.875000;4255.695000;4256.435000;0
20260806 081600;4256.435000;4256.795000;4253.035000;4253.975000;0
20260806 081700;4254.085000;4255.365000;4253.055000;4254.975000;0
20260806 081800;4255.015000;4255.815000;4254.565000;4254.565000;0
20260806 081900;4254.525000;4257.275000;4254.425000;4256.925000;0
20260806 082000;4256.925000;4262.915000;4255.875000;4262.575000;0
20260806 082100;4262.615000;4262.615000;4259.275000;4260.495000;0
20260806 082200;4260.495000;4260.715000;4259.285000;4259.725000;0
20260806 082300;4259.625000;4262.595000;4259.565000;4261.565000;0
20260806 082400;4261.225000;4261.945000;4259.755000;4260.645000;0
20260806 082500;4260.685000;4261.285000;4257.445000;4257.475000;0
20260806 082600;4257.505000;4259.005000;4256.535000;4258.505000;0
20260806 082700;4258.505000;4259.755000;4257.875000;4259.575000;0
20260806 082800;4259.735000;4260.785000;4258.955000;4260.295000;0
20260806 082900;4260.185000;4261.635000;4259.495000;4261.595000;0
20260806 083000;4261.885000;4266.695000;4257.925000;4263.255000;0
20260806 083100;4263.095000;4268.645000;4262.465000;4267.355000;0
20260806 083200;4267.465000;4269.755000;4267.315000;4269.595000;0
20260806 083300;4269.595000;4269.595000;4266.195000;4268.895000;0
20260806 083400;4269.085000;4269.755000;4267.305000;4267.565000;0
20260806 083500;4267.805000;4270.405000;4267.035000;4270.395000;0
20260806 083600;4270.175000;4270.495000;4268.145000;4268.435000;0
20260806 083700;4268.465000;4270.565000;4266.935000;4269.675000;0
20260806 083800;4269.505000;4270.245000;4267.485000;4269.235000;0
20260806 083900;4269.235000;4270.525000;4269.235000;4270.045000;0
20260806 084000;4269.915000;4270.545000;4267.865000;4268.325000;0
20260806 084100;4268.475000;4269.705000;4267.955000;4268.665000;0
20260806 084200;4268.665000;4268.825000;4267.405000;4268.265000;0
20260806 084300;4268.265000;4269.015000;4266.035000;4266.985000;0
20260806 084400;4267.015000;4267.215000;4266.195000;4266.795000;0
20260806 084500;4267.055000;4267.445000;4266.105000;4266.225000;0
20260806 084600;4266.485000;4267.115000;4263.275000;4264.055000;0
20260806 084700;4264.105000;4264.815000;4262.345000;4263.115000;0
20260806 084800;4263.205000;4263.245000;4258.055000;4258.175000;0
20260806 084900;4258.085000;4258.645000;4254.155000;4255.305000;0
20260806 085000;4255.345000;4256.215000;4253.015000;4255.395000;0
20260806 085100;4255.415000;4255.435000;4252.615000;4253.375000;0
20260806 085200;4253.345000;4253.585000;4251.355000;4252.205000;0
20260806 085300;4252.205000;4252.905000;4251.315000;4252.815000;0
20260806 085400;4253.035000;4253.425000;4250.805000;4250.915000;0
20260806 085500;4251.055000;4254.475000;4250.805000;4252.905000;0
20260806 085600;4252.905000;4252.955000;4249.545000;4250.025000;0
20260806 085700;4250.195000;4251.395000;4249.035000;4250.145000;0
20260806 085800;4250.335000;4251.755000;4249.995000;4250.825000;0
20260806 085900;4250.825000;4251.265000;4248.655000;4249.945000;0
20260806 090000;4249.915000;4253.265000;4249.525000;4252.045000;0
20260806 090100;4252.345000;4255.695000;4252.345000;4253.215000;0
20260806 090200;4253.235000;4254.815000;4250.515000;4251.365000;0
20260806 090300;4251.365000;4253.815000;4250.135000;4253.145000;0
20260806 090400;4253.155000;4253.435000;4251.555000;4252.195000;0
20260806 090500;4252.195000;4252.695000;4245.695000;4247.805000;0
20260806 090600;4247.805000;4248.475000;4242.605000;4244.005000;0
20260806 090700;4244.205000;4246.055000;4243.875000;4244.685000;0
20260806 090800;4244.715000;4244.815000;4238.655000;4240.465000;0
20260806 090900;4240.765000;4241.915000;4230.235000;4231.465000;0
20260806 091000;4231.455000;4235.325000;4230.085000;4233.825000;0
20260806 091100;4233.655000;4237.195000;4233.355000;4234.665000;0
20260806 091200;4234.775000;4239.015000;4232.085000;4238.855000;0
20260806 091300;4238.775000;4239.215000;4236.735000;4237.985000;0
20260806 091400;4238.245000;4239.415000;4237.205000;4238.245000;0
20260806 091500;4238.215000;4239.325000;4235.915000;4239.125000;0
20260806 091600;4239.245000;4239.925000;4236.845000;4237.945000;0
20260806 091700;4238.065000;4239.725000;4235.735000;4237.455000;0
20260806 091800;4237.485000;4239.195000;4236.215000;4239.195000;0
20260806 091900;4239.455000;4244.275000;4237.985000;4244.115000;0
20260806 092000;4244.175000;4247.495000;4243.625000;4246.935000;0
20260806 092100;4247.045000;4248.095000;4245.645000;4247.165000;0
20260806 092200;4247.065000;4247.425000;4245.195000;4246.455000;0
20260806 092300;4246.465000;4247.905000;4243.395000;4243.745000;0
20260806 092400;4243.765000;4244.175000;4240.835000;4242.625000;0
20260806 092500;4242.705000;4243.365000;4239.865000;4241.615000;0
20260806 092600;4241.515000;4245.245000;4241.515000;4244.835000;0
20260806 092700;4244.915000;4246.325000;4244.325000;4246.015000;0
20260806 092800;4246.015000;4247.355000;4245.565000;4247.085000;0
20260806 092900;4247.115000;4248.065000;4245.875000;4247.515000;0
20260806 093000;4247.395000;4249.935000;4245.515000;4248.815000;0
20260806 093100;4248.705000;4251.705000;4248.565000;4249.435000;0
20260806 093200;4249.545000;4250.065000;4246.945000;4249.905000;0
20260806 093300;4250.115000;4250.855000;4248.355000;4250.365000;0
20260806 093400;4250.475000;4251.865000;4249.135000;4250.495000;0
20260806 093500;4250.245000;4254.255000;4250.115000;4254.255000;0
20260806 093600;4254.115000;4255.915000;4253.345000;4255.725000;0
20260806 093700;4255.685000;4259.905000;4255.655000;4259.805000;0
20260806 093800;4259.775000;4265.005000;4258.835000;4261.675000;0
20260806 093900;4261.535000;4261.535000;4257.425000;4258.655000;0
20260806 094000;4258.645000;4265.855000;4258.285000;4265.565000;0
20260806 094100;4265.525000;4267.985000;4264.555000;4267.015000;0
20260806 094200;4267.065000;4272.425000;4266.555000;4269.805000;0
20260806 094300;4269.975000;4273.935000;4268.665000;4273.635000;0
20260806 094400;4273.645000;4273.645000;4273.645000;4273.645000;0
20260806 094300;4273.675000;4273.675000;4273.675000;4273.675000;0
20260806 094400;4273.665000;4273.965000;4269.635000;4269.955000;0
20260806 094500;4269.805000;4269.925000;4265.485000;4268.515000;0
20260806 094600;4268.505000;4269.385000;4266.555000;4266.695000;0
20260806 094700;4266.745000;4268.285000;4265.715000;4267.575000;0
20260806 094800;4267.685000;4269.945000;4264.905000;4266.795000;0
20260806 094900;4266.905000;4267.685000;4262.555000;4263.505000;0
20260806 095000;4263.725000;4265.985000;4263.435000;4264.735000;0
20260806 095100;4264.625000;4266.585000;4262.015000;4266.585000;0
20260806 095200;4266.715000;4267.765000;4263.685000;4264.765000;0
20260806 095300;4265.135000;4265.655000;4262.975000;4264.595000;0
20260806 095400;4264.645000;4266.525000;4263.165000;4266.175000;0
20260806 095500;4266.175000;4269.175000;4266.115000;4268.255000;0
20260806 095600;4268.325000;4269.465000;4266.345000;4267.515000;0
20260806 095700;4267.605000;4268.365000;4265.285000;4266.485000;0
20260806 095800;4266.475000;4269.395000;4265.685000;4267.995000;0
20260806 095900;4267.935000;4268.305000;4266.535000;4266.865000;0
20260806 100000;4266.905000;4271.355000;4264.965000;4269.445000;0
20260806 100100;4269.445000;4269.965000;4266.115000;4266.755000;0
20260806 100200;4266.585000;4269.645000;4265.875000;4268.285000;0
20260806 100300;4268.285000;4269.445000;4267.135000;4267.485000;0
20260806 100400;4267.595000;4269.495000;4265.225000;4266.555000;0
20260806 100500;4266.555000;4268.975000;4263.855000;4268.175000;0
20260806 100600;4267.985000;4268.095000;4265.245000;4266.735000;0
20260806 100700;4266.665000;4271.225000;4265.055000;4269.775000;0
20260806 100800;4269.705000;4270.385000;4268.075000;4269.835000;0
20260806 100900;4269.835000;4270.135000;4263.725000;4264.965000;0
20260806 101000;4265.075000;4267.925000;4264.665000;4267.925000;0
20260806 101100;4267.925000;4275.005000;4267.205000;4273.365000;0
20260806 101200;4273.285000;4275.165000;4272.445000;4274.235000;0
20260806 101300;4274.465000;4274.465000;4271.135000;4271.535000;0
20260806 101400;4271.335000;4271.385000;4266.805000;4267.965000;0
20260806 101500;4267.975000;4268.405000;4263.335000;4264.915000;0
20260806 101600;4264.835000;4266.125000;4263.045000;4263.095000;0
20260806 101700;4263.095000;4264.395000;4260.165000;4262.975000;0
20260806 101800;4262.975000;4265.585000;4262.795000;4264.695000;0
20260806 101900;4264.715000;4266.395000;4264.175000;4265.345000;0
20260806 102000;4265.355000;4267.195000;4263.755000;4263.845000;0
20260806 102100;4263.815000;4264.055000;4261.755000;4262.585000;0
20260806 102200;4262.625000;4263.815000;4261.995000;4262.895000;0
20260806 102300;4263.095000;4265.075000;4262.305000;4263.655000;0
20260806 102400;4263.635000;4264.065000;4261.145000;4262.005000;0
20260806 102500;4262.035000;4263.785000;4261.205000;4263.295000;0
20260806 102600;4263.265000;4263.295000;4259.925000;4262.665000;0
20260806 102700;4262.555000;4266.135000;4261.345000;4263.955000;0
20260806 102800;4263.835000;4266.645000;4263.835000;4266.545000;0
20260806 102900;4266.555000;4268.905000;4265.165000;4265.195000;0
20260806 103000;4265.465000;4270.015000;4265.465000;4268.495000;0
20260806 103100;4268.665000;4269.785000;4268.065000;4268.335000;0
20260806 103200;4268.235000;4269.605000;4266.035000;4268.575000;0
20260806 103300;4268.575000;4269.585000;4266.845000;4268.135000;0
20260806 103400;4268.275000;4274.565000;4267.085000;4271.795000;0
20260806 103500;4271.795000;4274.505000;4271.555000;4273.855000;0
20260806 103600;4273.775000;4274.635000;4271.875000;4272.195000;0
20260806 103700;4272.315000;4273.065000;4271.585000;4272.485000;0
20260806 103800;4272.405000;4273.375000;4271.445000;4272.215000;0
20260806 103900;4272.175000;4273.455000;4269.685000;4269.895000;0
20260806 104000;4269.855000;4271.615000;4269.645000;4270.955000;0
20260806 104100;4271.225000;4273.775000;4270.435000;4273.385000;0
20260806 104200;4273.605000;4274.605000;4272.175000;4273.165000;0
20260806 104300;4273.165000;4274.505000;4272.975000;4273.165000;0
20260806 104400;4273.195000;4274.565000;4273.135000;4273.315000;0
20260806 104500;4273.285000;4274.005000;4271.145000;4274.005000;0
20260806 104600;4274.005000;4274.985000;4269.015000;4269.775000;0
20260806 104700;4269.935000;4270.355000;4269.065000;4269.645000;0
20260806 104800;4269.675000;4270.285000;4268.375000;4268.785000;0
20260806 104900;4268.685000;4269.075000;4264.775000;4265.075000;0
20260806 105000;4265.125000;4265.125000;4262.545000;4264.565000;0
20260806 105100;4264.745000;4265.955000;4264.675000;4265.285000;0
20260806 105200;4265.185000;4267.295000;4264.915000;4267.005000;0
20260806 105300;4266.975000;4268.295000;4265.715000;4267.465000;0
20260806 105400;4267.475000;4270.845000;4267.105000;4270.675000;0
20260806 105500;4270.675000;4272.325000;4270.325000;4270.375000;0
20260806 105600;4270.345000;4270.905000;4268.275000;4269.385000;0
20260806 105700;4269.365000;4270.175000;4267.115000;4269.735000;0
20260806 105800;4270.085000;4270.695000;4268.295000;4269.435000;0
20260806 105900;4269.435000;4273.095000;4267.995000;4272.775000;0
20260806 110000;4272.875000;4274.195000;4272.255000;4272.365000;0
20260806 110100;4272.365000;4273.685000;4269.725000;4269.905000;0
20260806 110200;4269.965000;4269.965000;4268.445000;4269.475000;0
20260806 110300;4269.475000;4271.835000;4269.395000;4269.845000;0
20260806 110400;4269.945000;4270.905000;4268.965000;4270.155000;0
20260806 110500;4270.175000;4270.395000;4269.015000;4269.965000;0
20260806 110600;4269.945000;4270.925000;4268.805000;4268.805000;0
20260806 110700;4268.885000;4271.475000;4267.305000;4270.155000;0
20260806 110800;4270.085000;4270.085000;4268.155000;4269.005000;0
20260806 110900;4268.835000;4269.615000;4265.085000;4266.075000;0
20260806 111000;4266.105000;4268.105000;4266.065000;4267.195000;0
20260806 111100;4267.165000;4267.435000;4264.005000;4264.395000;0
20260806 111200;4264.355000;4264.465000;4262.995000;4263.365000;0
20260806 111300;4263.285000;4263.975000;4262.295000;4263.395000;0
20260806 111400;4263.315000;4263.665000;4261.595000;4263.665000;0
20260806 111500;4263.665000;4263.695000;4262.025000;4262.635000;0
20260806 111600;4262.555000;4262.675000;4259.415000;4260.285000;0
20260806 111700;4260.315000;4260.875000;4256.185000;4258.075000;0
20260806 111800;4257.995000;4258.115000;4256.315000;4256.915000;0
20260806 111900;4256.865000;4257.845000;4256.205000;4256.435000;0
20260806 112000;4256.445000;4257.535000;4254.325000;4255.925000;0
20260806 112100;4256.035000;4257.915000;4254.475000;4257.035000;0
20260806 112200;4257.195000;4258.055000;4252.165000;4252.485000;0
20260806 112300;4252.495000;4253.415000;4250.315000;4252.525000;0
20260806 112400;4252.645000;4254.985000;4252.385000;4254.655000;0
20260806 112500;4254.655000;4255.555000;4253.255000;4255.365000;0
20260806 112600;4255.375000;4259.215000;4255.175000;4258.245000;0
20260806 112700;4258.225000;4258.945000;4255.665000;4255.665000;0
20260806 112800;4255.715000;4255.855000;4254.045000;4255.645000;0
20260806 112900;4255.595000;4255.995000;4254.045000;4254.615000;0
20260806 113000;4254.595000;4255.355000;4251.445000;4252.555000;0
20260806 113100;4252.555000;4254.495000;4252.375000;4254.055000;0
20260806 113200;4253.945000;4254.045000;4251.845000;4253.025000;0
20260806 113300;4252.985000;4253.875000;4251.635000;4252.505000;0
20260806 113400;4252.495000;4252.795000;4249.015000;4249.015000;0
20260806 113500;4249.045000;4249.845000;4247.005000;4247.425000;0
20260806 113600;4247.505000;4248.315000;4246.065000;4248.115000;0
20260806 113700;4248.235000;4250.755000;4247.055000;4250.285000;0
20260806 113800;4250.115000;4251.925000;4249.915000;4251.835000;0
20260806 113900;4251.875000;4252.605000;4250.965000;4251.785000;0
20260806 114000;4251.685000;4252.905000;4250.995000;4251.715000;0
20260806 114100;4251.855000;4252.285000;4249.785000;4252.085000;0
20260806 114200;4251.985000;4252.015000;4249.025000;4250.075000;0
20260806 114300;4250.135000;4250.135000;4247.955000;4249.295000;0
20260806 114400;4249.275000;4252.735000;4249.245000;4251.345000;0
20260806 114500;4251.335000;4251.635000;4248.585000;4250.225000;0
20260806 114600;4250.245000;4250.445000;4248.395000;4249.905000;0
20260806 114700;4249.895000;4251.105000;4248.755000;4248.835000;0
20260806 114800;4248.745000;4250.035000;4247.545000;4249.915000;0
20260806 114900;4249.865000;4250.025000;4247.715000;4247.765000;0
20260806 115000;4247.735000;4249.815000;4247.195000;4249.155000;0
20260806 115100;4249.065000;4249.145000;4245.525000;4246.825000;0
20260806 115200;4246.945000;4247.095000;4245.375000;4246.025000;0
20260806 115300;4246.015000;4246.015000;4239.845000;4241.015000;0
20260806 115400;4241.165000;4241.565000;4234.145000;4234.695000;0
20260806 115500;4234.725000;4236.165000;4229.345000;4233.715000;0
20260806 115600;4233.765000;4235.125000;4230.735000;4233.055000;0
20260806 115700;4233.055000;4237.475000;4233.025000;4237.255000;0
20260806 115800;4237.155000;4237.745000;4234.355000;4234.595000;0
20260806 115900;4234.595000;4235.235000;4233.085000;4233.555000;0
20260806 120000;4233.555000;4233.555000;4233.555000;4233.555000;0
20260806 115900;4233.555000;4233.555000;4233.555000;4233.555000;0
20260806 120000;4233.605000;4235.215000;4232.525000;4233.675000;0
20260806 120100;4233.675000;4236.115000;4233.065000;4233.935000;0
20260806 120200;4234.135000;4238.175000;4232.215000;4238.025000;0
20260806 120300;4237.985000;4237.985000;4234.155000;4235.275000;0
20260806 120400;4235.445000;4238.145000;4233.695000;4237.665000;0
20260806 120500;4237.795000;4241.535000;4237.045000;4240.155000;0
20260806 120600;4240.125000;4240.655000;4236.455000;4239.245000;0
20260806 120700;4239.565000;4240.335000;4238.575000;4239.495000;0
20260806 120800;4239.395000;4242.905000;4239.395000;4241.835000;0
20260806 120900;4241.765000;4242.275000;4239.735000;4241.495000;0
20260806 121000;4241.565000;4242.235000;4239.835000;4240.775000;0
20260806 121100;4240.845000;4241.105000;4238.025000;4238.205000;0
20260806 121200;4238.395000;4239.055000;4236.245000;4236.635000;0
20260806 121300;4236.735000;4237.085000;4231.705000;4231.815000;0
20260806 121400;4231.815000;4232.605000;4230.615000;4232.575000;0
20260806 121500;4232.635000;4232.865000;4229.105000;4229.105000;0
20260806 121600;4229.215000;4229.735000;4224.385000;4227.125000;0
20260806 121700;4227.125000;4228.515000;4225.005000;4226.625000;0
20260806 121800;4226.625000;4230.375000;4224.915000;4227.355000;0
20260806 121900;4227.305000;4228.875000;4225.205000;4226.995000;0
20260806 122000;4227.205000;4227.315000;4224.605000;4226.485000;0
20260806 122100;4226.595000;4227.755000;4225.315000;4227.615000;0
20260806 122200;4225.285000;4227.495000;4224.375000;4227.455000;0
20260806 122300;4227.425000;4227.925000;4224.405000;4225.105000;0
20260806 122400;4225.045000;4225.805000;4223.385000;4224.425000;0
20260806 122500;4224.425000;4225.505000;4223.225000;4224.785000;0
20260806 122600;4224.985000;4227.815000;4224.805000;4227.045000;0
20260806 122700;4227.045000;4229.115000;4226.745000;4226.925000;0
20260806 122800;4226.915000;4229.275000;4226.235000;4228.165000;0
20260806 122900;4228.165000;4230.335000;4228.015000;4229.975000;0
20260806 123000;4229.955000;4233.015000;4229.805000;4232.955000;0
20260806 123100;4232.955000;4233.025000;4230.595000;4231.255000;0
20260806 123200;4231.385000;4233.555000;4231.135000;4232.485000;0
20260806 123300;4232.575000;4232.815000;4231.265000;4232.525000;0
20260806 123400;4232.645000;4232.785000;4231.525000;4232.055000;0
20260806 123500;4232.345000;4233.835000;4232.045000;4232.865000;0
20260806 123600;4232.825000;4233.255000;4231.855000;4232.875000;0
20260806 123700;4232.895000;4233.845000;4231.725000;4233.715000;0
20260806 123800;4233.735000;4235.915000;4233.675000;4234.775000;0
20260806 123900;4234.745000;4235.425000;4233.925000;4234.935000;0
20260806 124000;4235.025000;4235.355000;4232.895000;4232.965000;0
20260806 124100;4233.185000;4234.265000;4232.375000;4234.255000;0
20260806 124200;4234.145000;4234.565000;4233.305000;4234.085000;0
20260806 124300;4234.195000;4234.435000;4232.205000;4232.595000;0
20260806 124400;4232.645000;4234.425000;4231.885000;4233.285000;0
20260806 124500;4233.315000;4234.185000;4232.605000;4232.965000;0
20260806 124600;4232.995000;4233.415000;4231.615000;4232.505000;0
20260806 124700;4232.565000;4233.725000;4232.375000;4233.485000;0
20260806 124800;4233.575000;4234.185000;4232.825000;4233.775000;0
20260806 124900;4233.975000;4236.465000;4233.845000;4236.435000;0
20260806 125000;4236.295000;4237.645000;4236.115000;4237.405000;0
20260806 125100;4237.295000;4237.785000;4235.945000;4236.315000;0
20260806 125200;4236.285000;4237.175000;4235.105000;4235.115000;0
20260806 125300;4235.245000;4235.715000;4235.035000;4235.435000;0
20260806 125400;4235.595000;4237.765000;4235.565000;4236.915000;0
20260806 125500;4236.935000;4240.785000;4236.915000;4240.785000;0
20260806 125600;4240.795000;4241.695000;4240.595000;4241.395000;0
20260806 125700;4241.085000;4242.535000;4240.995000;4241.595000;0
20260806 125800;4241.625000;4241.895000;4240.485000;4241.115000;0
20260806 125900;4240.985000;4241.245000;4239.895000;4241.205000;0
20260806 130000;4241.255000;4243.045000;4241.255000;4241.565000;0
20260806 130100;4241.405000;4242.035000;4240.375000;4241.925000;0
20260806 130200;4241.925000;4242.435000;4239.345000;4240.295000;0
20260806 130300;4240.415000;4241.215000;4239.985000;4240.385000;0
20260806 130400;4240.455000;4242.295000;4240.375000;4241.575000;0
20260806 130500;4241.565000;4242.525000;4240.325000;4242.045000;0
20260806 130600;4242.005000;4242.775000;4241.595000;4241.845000;0
20260806 130700;4241.805000;4242.415000;4240.775000;4240.975000;0
20260806 130800;4240.975000;4241.255000;4240.635000;4240.965000;0
20260806 130900;4241.035000;4243.235000;4240.795000;4242.735000;0
20260806 131000;4242.845000;4244.425000;4242.315000;4243.895000;0
20260806 131100;4243.895000;4244.435000;4242.675000;4242.855000;0
20260806 131200;4242.965000;4242.965000;4241.865000;4242.445000;0
20260806 131300;4242.445000;4243.465000;4241.745000;4242.715000;0
20260806 131400;4242.785000;4242.785000;4240.615000;4240.735000;0
20260806 131500;4240.765000;4240.875000;4239.025000;4239.115000;0
20260806 131600;4239.275000;4240.615000;4239.125000;4239.935000;0
20260806 131700;4239.995000;4240.395000;4238.955000;4239.755000;0
20260806 131800;4239.755000;4240.815000;4239.755000;4240.365000;0
20260806 131900;4240.395000;4241.495000;4239.945000;4241.115000;0
20260806 132000;4241.145000;4242.315000;4241.145000;4241.965000;0
20260806 132100;4241.815000;4242.025000;4238.945000;4239.105000;0
20260806 132200;4239.525000;4239.525000;4238.235000;4238.825000;0
20260806 132300;4238.855000;4240.005000;4238.825000;4239.275000;0
20260806 132400;4239.605000;4239.985000;4238.965000;4239.675000;0
20260806 132500;4239.865000;4242.365000;4239.845000;4241.735000;0
20260806 132600;4241.695000;4242.245000;4241.295000;4242.215000;0
20260806 132700;4242.235000;4242.515000;4241.705000;4241.965000;0
20260806 132800;4241.885000;4241.885000;4239.515000;4240.675000;0
20260806 132900;4240.735000;4242.375000;4238.875000;4241.555000;0
20260806 133000;4241.465000;4241.465000;4238.785000;4240.435000;0
20260806 133100;4240.435000;4241.855000;4240.265000;4240.745000;0
20260806 133200;4240.815000;4240.915000;4240.175000;4240.435000;0
20260806 133300;4240.405000;4240.455000;4239.645000;4240.035000;0
20260806 133400;4239.975000;4240.585000;4239.565000;4240.585000;0
20260806 133500;4240.695000;4241.395000;4240.485000;4240.555000;0
20260806 133600;4240.595000;4241.045000;4239.995000;4240.435000;0
20260806 133700;4240.455000;4241.135000;4238.285000;4240.665000;0
20260806 133800;4240.775000;4243.425000;4240.655000;4242.615000;0
20260806 133900;4242.615000;4242.755000;4241.845000;4241.905000;0
20260806 134000;4242.005000;4243.035000;4241.615000;4241.845000;0
20260806 134100;4241.675000;4242.365000;4241.135000;4242.095000;0
20260806 134200;4242.095000;4243.035000;4241.995000;4242.695000;0
20260806 134300;4242.765000;4243.035000;4242.345000;4242.655000;0
20260806 134400;4242.655000;4242.775000;4241.585000;4241.815000;0
20260806 134500;4241.815000;4241.995000;4240.945000;4241.325000;0
20260806 134600;4241.325000;4241.445000;4240.225000;4240.925000;0
20260806 134700;4240.895000;4241.045000;4240.365000;4240.555000;0
20260806 134800;4240.555000;4242.155000;4240.405000;4242.155000;0
20260806 134900;4242.245000;4242.665000;4241.545000;4241.645000;0
20260806 135000;4241.665000;4243.255000;4241.665000;4242.035000;0
20260806 135100;4242.085000;4244.055000;4242.085000;4243.715000;0
20260806 135200;4243.855000;4247.315000;4243.855000;4247.185000;0
20260806 135300;4247.285000;4247.765000;4246.605000;4247.325000;0
20260806 135400;4247.315000;4247.835000;4246.235000;4246.915000;0
20260806 135500;4246.695000;4246.855000;4245.605000;4245.945000;0
20260806 135600;4246.155000;4248.005000;4246.025000;4246.425000;0
20260806 135700;4246.425000;4246.935000;4246.015000;4246.835000;0
20260806 135800;4246.885000;4246.985000;4245.435000;4245.815000;0
20260806 135900;4245.915000;4246.925000;4245.915000;4246.925000;0
20260806 140000;4247.205000;4247.345000;4245.395000;4245.975000;0
20260806 140100;4245.725000;4246.185000;4245.325000;4245.635000;0
20260806 140200;4245.705000;4245.735000;4244.745000;4244.865000;0
20260806 140300;4244.885000;4245.125000;4243.945000;4243.975000;0
20260806 140400;4243.995000;4245.645000;4243.985000;4245.545000;0
20260806 140500;4245.485000;4246.945000;4245.485000;4246.795000;0
20260806 140600;4246.795000;4247.855000;4246.275000;4247.205000;0
20260806 140700;4247.225000;4247.495000;4246.405000;4247.495000;0
20260806 140800;4247.495000;4248.335000;4247.185000;4248.025000;0
20260806 140900;4248.195000;4248.945000;4247.715000;4248.145000;0
20260806 141000;4248.265000;4248.565000;4247.005000;4247.145000;0
20260806 141100;4247.075000;4247.535000;4246.635000;4247.135000;0
20260806 141200;4247.145000;4247.575000;4246.795000;4247.405000;0
20260806 141300;4247.345000;4247.555000;4246.155000;4246.905000;0
20260806 141400;4246.905000;4248.205000;4246.455000;4246.765000;0
20260806 141500;4246.815000;4247.515000;4246.625000;4247.515000;0
20260806 141600;4247.535000;4248.805000;4245.875000;4248.805000;0
20260806 141700;4248.645000;4248.925000;4247.675000;4248.065000;0
20260806 141800;4248.015000;4248.505000;4247.725000;4248.235000;0
20260806 141900;4248.375000;4248.995000;4247.395000;4247.615000;0
20260806 142000;4247.595000;4249.435000;4247.505000;4249.325000;0
20260806 142100;4249.295000;4249.485000;4247.825000;4248.045000;0
20260806 142200;4247.955000;4248.055000;4246.755000;4247.215000;0
20260806 142300;4247.235000;4247.915000;4246.935000;4247.025000;0
20260806 142400;4246.975000;4247.935000;4246.865000;4247.835000;0
20260806 142500;4247.865000;4248.095000;4247.585000;4247.635000;0
20260806 142600;4247.635000;4248.095000;4247.525000;4247.855000;0
20260806 142700;4247.865000;4248.035000;4246.465000;4246.745000;0
20260806 142800;4246.895000;4247.195000;4246.295000;4247.035000;0
20260806 142900;4247.075000;4247.085000;4246.205000;4246.555000;0
20260806 143000;4246.565000;4247.135000;4246.355000;4246.655000;0
20260806 143100;4246.595000;4247.595000;4246.595000;4246.735000;0
20260806 143200;4246.735000;4246.965000;4244.475000;4244.475000;0
20260806 143300;4244.695000;4244.974000;4244.315000;4244.565000;0
20260806 143400;4244.695000;4244.805000;4243.315000;4243.865000;0
20260806 143500;4243.865000;4244.665000;4242.225000;4242.975000;0
20260806 143600;4242.935000;4244.405000;4242.815000;4244.075000;0
20260806 143700;4244.125000;4244.125000;4243.365000;4243.495000;0
20260806 143800;4243.425000;4243.815000;4243.005000;4243.275000;0
20260806 143900;4243.085000;4243.275000;4242.605000;4243.165000;0
20260806 144000;4242.855000;4243.575000;4242.635000;4243.185000;0
20260806 144100;4243.115000;4243.165000;4241.275000;4241.415000;0
20260806 144200;4241.315000;4241.515000;4240.515000;4240.785000;0
20260806 144300;4240.555000;4242.155000;4240.515000;4241.395000;0
20260806 144400;4241.325000;4241.735000;4241.265000;4241.635000;0
20260806 144500;4241.625000;4242.495000;4241.405000;4242.495000;0
20260806 144600;4242.505000;4242.895000;4241.785000;4241.815000;0
20260806 144700;4241.925000;4242.265000;4241.755000;4242.195000;0
20260806 144800;4242.435000;4243.865000;4242.435000;4243.505000;0
20260806 144900;4243.545000;4244.775000;4243.545000;4244.615000;0
20260806 145000;4244.615000;4245.445000;4244.205000;4245.035000;0
20260806 145100;4245.285000;4245.285000;4243.885000;4244.075000;0
20260806 145200;4244.045000;4244.065000;4243.355000;4243.355000;0
20260806 145300;4243.385000;4243.545000;4242.925000;4243.055000;0
20260806 145400;4243.195000;4243.315000;4241.405000;4241.505000;0
20260806 145500;4241.635000;4241.965000;4240.545000;4241.355000;0
20260806 145600;4241.435000;4242.195000;4241.355000;4242.195000;0
20260806 145700;4242.185000;4242.615000;4241.875000;4242.115000;0
20260806 145800;4242.155000;4242.465000;4242.035000;4242.145000;0
20260806 145900;4242.105000;4243.315000;4242.015000;4243.235000;0
20260806 150000;4243.345000;4244.185000;4242.875000;4243.185000;0
20260806 150100;4243.225000;4245.965000;4243.225000;4245.595000;0
20260806 150200;4245.595000;4248.245000;4245.205000;4247.365000;0
20260806 150300;4247.265000;4247.865000;4247.055000;4247.375000;0
20260806 150400;4247.295000;4248.805000;4247.235000;4248.245000;0
20260806 150500;4248.255000;4248.345000;4246.875000;4246.935000;0
20260806 150600;4247.035000;4248.875000;4246.775000;4248.155000;0
20260806 150700;4248.065000;4248.185000;4247.175000;4247.175000;0
20260806 150800;4247.135000;4248.445000;4247.135000;4248.445000;0
20260806 150900;4248.425000;4248.935000;4247.975000;4248.885000;0
20260806 151000;4248.975000;4250.415000;4248.875000;4250.015000;0
20260806 151100;4249.855000;4251.195000;4249.705000;4250.245000;0
20260806 151200;4250.015000;4250.305000;4249.565000;4249.725000;0
20260806 151300;4249.795000;4249.895000;4247.875000;4248.205000;0
20260806 151400;4248.195000;4248.485000;4246.995000;4247.225000;0
20260806 151500;4247.195000;4248.365000;4246.855000;4247.785000;0
20260806 151600;4247.845000;4248.075000;4247.385000;4247.555000;0
20260806 151700;4247.525000;4248.405000;4246.325000;4246.895000;0
20260806 151800;4246.895000;4247.215000;4245.655000;4245.785000;0
20260806 151900;4245.835000;4246.385000;4245.075000;4245.325000;0
20260806 152000;4245.335000;4246.035000;4244.975000;4245.935000;0
20260806 152100;4246.235000;4247.015000;4245.855000;4246.345000;0
20260806 152200;4246.445000;4247.125000;4244.905000;4245.255000;0
20260806 152300;4245.405000;4245.655000;4244.825000;4244.905000;0
20260806 152400;4244.945000;4245.304000;4239.505000;4239.975000;0
20260806 152500;4239.945000;4241.745000;4236.825000;4241.645000;0
20260806 152600;4241.485000;4241.485000;4236.535000;4238.345000;0
20260806 152700;4238.245000;4238.695000;4236.535000;4238.095000;0
20260806 152800;4238.025000;4238.995000;4236.195000;4236.495000;0
20260806 152900;4236.675000;4237.695000;4234.815000;4237.095000;0
20260806 153000;4237.255000;4237.875000;4235.315000;4236.485000;0
20260806 153100;4236.445000;4237.855000;4236.445000;4237.325000;0
20260806 153200;4237.165000;4237.885000;4236.705000;4237.135000;0
20260806 153300;4237.035000;4237.265000;4235.645000;4235.745000;0
20260806 153400;4235.755000;4238.335000;4235.755000;4237.905000;0
20260806 153500;4238.035000;4239.425000;4237.435000;4237.815000;0
20260806 153600;4237.815000;4237.975000;4235.845000;4237.175000;0
20260806 153700;4237.175000;4237.795000;4236.475000;4237.795000;0
20260806 153800;4237.795000;4238.605000;4237.795000;4238.035000;0
20260806 153900;4238.085000;4238.175000;4236.345000;4236.345000;0
20260806 154000;4236.455000;4236.805000;4233.965000;4234.515000;0
20260806 154100;4234.685000;4235.185000;4234.165000;4234.395000;0
20260806 154200;4234.395000;4234.935000;4233.185000;4233.495000;0
20260806 154300;4233.435000;4234.745000;4232.745000;4234.045000;0
20260806 154400;4233.935000;4234.425000;4233.485000;4234.365000;0
20260806 154500;4234.365000;4236.335000;4234.365000;4236.315000;0
20260806 154600;4236.355000;4238.025000;4236.125000;4237.825000;0
20260806 154700;4237.655000;4238.925000;4237.165000;4238.115000;0
20260806 154800;4238.065000;4238.065000;4236.905000;4237.795000;0
20260806 154900;4237.885000;4237.985000;4237.185000;4237.565000;0
20260806 155000;4237.445000;4239.325000;4237.445000;4238.725000;0
20260806 155100;4238.765000;4239.695000;4238.375000;4238.795000;0
20260806 155200;4238.795000;4241.215000;4238.615000;4241.015000;0
20260806 155300;4240.965000;4250.055000;4240.525000;4248.895000;0
20260806 155400;4249.165000;4250.585000;4246.905000;4246.905000;0
20260806 155500;4246.855000;4247.095000;4243.595000;4246.035000;0
20260806 155600;4246.285000;4248.225000;4246.135000;4247.585000;0
20260806 155700;4247.475000;4247.715000;4246.045000;4247.325000;0
20260806 155800;4247.335000;4248.645000;4246.645000;4248.555000;0
20260806 155900;4248.465000;4248.965000;4247.635000;4248.645000;0
20260806 160000;4248.645000;4249.885000;4248.335000;4248.725000;0
20260806 160100;4248.675000;4249.465000;4247.305000;4247.575000;0
20260806 160200;4247.365000;4248.345000;4246.115000;4246.435000;0
20260806 160300;4246.405000;4246.925000;4245.955000;4246.595000;0
20260806 160400;4246.575000;4247.085000;4246.475000;4246.825000;0
20260806 160500;4246.975000;4247.305000;4246.495000;4246.505000;0
20260806 160600;4246.445000;4246.925000;4245.935000;4246.875000;0
20260806 160700;4246.755000;4246.855000;4246.195000;4246.485000;0
20260806 160800;4246.435000;4246.605000;4245.425000;4245.555000;0
20260806 160900;4245.585000;4245.815000;4245.145000;4245.605000;0
20260806 161000;4245.685000;4246.535000;4245.335000;4246.315000;0
20260806 161100;4246.315000;4246.315000;4244.705000;4245.205000;0
20260806 161200;4245.315000;4245.365000;4245.075000;4245.235000;0
20260806 161300;4245.315000;4245.315000;4242.865000;4243.225000;0
20260806 161400;4243.335000;4244.525000;4242.535000;4244.315000;0
20260806 161500;4244.455000;4245.395000;4243.935000;4245.375000;0
20260806 161600;4245.185000;4245.185000;4243.905000;4243.995000;0
20260806 161700;4243.975000;4244.585000;4243.475000;4244.585000;0
20260806 161800;4244.585000;4244.745000;4243.905000;4244.215000;0
20260806 161900;4244.185000;4244.655000;4243.815000;4243.935000;0
20260806 162000;4243.965000;4244.195000;4243.065000;4243.155000;0
20260806 162100;4243.185000;4244.575000;4242.675000;4243.285000;0
20260806 162200;4243.335000;4243.525000;4242.385000;4243.155000;0
20260806 162300;4243.225000;4243.585000;4242.825000;4243.275000;0
20260806 162400;4243.245000;4243.475000;4241.845000;4242.125000;0
20260806 162500;4242.155000;4242.865000;4242.065000;4242.185000;0
20260806 162600;4242.155000;4242.185000;4240.685000;4240.785000;0
20260806 162700;4240.815000;4240.915000;4239.665000;4240.265000;0
20260806 162800;4240.465000;4240.845000;4240.465000;4240.555000;0
20260806 162900;4240.475000;4241.715000;4240.475000;4241.695000;0
20260806 163000;4241.695000;4241.725000;4240.735000;4241.075000;0
20260806 163100;4240.945000;4241.075000;4240.645000;4240.965000;0
20260806 163200;4240.965000;4241.115000;4240.685000;4240.965000;0
20260806 163300;4240.925000;4241.195000;4240.725000;4240.905000;0
20260806 163400;4240.935000;4241.215000;4240.875000;4241.015000;0
20260806 163500;4241.045000;4242.055000;4240.955000;4242.055000;0
20260806 163600;4242.025000;4242.245000;4241.345000;4241.495000;0
20260806 163700;4241.705000;4242.065000;4241.295000;4241.665000;0
20260806 163800;4241.555000;4241.645000;4239.895000;4240.065000;0
20260806 163900;4239.985000;4240.195000;4239.465000;4239.945000;0
20260806 164000;4239.865000;4239.945000;4236.985000;4237.105000;0
20260806 164100;4237.545000;4237.705000;4236.675000;4236.985000;0
20260806 164200;4236.905000;4236.905000;4235.565000;4235.655000;0
20260806 164300;4235.515000;4236.065000;4234.985000;4235.015000;0
20260806 164400;4235.145000;4236.345000;4234.825000;4235.065000;0
20260806 164500;4234.965000;4236.215000;4234.495000;4236.205000;0
20260806 164600;4236.105000;4238.675000;4235.915000;4238.415000;0
20260806 164700;4237.765000;4238.065000;4237.275000;4237.655000;0
20260806 164800;4237.545000;4237.795000;4236.875000;4237.015000;0
20260806 164900;4236.895000;4237.145000;4236.265000;4236.425000;0
20260806 165000;4236.315000;4238.005000;4235.635000;4237.805000;0
20260806 165100;4237.915000;4239.265000;4237.915000;4239.115000;0
20260806 165200;4238.985000;4239.605000;4238.635000;4239.285000;0
20260806 165300;4239.485000;4239.795000;4239.335000;4239.345000;0
20260806 165400;4239.445000;4241.775000;4239.345000;4241.425000;0
20260806 165500;4241.295000;4241.395000;4240.405000;4240.405000;0
20260806 165600;4240.275000;4240.355000;4239.785000;4239.785000;0
20260806 165700;4239.905000;4240.565000;4239.765000;4240.015000;0
20260806 165800;4240.145000;4240.715000;4240.145000;4240.385000;0
20260806 165900;4240.275000;4240.435000;4239.335000;4239.485000;0
20260806 180000;4237.015000;4241.185000;4237.015000;4239.155000;0
20260806 180100;4239.235000;4240.265000;4239.235000;4239.845000;0
20260806 180200;4239.995000;4240.165000;4237.865000;4237.865000;0
20260806 180300;4237.835000;4238.165000;4235.975000;4235.975000;0
20260806 180400;4235.795000;4236.795000;4235.475000;4236.295000;0
20260806 180500;4236.365000;4238.295000;4236.365000;4238.195000;0
20260806 180600;4238.355000;4238.455000;4237.065000;4237.385000;0
20260806 180700;4237.470000;4238.065000;4236.135000;4238.065000;0
20260806 180800;4237.945000;4237.975000;4237.745000;4237.915000;0
20260806 180900;4238.125000;4238.125000;4237.815000;4237.905000;0
20260806 181000;4237.385000;4237.855000;4236.755000;4237.765000;0
20260806 181100;4237.965000;4238.025000;4236.855000;4236.995000;0
20260806 181200;4236.815000;4237.415000;4236.465000;4237.415000;0
20260806 181300;4237.545000;4238.735000;4237.365000;4238.735000;0
20260806 181400;4238.605000;4238.915000;4238.105000;4238.915000;0
20260806 181500;4238.795000;4239.695000;4238.685000;4239.295000;0
20260806 181600;4239.155000;4240.015000;4239.155000;4239.465000;0
20260806 181700;4239.645000;4240.785000;4239.465000;4240.435000;0
20260806 181800;4240.195000;4241.505000;4240.195000;4240.995000;0
20260806 181900;4241.255000;4241.435000;4240.395000;4240.535000;0
20260806 182000;4240.895000;4241.105000;4239.655000;4240.445000;0
20260806 182100;4240.355000;4240.355000;4239.545000;4240.095000;0
20260806 182200;4239.985000;4240.395000;4239.245000;4240.165000;0
20260806 182300;4240.045000;4241.395000;4239.615000;4241.395000;0
20260806 182400;4241.495000;4242.655000;4240.945000;4241.815000;0
20260806 182500;4241.205000;4242.275000;4240.865000;4242.135000;0
20260806 182600;4241.895000;4242.485000;4241.685000;4242.485000;0
20260806 182700;4242.385000;4243.235000;4241.765000;4242.075000;0
20260806 182800;4242.185000;4242.635000;4242.005000;4242.275000;0
20260806 182900;4242.385000;4242.625000;4241.225000;4242.215000;0
20260806 183000;4242.025000;4243.145000;4241.745000;4242.235000;0
20260806 183100;4242.495000;4243.405000;4242.215000;4242.755000;0
20260806 183200;4242.885000;4243.365000;4242.255000;4242.765000;0
20260806 183300;4242.645000;4242.965000;4242.135000;4242.835000;0
20260806 183400;4242.285000;4242.685000;4241.205000;4241.255000;0
20260806 183500;4241.365000;4241.835000;4240.375000;4240.535000;0
20260806 183600;4240.235000;4240.675000;4239.885000;4240.565000;0
20260806 183700;4240.505000;4240.825000;4240.215000;4240.295000;0
20260806 183800;4240.005000;4240.685000;4240.005000;4240.255000;0
20260806 183900;4240.905000;4240.905000;4239.605000;4240.155000;0
20260806 184000;4240.295000;4240.295000;4239.675000;4239.775000;0
20260806 184100;4239.925000;4240.765000;4239.775000;4240.635000;0
20260806 184200;4240.435000;4240.765000;4239.645000;4239.645000;0
20260806 184300;4239.915000;4241.125000;4238.595000;4239.575000;0
20260806 184400;4239.465000;4240.055000;4238.045000;4239.045000;0
20260806 184500;4238.915000;4240.945000;4238.615000;4240.585000;0
20260806 184600;4240.745000;4241.105000;4240.295000;4241.025000;0
20260806 184700;4241.135000;4241.135000;4240.745000;4240.765000;0
20260806 184800;4240.885000;4241.865000;4240.755000;4241.545000;0
20260806 184900;4241.405000;4241.625000;4241.355000;4241.475000;0
20260806 185000;4241.245000;4241.775000;4241.135000;4241.455000;0
20260806 185100;4241.345000;4242.135000;4240.595000;4242.035000;0
20260806 185200;4241.855000;4242.475000;4241.365000;4242.335000;0
20260806 185300;4242.135000;4242.745000;4241.945000;4241.945000;0
20260806 185400;4241.835000;4242.085000;4241.725000;4241.915000;0
20260806 185500;4241.755000;4241.915000;4241.335000;4241.445000;0
20260806 185600;4241.325000;4241.525000;4240.425000;4240.935000;0
20260806 185700;4240.775000;4241.175000;4240.605000;4240.945000;0
20260806 185800;4240.715000;4240.775000;4240.335000;4240.415000;0
20260806 185900;4240.345000;4240.385000;4240.195000;4240.195000;0
20260806 190000;4239.915000;4240.865000;4239.915000;4240.595000;0
20260806 190100;4240.275000;4240.995000;4240.085000;4240.995000;0
20260806 190200;4241.135000;4242.525000;4241.135000;4241.945000;0
20260806 190300;4241.705000;4241.705000;4240.095000;4240.265000;0
20260806 190400;4240.225000;4241.925000;4239.735000;4241.615000;0
20260806 190500;4241.745000;4243.535000;4241.745000;4243.225000;0
20260806 190600;4243.115000;4245.325000;4242.945000;4243.105000;0
20260806 190700;4243.065000;4243.305000;4242.825000;4243.175000;0
20260806 190800;4243.095000;4243.905000;4243.095000;4243.815000;0
20260806 190900;4243.655000;4243.655000;4242.665000;4243.445000;0
20260806 191000;4243.375000;4243.895000;4243.375000;4243.515000;0
20260806 191100;4243.615000;4243.935000;4243.285000;4243.815000;0
20260806 191200;4243.415000;4244.455000;4243.415000;4244.185000;0
20260806 191300;4244.185000;4244.305000;4243.865000;4244.105000;0
20260806 191400;4244.225000;4245.045000;4244.225000;4245.025000;0
20260806 191500;4244.865000;4244.995000;4244.625000;4244.875000;0
20260806 191600;4244.675000;4245.625000;4244.555000;4245.385000;0
20260806 191700;4245.215000;4245.505000;4244.835000;4245.205000;0
20260806 191800;4245.355000;4245.505000;4245.115000;4245.485000;0
20260806 191900;4245.355000;4245.965000;4245.085000;4245.355000;0
20260806 192000;4245.185000;4245.425000;4245.185000;4245.385000;0
20260806 192100;4245.495000;4245.755000;4245.355000;4245.755000;0
20260806 192200;4245.655000;4245.815000;4245.375000;4245.705000;0
20260806 192300;4245.705000;4245.945000;4245.215000;4245.375000;0
20260806 192400;4245.115000;4245.835000;4245.115000;4245.645000;0
20260806 192500;4245.665000;4245.965000;4245.045000;4245.045000;0
20260806 192600;4244.885000;4245.975000;4244.885000;4245.855000;0
20260806 192700;4245.685000;4245.735000;4244.445000;4244.535000;0
20260806 192800;4244.665000;4244.935000;4243.175000;4243.585000;0
20260806 192900;4243.415000;4245.405000;4242.635000;4244.755000;0
20260806 193000;4244.905000;4245.885000;4244.655000;4245.585000;0
20260806 193100;4245.495000;4246.415000;4245.145000;4245.975000;0
20260806 193200;4246.165000;4247.115000;4246.165000;4246.845000;0
20260806 193300;4246.945000;4248.655000;4246.295000;4247.255000;0
20260806 193400;4247.155000;4247.325000;4246.765000;4246.895000;0
20260806 193500;4246.755000;4247.585000;4246.515000;4247.075000;0
20260806 193600;4246.955000;4247.525000;4246.705000;4247.525000;0
20260806 193700;4247.305000;4247.515000;4247.005000;4247.285000;0
20260806 193800;4247.285000;4247.485000;4247.035000;4247.165000;0
20260806 193900;4247.015000;4247.515000;4245.655000;4245.655000;0
20260806 194000;4246.145000;4246.195000;4245.495000;4245.785000;0
20260806 194100;4245.885000;4246.285000;4245.825000;4246.285000;0
20260806 194200;4246.405000;4247.545000;4246.405000;4246.935000;0
20260806 194300;4247.045000;4247.045000;4244.875000;4244.875000;0
20260806 194400;4245.065000;4246.435000;4244.595000;4246.435000;0
20260806 194500;4246.325000;4246.655000;4245.445000;4245.525000;0
20260806 194600;4245.525000;4247.635000;4245.455000;4246.785000;0
20260806 194700;4246.655000;4247.895000;4246.055000;4247.895000;0
20260806 194800;4247.735000;4248.595000;4247.285000;4248.455000;0
20260806 194900;4248.335000;4248.795000;4247.925000;4248.335000;0
20260806 195000;4248.145000;4249.565000;4248.135000;4248.895000;0
20260806 195100;4248.775000;4250.895000;4248.705000;4250.635000;0
20260806 195200;4250.495000;4251.875000;4250.175000;4251.425000;0
20260806 195300;4251.315000;4251.975000;4250.805000;4251.105000;0
20260806 195400;4251.045000;4251.735000;4250.905000;4251.235000;0
20260806 195500;4251.125000;4251.525000;4250.145000;4251.265000;0
20260806 195600;4251.275000;4252.945000;4250.575000;4251.255000;0
20260806 195700;4251.275000;4252.565000;4250.925000;4252.025000;0
20260806 195800;4252.085000;4252.495000;4251.445000;4252.105000;0
20260806 195900;4251.985000;4252.495000;4251.565000;4251.925000;0
20260806 200000;4252.015000;4252.355000;4247.585000;4247.685000;0
20260806 200100;4247.565000;4248.565000;4247.135000;4248.375000;0
20260806 200200;4248.355000;4249.295000;4248.125000;4248.515000;0
20260806 200300;4248.635000;4249.735000;4248.615000;4248.785000;0
20260806 200400;4248.725000;4249.655000;4248.585000;4249.325000;0
20260806 200500;4249.475000;4250.565000;4248.735000;4250.395000;0
20260806 200600;4250.485000;4250.705000;4249.335000;4250.055000;0
20260806 200700;4250.105000;4250.185000;4248.425000;4248.685000;0
20260806 200800;4248.825000;4250.205000;4248.765000;4249.575000;0
20260806 200900;4249.945000;4250.475000;4248.765000;4248.955000;0
20260806 201000;4249.275000;4249.275000;4247.585000;4248.315000;0
20260806 201100;4248.025000;4248.195000;4245.655000;4246.025000;0
20260806 201200;4245.985000;4246.075000;4244.775000;4245.425000;0
20260806 201300;4245.395000;4245.785000;4243.025000;4243.435000;0
20260806 201400;4243.335000;4244.505000;4243.315000;4244.455000;0
20260806 201500;4244.585000;4245.935000;4242.865000;4242.865000;0
20260806 201600;4242.905000;4244.155000;4241.385000;4241.725000;0
20260806 201700;4241.895000;4243.525000;4241.775000;4242.955000;0
20260806 201800;4243.145000;4243.145000;4241.215000;4241.235000;0
20260806 201900;4241.395000;4242.065000;4240.795000;4242.035000;0
20260806 202000;4241.925000;4244.585000;4241.685000;4244.465000;0
20260806 202100;4244.235000;4245.335000;4243.175000;4243.835000;0
20260806 202200;4243.835000;4244.105000;4243.095000;4243.255000;0
20260806 202300;4243.155000;4243.295000;4241.055000;4241.395000;0
20260806 202400;4241.495000;4241.535000;4239.365000;4239.635000;0
20260806 202500;4239.775000;4240.285000;4238.895000;4239.765000;0
20260806 202600;4239.875000;4240.855000;4239.355000;4239.535000;0
20260806 202700;4239.435000;4241.645000;4239.345000;4240.255000;0
20260806 202800;4240.235000;4243.785000;4240.155000;4242.595000;0
20260806 202900;4242.435000;4244.005000;4242.155000;4243.865000;0
20260806 203000;4243.765000;4243.875000;4240.765000;4241.855000;0
20260806 203100;4241.755000;4242.595000;4241.405000;4241.575000;0
20260806 203200;4241.575000;4242.315000;4240.455000;4241.935000;0
20260806 203300;4241.935000;4242.705000;4240.095000;4241.125000;0
20260806 203400;4241.245000;4242.085000;4240.295000;4241.225000;0
20260806 203500;4241.195000;4242.105000;4238.275000;4238.275000;0
20260806 203600;4238.175000;4241.115000;4237.005000;4241.115000;0
20260806 203700;4241.205000;4242.305000;4240.375000;4240.405000;0
20260806 203800;4240.245000;4240.445000;4235.245000;4236.635000;0
20260806 203900;4236.645000;4237.045000;4235.015000;4235.175000;0
20260806 204000;4235.365000;4235.655000;4231.855000;4232.315000;0
20260806 204100;4232.205000;4233.695000;4229.895000;4233.495000;0
20260806 204200;4233.565000;4233.835000;4230.735000;4232.775000;0
20260806 204300;4232.905000;4233.025000;4231.535000;4232.205000;0
20260806 204400;4232.305000;4235.195000;4232.185000;4234.495000;0
20260806 204500;4234.785000;4236.695000;4234.515000;4235.905000;0
20260806 204600;4235.765000;4235.915000;4234.805000;4235.215000;0
20260806 204700;4235.075000;4235.515000;4233.285000;4233.345000;0
20260806 204800;4233.195000;4234.375000;4232.745000;4233.005000;0
20260806 204900;4232.485000;4233.415000;4230.955000;4230.975000;0
20260806 205000;4231.125000;4234.725000;4230.785000;4234.455000;0
20260806 205100;4234.355000;4234.675000;4232.665000;4233.965000;0
20260806 205200;4233.975000;4234.765000;4233.055000;4234.215000;0
20260806 205300;4234.105000;4234.565000;4233.005000;4233.145000;0
20260806 205400;4233.265000;4234.185000;4232.955000;4233.505000;0
20260806 205500;4233.385000;4233.815000;4231.215000;4231.655000;0
20260806 205600;4231.565000;4231.895000;4230.225000;4230.915000;0
20260806 205700;4230.805000;4231.685000;4230.395000;4231.445000;0
20260806 205800;4231.585000;4232.515000;4230.565000;4230.835000;0
20260806 205900;4230.755000;4232.785000;4229.385000;4232.365000;0
20260806 210000;4232.545000;4239.775000;4231.575000;4238.545000;0
20260806 210100;4238.625000;4242.905000;4237.215000;4238.315000;0
20260806 210200;4238.175000;4239.475000;4237.005000;4237.445000;0
20260806 210300;4237.565000;4240.055000;4235.745000;4240.055000;0
20260806 210400;4239.895000;4242.895000;4239.475000;4241.425000;0
20260806 210500;4241.235000;4242.805000;4239.725000;4241.575000;0
20260806 210600;4241.675000;4242.385000;4240.555000;4240.645000;0
20260806 210700;4240.815000;4245.105000;4240.385000;4244.625000;0
20260806 210800;4244.745000;4246.365000;4243.355000;4243.655000;0
20260806 210900;4243.565000;4243.735000;4241.005000;4242.185000;0
20260806 211000;4242.315000;4242.755000;4240.645000;4241.605000;0
20260806 211100;4241.605000;4243.465000;4241.205000;4241.735000;0
20260806 211200;4241.795000;4242.185000;4240.095000;4241.995000;0
20260806 211300;4242.165000;4243.765000;4241.805000;4243.205000;0
20260806 211400;4243.205000;4244.845000;4242.985000;4243.825000;0
20260806 211500;4243.845000;4244.925000;4242.915000;4244.495000;0
20260806 211600;4244.675000;4246.225000;4244.375000;4245.655000;0
20260806 211700;4245.465000;4246.255000;4243.965000;4244.625000;0
20260806 211800;4244.625000;4245.625000;4243.605000;4244.335000;0
20260806 211900;4244.335000;4245.585000;4243.855000;4244.215000;0
20260806 212000;4244.215000;4244.265000;4242.975000;4244.165000;0
20260806 212100;4244.275000;4249.865000;4244.275000;4248.935000;0
20260806 212200;4249.015000;4249.325000;4243.745000;4243.775000;0
20260806 212300;4243.705000;4244.265000;4241.705000;4243.295000;0
20260806 212400;4243.375000;4244.165000;4240.665000;4241.285000;0
20260806 212500;4241.395000;4242.655000;4239.875000;4239.885000;0
20260806 212600;4240.225000;4241.915000;4239.795000;4241.385000;0
20260806 212700;4241.495000;4245.355000;4241.065000;4245.025000;0
20260806 212800;4245.045000;4245.675000;4243.065000;4243.325000;0
20260806 212900;4243.365000;4244.515000;4242.925000;4243.135000;0
20260806 213000;4243.135000;4245.025000;4238.915000;4239.185000;0
20260806 213100;4239.315000;4242.635000;4238.855000;4242.195000;0
20260806 213200;4242.545000;4243.985000;4242.285000;4243.725000;0
20260806 213300;4243.725000;4245.035000;4240.985000;4241.315000;0
20260806 213400;4241.315000;4244.305000;4241.315000;4242.565000;0
20260806 213500;4242.585000;4243.185000;4241.555000;4242.825000;0
20260806 213600;4242.955000;4243.805000;4241.965000;4242.615000;0
20260806 213700;4242.405000;4245.095000;4241.235000;4243.845000;0
20260806 213800;4243.945000;4244.045000;4241.505000;4241.795000;0
20260806 213900;4242.035000;4246.215000;4241.605000;4246.215000;0
20260806 214000;4246.335000;4250.005000;4245.595000;4248.645000;0
20260806 214100;4248.935000;4249.745000;4248.385000;4249.205000;0
20260806 214200;4249.035000;4250.275000;4248.715000;4249.865000;0
20260806 214300;4249.865000;4255.715000;4249.865000;4253.265000;0
20260806 214400;4253.265000;4258.655000;4253.265000;4256.465000;0
20260806 214500;4256.375000;4258.675000;4255.125000;4258.245000;0
20260806 214600;4258.215000;4258.435000;4255.055000;4255.265000;0
20260806 214700;4255.125000;4255.425000;4252.505000;4253.345000;0
20260806 214800;4253.125000;4254.325000;4252.925000;4253.145000;0
20260806 214900;4253.275000;4254.285000;4252.155000;4253.785000;0
20260806 215000;4253.785000;4253.905000;4251.715000;4252.505000;0
20260806 215100;4252.375000;4255.165000;4252.275000;4253.705000;0
20260806 215200;4253.595000;4253.985000;4252.785000;4253.695000;0
20260806 215300;4253.895000;4254.315000;4253.025000;4253.975000;0
20260806 215400;4254.095000;4254.565000;4253.325000;4254.285000;0
20260806 215500;4254.125000;4255.785000;4253.605000;4254.565000;0
20260806 215600;4254.685000;4256.015000;4253.555000;4255.705000;0
20260806 215700;4255.795000;4256.955000;4254.775000;4256.605000;0
20260806 215800;4256.605000;4259.145000;4256.425000;4257.755000;0
20260806 215900;4257.575000;4258.065000;4255.785000;4256.275000;0
20260806 220000;4256.455000;4258.945000;4255.695000;4258.675000;0
20260806 220100;4258.675000;4260.415000;4256.855000;4256.855000;0
20260806 220200;4256.715000;4261.455000;4256.185000;4260.315000;0
20260806 220300;4260.535000;4261.225000;4259.995000;4260.235000;0
20260806 220400;4260.095000;4261.355000;4259.735000;4260.765000;0
20260806 220500;4260.875000;4260.915000;4259.765000;4260.625000;0
20260806 220600;4260.625000;4261.135000;4259.355000;4260.875000;0
20260806 220700;4260.765000;4261.025000;4260.045000;4260.515000;0
20260806 220800;4260.515000;4260.595000;4258.045000;4258.205000;0
20260806 220900;4258.065000;4258.915000;4257.495000;4258.475000;0
20260806 221000;4258.885000;4259.055000;4257.395000;4257.485000;0
20260806 221100;4257.475000;4258.885000;4257.175000;4258.855000;0
20260806 221200;4258.855000;4259.595000;4258.285000;4259.135000;0
20260806 221300;4258.965000;4259.335000;4258.285000;4258.575000;0
20260806 221400;4258.575000;4259.285000;4258.265000;4258.525000;0
20260806 221500;4258.405000;4260.675000;4257.805000;4260.465000;0
20260806 221600;4260.495000;4260.855000;4259.445000;4259.515000;0
20260806 221700;4259.565000;4260.365000;4259.475000;4260.355000;0
20260806 221800;4260.255000;4260.395000;4259.485000;4259.585000;0
20260806 221900;4259.465000;4259.605000;4257.295000;4257.905000;0
20260806 222000;4257.795000;4258.705000;4257.275000;4257.385000;0
20260806 222100;4257.595000;4258.645000;4257.145000;4257.575000;0
20260806 222200;4257.575000;4257.875000;4257.275000;4257.855000;0
20260806 222300;4258.005000;4260.255000;4257.745000;4260.145000;0
20260806 222400;4260.145000;4260.755000;4259.855000;4260.075000;0
20260806 222500;4260.005000;4260.405000;4259.065000;4260.015000;0
20260806 222600;4259.905000;4260.095000;4259.575000;4259.955000;0
20260806 222700;4259.855000;4260.285000;4259.495000;4259.535000;0
20260806 222800;4259.495000;4260.125000;4259.395000;4259.835000;0
20260806 222900;4259.945000;4260.905000;4259.715000;4260.505000;0
20260806 223000;4260.785000;4261.585000;4257.195000;4257.375000;0
20260806 223100;4257.495000;4258.505000;4256.945000;4257.835000;0
20260806 223200;4257.735000;4258.295000;4256.945000;4257.385000;0
20260806 223300;4257.605000;4258.685000;4257.225000;4257.805000;0
20260806 223400;4257.915000;4257.935000;4256.155000;4256.445000;0
20260806 223500;4256.505000;4256.875000;4254.175000;4254.815000;0
20260806 223600;4254.915000;4255.035000;4252.105000;4252.345000;0
20260806 223700;4252.405000;4253.615000;4252.365000;4252.775000;0
20260806 223800;4252.835000;4253.625000;4251.695000;4253.495000;0
20260806 223900;4253.285000;4253.485000;4251.545000;4252.605000;0
20260806 224000;4252.545000;4252.705000;4250.715000;4251.055000;0
20260806 224100;4250.985000;4254.505000;4250.545000;4254.385000;0
20260806 224200;4254.075000;4254.615000;4251.045000;4251.105000;0
20260806 224300;4251.015000;4251.595000;4249.725000;4251.595000;0
20260806 224400;4251.595000;4251.595000;4249.395000;4249.395000;0
20260806 224500;4249.425000;4249.425000;4246.915000;4247.155000;0
20260806 224600;4247.145000;4249.145000;4246.855000;4248.815000;0
20260806 224700;4249.095000;4250.755000;4248.815000;4249.805000;0
20260806 224800;4249.845000;4251.925000;4249.495000;4251.685000;0
20260806 224900;4251.575000;4251.765000;4249.885000;4250.815000;0
20260806 225000;4250.825000;4252.055000;4250.745000;4251.385000;0
20260806 225100;4251.255000;4253.885000;4251.095000;4253.775000;0
20260806 225200;4253.915000;4255.305000;4253.365000;4253.955000;0
20260806 225300;4253.855000;4254.755000;4253.055000;4253.185000;0
20260806 225400;4253.295000;4254.905000;4252.475000;4254.455000;0
20260806 225500;4254.565000;4254.585000;4253.205000;4253.425000;0
20260806 225600;4253.205000;4255.875000;4253.085000;4254.475000;0
20260806 225700;4254.605000;4254.745000;4251.435000;4251.645000;0
20260806 225800;4251.735000;4252.225000;4249.615000;4249.715000;0
20260806 225900;4249.615000;4250.865000;4249.525000;4250.295000;0
20260806 230000;4250.115000;4250.975000;4249.275000;4250.615000;0
20260806 230100;4250.615000;4251.685000;4250.425000;4250.975000;0
20260806 230200;4250.855000;4254.615000;4250.855000;4254.275000;0
20260806 230300;4254.275000;4257.675000;4254.015000;4257.345000;0
20260806 230400;4257.475000;4258.935000;4256.725000;4258.065000;0
20260806 230500;4257.705000;4258.125000;4256.895000;4257.495000;0
20260806 230600;4257.265000;4257.765000;4255.705000;4256.545000;0
20260806 230700;4256.645000;4257.525000;4256.005000;4257.525000;0
20260806 230800;4257.415000;4258.335000;4257.045000;4257.315000;0
20260806 230900;4257.185000;4257.665000;4256.045000;4256.485000;0
20260806 231000;4256.385000;4257.105000;4255.695000;4256.195000;0
20260806 231100;4256.155000;4256.155000;4252.415000;4254.665000;0
20260806 231200;4254.885000;4255.835000;4254.075000;4255.725000;0
20260806 231300;4255.615000;4256.205000;4255.405000;4255.815000;0
20260806 231400;4255.995000;4256.335000;4254.075000;4254.535000;0
20260806 231500;4254.535000;4255.015000;4254.035000;4254.455000;0
20260806 231600;4254.395000;4255.495000;4253.305000;4253.545000;0
20260806 231700;4253.435000;4254.265000;4252.535000;4253.555000;0
20260806 231800;4253.715000;4254.815000;4253.405000;4254.475000;0
20260806 231900;4254.475000;4254.805000;4253.125000;4253.625000;0
20260806 232000;4253.595000;4254.015000;4252.355000;4253.425000;0
20260806 232100;4253.525000;4256.105000;4253.385000;4255.435000;0
20260806 232200;4255.065000;4255.235000;4251.435000;4254.955000;0
20260806 232300;4255.055000;4255.085000;4253.845000;4254.525000;0
20260806 232400;4254.525000;4255.155000;4253.855000;4254.405000;0
20260806 232500;4254.665000;4255.225000;4253.965000;4254.655000;0
20260806 232600;4255.205000;4257.645000;4255.205000;4256.005000;0
20260806 232700;4255.965000;4256.885000;4255.895000;4256.395000;0
20260806 232800;4256.545000;4256.795000;4255.905000;4256.035000;0
20260806 232900;4256.135000;4258.565000;4255.815000;4258.285000;0
20260806 233000;4258.095000;4261.205000;4258.095000;4260.655000;0
20260806 233100;4260.535000;4260.905000;4259.185000;4259.415000;0
20260806 233200;4259.375000;4260.115000;4259.215000;4259.355000;0
20260806 233300;4259.235000;4259.645000;4258.855000;4259.645000;0
20260806 233400;4259.595000;4259.665000;4258.685000;4258.875000;0
20260806 233500;4258.805000;4258.915000;4257.345000;4257.905000;0
20260806 233600;4257.805000;4260.705000;4257.725000;4260.335000;0
20260806 233700;4260.445000;4260.445000;4259.065000;4259.515000;0
20260806 233800;4259.735000;4260.305000;4259.165000;4260.195000;0
20260806 233900;4260.225000;4260.475000;4259.675000;4260.215000;0
20260806 234000;4260.365000;4260.375000;4259.805000;4260.055000;0
20260806 234100;4259.915000;4260.035000;4259.345000;4259.425000;0
20260806 234200;4259.545000;4261.105000;4259.375000;4259.795000;0
20260806 234300;4259.905000;4260.675000;4259.855000;4260.265000;0
20260806 234400;4260.415000;4260.725000;4260.125000;4260.235000;0
20260806 234500;4260.275000;4260.905000;4259.955000;4260.585000;0
20260806 234600;4260.695000;4260.815000;4258.875000;4259.365000;0
20260806 234700;4259.265000;4260.685000;4259.195000;4260.445000;0
20260806 234800;4260.295000;4260.705000;4258.925000;4259.435000;0
20260806 234900;4259.465000;4261.345000;4259.465000;4260.475000;0
20260806 235000;4260.375000;4260.785000;4260.095000;4260.325000;0
20260806 235100;4260.325000;4260.755000;4260.045000;4260.065000;0
20260806 235200;4260.175000;4260.315000;4258.925000;4259.235000;0
20260806 235300;4259.165000;4259.605000;4258.865000;4259.015000;0
20260806 235400;4259.205000;4260.445000;4258.885000;4260.205000;0
20260806 235500;4260.115000;4260.595000;4259.805000;4260.385000;0
20260806 235600;4260.455000;4260.675000;4260.075000;4260.415000;0
20260806 235700;4260.565000;4261.975000;4260.305000;4261.265000;0
20260806 235800;4261.205000;4265.075000;4261.035000;4263.305000;0
20260806 235900;4263.425000;4266.055000;4263.125000;4265.815000;0
20260807 000000;4265.965000;4266.275000;4264.605000;4264.915000;0
20260807 000100;4264.795000;4268.905000;4264.745000;4264.835000;0
20260807 000200;4264.835000;4265.255000;4262.285000;4262.475000;0
20260807 000300;4262.405000;4263.265000;4261.745000;4263.185000;0
20260807 000400;4263.095000;4264.785000;4262.595000;4264.615000;0
20260807 000500;4264.455000;4267.505000;4264.345000;4267.005000;0
20260807 000600;4266.785000;4266.785000;4264.645000;4265.375000;0
20260807 000700;4265.375000;4265.815000;4264.135000;4265.705000;0
20260807 000800;4265.585000;4266.675000;4264.725000;4266.445000;0
20260807 000900;4266.275000;4266.825000;4264.295000;4266.225000;0
20260807 001000;4266.305000;4267.235000;4266.225000;4266.725000;0
20260807 001100;4266.835000;4267.255000;4266.185000;4266.315000;0
20260807 001200;4266.175000;4267.245000;4265.685000;4265.785000;0
20260807 001300;4265.665000;4265.965000;4263.395000;4265.585000;0
20260807 001400;4265.125000;4266.655000;4264.875000;4265.865000;0
20260807 001500;4265.975000;4267.295000;4265.685000;4265.845000;0
20260807 001600;4265.965000;4265.965000;4263.005000;4263.505000;0
20260807 001700;4263.765000;4263.795000;4262.665000;4262.885000;0
20260807 001800;4262.935000;4263.355000;4261.965000;4262.035000;0
20260807 001900;4262.155000;4262.555000;4261.875000;4262.005000;0
20260807 002000;4262.465000;4262.835000;4261.515000;4262.435000;0
20260807 002100;4262.325000;4264.125000;4261.935000;4264.095000;0
20260807 002200;4264.315000;4268.335000;4263.835000;4267.225000;0
20260807 002300;4267.125000;4267.485000;4266.035000;4266.185000;0
20260807 002400;4266.145000;4267.115000;4265.305000;4265.305000;0
20260807 002500;4265.445000;4265.925000;4264.885000;4265.825000;0
20260807 002600;4265.825000;4265.825000;4263.535000;4264.075000;0
20260807 002700;4264.355000;4265.935000;4263.945000;4265.465000;0
20260807 002800;4265.465000;4266.555000;4264.915000;4266.135000;0
20260807 002900;4265.895000;4266.755000;4264.435000;4264.505000;0
20260807 003000;4264.565000;4265.985000;4263.355000;4265.825000;0
20260807 003100;4265.795000;4267.885000;4265.795000;4266.385000;0
20260807 003200;4266.345000;4268.225000;4266.115000;4266.595000;0
20260807 003300;4266.575000;4268.125000;4265.715000;4267.325000;0
20260807 003400;4267.265000;4267.805000;4266.885000;4267.535000;0
20260807 003500;4267.385000;4268.035000;4266.795000;4266.925000;0
20260807 003600;4266.795000;4267.735000;4266.365000;4266.675000;0
20260807 003700;4266.675000;4266.955000;4265.495000;4265.755000;0
20260807 003800;4265.665000;4265.745000;4264.255000;4264.495000;0
20260807 003900;4264.425000;4264.555000;4263.765000;4264.385000;0
20260807 004000;4264.275000;4264.315000;4262.455000;4262.805000;0
20260807 004100;4262.855000;4263.655000;4262.585000;4263.225000;0
20260807 004200;4263.365000;4265.675000;4260.425000;4265.255000;0
20260807 004300;4265.215000;4265.405000;4264.015000;4264.255000;0
20260807 004400;4264.465000;4264.465000;4263.595000;4263.715000;0
20260807 004500;4263.715000;4263.795000;4262.685000;4262.685000;0
20260807 004600;4262.715000;4263.255000;4262.715000;4263.195000;0
20260807 004700;4263.045000;4263.175000;4262.145000;4262.155000;0
20260807 004800;4262.015000;4264.025000;4261.985000;4263.845000;0
20260807 004900;4264.065000;4264.325000;4263.665000;4263.805000;0
20260807 005000;4263.945000;4266.055000;4263.775000;4265.695000;0
20260807 005100;4265.575000;4265.885000;4265.265000;4265.785000;0
20260807 005200;4265.955000;4265.955000;4264.905000;4264.995000;0
20260807 005300;4265.095000;4265.675000;4264.915000;4265.355000;0
20260807 005400;4265.495000;4266.785000;4264.955000;4266.655000;0
20260807 005500;4266.545000;4266.995000;4265.985000;4266.455000;0
20260807 005600;4266.355000;4267.075000;4266.305000;4266.685000;0
20260807 005700;4266.805000;4267.095000;4266.235000;4266.575000;0
20260807 005800;4266.255000;4266.575000;4265.315000;4265.735000;0
20260807 005900;4265.845000;4265.985000;4264.605000;4264.715000;0
20260807 010000;4264.595000;4265.325000;4264.235000;4264.545000;0
20260807 010100;4264.665000;4265.165000;4263.225000;4263.715000;0
20260807 010200;4263.615000;4264.525000;4263.315000;4263.895000;0
20260807 010300;4264.075000;4266.135000;4263.795000;4265.655000;0
20260807 010400;4265.785000;4266.305000;4264.975000;4265.715000;0
20260807 010500;4265.825000;4265.965000;4262.585000;4263.085000;0
20260807 010600;4262.985000;4263.625000;4262.105000;4262.565000;0
20260807 010700;4262.685000;4263.325000;4261.595000;4262.155000;0
20260807 010800;4262.155000;4265.535000;4261.545000;4264.325000;0
20260807 010900;4264.215000;4266.815000;4264.025000;4266.715000;0
20260807 011000;4266.695000;4269.705000;4265.825000;4269.555000;0
20260807 011100;4269.975000;4270.855000;4268.985000;4269.325000;0
20260807 011200;4269.425000;4271.165000;4268.385000;4268.905000;0
20260807 011300;4268.745000;4269.995000;4267.925000;4269.615000;0
20260807 011400;4269.435000;4270.105000;4268.865000;4268.865000;0
20260807 011500;4269.015000;4269.715000;4268.535000;4268.925000;0
20260807 011600;4269.065000;4270.265000;4268.895000;4269.655000;0
20260807 011700;4269.465000;4269.635000;4267.645000;4268.135000;0
20260807 011800;4268.275000;4268.725000;4267.905000;4268.245000;0
20260807 011900;4268.135000;4269.415000;4267.815000;4268.015000;0
20260807 012000;4268.055000;4268.115000;4267.155000;4267.425000;0
20260807 012100;4267.425000;4268.155000;4266.925000;4267.205000;0
20260807 012200;4267.065000;4268.455000;4266.775000;4267.865000;0
20260807 012300;4267.725000;4270.305000;4266.335000;4266.435000;0
20260807 012400;4266.595000;4266.815000;4265.365000;4266.445000;0
20260807 012500;4266.315000;4267.685000;4266.175000;4266.425000;0
20260807 012600;4266.295000;4266.485000;4265.415000;4265.715000;0
20260807 012700;4265.995000;4266.235000;4265.075000;4265.685000;0
20260807 012800;4265.565000;4265.875000;4264.555000;4265.055000;0
20260807 012900;4265.175000;4266.485000;4265.125000;4266.295000;0
20260807 013000;4266.195000;4270.485000;4265.655000;4267.465000;0
20260807 013100;4267.315000;4270.365000;4267.115000;4268.435000;0
20260807 013200;4268.555000;4271.465000;4267.885000;4271.255000;0
20260807 013300;4271.255000;4273.105000;4270.555000;4272.335000;0
20260807 013400;4272.565000;4276.215000;4272.205000;4274.735000;0
20260807 013500;4274.625000;4277.335000;4273.925000;4276.845000;0
20260807 013600;4276.645000;4276.815000;4275.085000;4275.375000;0
20260807 013700;4275.475000;4275.625000;4273.575000;4273.745000;0
20260807 013800;4273.905000;4275.385000;4272.475000;4274.815000;0
20260807 013900;4274.675000;4275.425000;4272.915000;4273.065000;0
20260807 014000;4273.025000;4273.565000;4271.185000;4271.575000;0
20260807 014100;4271.425000;4273.255000;4271.325000;4271.945000;0
20260807 014200;4271.805000;4271.915000;4270.185000;4271.335000;0
20260807 014300;4271.335000;4272.105000;4270.405000;4271.325000;0
20260807 014400;4271.665000;4271.665000;4270.725000;4271.085000;0
20260807 014500;4271.205000;4272.765000;4271.095000;4271.895000;0
20260807 014600;4272.015000;4273.875000;4271.875000;4273.335000;0
20260807 014700;4273.345000;4274.665000;4272.665000;4273.615000;0
20260807 014800;4273.485000;4275.085000;4272.695000;4274.605000;0
20260807 014900;4274.725000;4276.605000;4274.335000;4275.955000;0
20260807 015000;4276.095000;4279.345000;4275.295000;4278.355000;0
20260807 015100;4278.545000;4279.365000;4277.325000;4279.295000;0
20260807 015200;4279.185000;4279.375000;4274.365000;4274.495000;0
20260807 015300;4274.615000;4275.935000;4273.895000;4273.895000;0
20260807 015400;4274.275000;4276.355000;4273.325000;4274.375000;0
20260807 015500;4274.375000;4278.805000;4274.375000;4278.785000;0
20260807 015600;4279.045000;4280.146000;4278.195000;4278.705000;0
20260807 015700;4278.995000;4279.755000;4278.065000;4279.755000;0
20260807 015800;4279.755000;4280.355000;4277.995000;4278.645000;0
20260807 015900;4278.645000;4280.195000;4278.235000;4278.465000;0
20260807 020000;4278.555000;4280.645000;4278.555000;4279.855000;0
20260807 020100;4279.605000;4279.755000;4278.075000;4278.495000;0
20260807 020200;4278.255000;4279.885000;4278.165000;4278.955000;0
20260807 020300;4278.945000;4279.405000;4278.245000;4279.045000;0
20260807 020400;4279.165000;4282.875000;4279.165000;4282.385000;0
20260807 020500;4282.545000;4284.255000;4281.005000;4281.885000;0
20260807 020600;4282.005000;4282.995000;4281.575000;4282.195000;0
20260807 020700;4282.195000;4282.605000;4281.215000;4282.575000;0
20260807 020800;4282.675000;4283.685000;4281.445000;4281.675000;0
20260807 020900;4281.795000;4282.595000;4281.165000;4282.065000;0
20260807 021000;4281.965000;4285.275000;4281.365000;4284.775000;0
20260807 021100;4284.665000;4288.255000;4283.745000;4288.255000;0
20260807 021200;4288.375000;4291.065000;4287.375000;4287.725000;0
20260807 021300;4287.865000;4288.225000;4286.465000;4286.655000;0
20260807 021400;4286.575000;4287.085000;4285.575000;4286.425000;0
20260807 021500;4286.395000;4286.425000;4283.665000;4285.945000;0
20260807 021600;4286.095000;4286.785000;4284.725000;4284.765000;0
20260807 021700;4284.565000;4287.875000;4284.565000;4287.115000;0
20260807 021800;4287.265000;4290.235000;4287.055000;4289.235000;0
20260807 021900;4289.055000;4290.135000;4287.795000;4287.965000;0
20260807 022000;4287.735000;4289.475000;4286.695000;4288.825000;0
20260807 022100;4289.045000;4291.065000;4288.235000;4289.515000;0
20260807 022200;4289.415000;4290.715000;4288.155000;4290.265000;0
20260807 022300;4290.375000;4290.475000;4288.595000;4289.555000;0
20260807 022400;4289.525000;4290.145000;4286.735000;4287.195000;0
20260807 022500;4287.235000;4287.235000;4285.045000;4286.615000;0
20260807 022600;4286.665000;4286.665000;4284.265000;4284.705000;0
20260807 022700;4284.705000;4285.135000;4283.405000;4284.705000;0
20260807 022800;4284.905000;4285.035000;4283.295000;4283.615000;0
20260807 022900;4283.505000;4284.275000;4282.915000;4283.195000;0
20260807 023000;4283.005000;4283.565000;4279.805000;4282.185000;0
20260807 023100;4282.215000;4282.805000;4281.265000;4282.205000;0
20260807 023200;4282.455000;4284.955000;4282.005000;4284.545000;0
20260807 023300;4284.545000;4286.775000;4284.415000;4286.775000;0
20260807 023400;4286.655000;4287.345000;4285.535000;4286.115000;0
20260807 023500;4286.005000;4286.895000;4285.915000;4286.035000;0
20260807 023600;4286.165000;4290.015000;4286.165000;4289.665000;0
20260807 023700;4289.525000;4292.605000;4289.485000;4292.495000;0
20260807 023800;4292.235000;4293.365000;4291.495000;4291.765000;0
20260807 023900;4291.725000;4293.065000;4290.845000;4291.595000;0
20260807 024000;4291.755000;4293.385000;4291.605000;4292.905000;0
20260807 024100;4292.635000;4294.055000;4292.275000;4293.585000;0
20260807 024200;4293.705000;4294.955000;4292.715000;4293.475000;0
20260807 024300;4293.505000;4294.155000;4292.665000;4293.685000;0
20260807 024400;4293.735000;4293.775000;4291.305000;4291.875000;0
20260807 024500;4291.765000;4292.815000;4291.375000;4292.445000;0
20260807 024600;4292.425000;4293.315000;4291.845000;4293.205000;0
20260807 024700;4293.085000;4293.435000;4291.345000;4293.025000;0
20260807 024800;4293.145000;4294.375000;4292.335000;4293.035000;0
20260807 024900;4293.035000;4293.135000;4289.225000;4289.355000;0
20260807 025000;4289.195000;4290.575000;4288.575000;4290.455000;0
20260807 025100;4290.615000;4294.005000;4290.525000;4293.165000;0
20260807 025200;4293.055000;4294.425000;4291.865000;4294.255000;0
20260807 025300;4294.475000;4295.165000;4293.455000;4294.465000;0
20260807 025400;4294.495000;4294.905000;4293.145000;4293.265000;0
20260807 025500;4293.375000;4294.195000;4293.125000;4294.055000;0
20260807 025600;4294.065000;4296.135000;4293.835000;4295.345000;0
20260807 025700;4295.345000;4297.315000;4294.545000;4296.135000;0
20260807 025800;4296.135000;4298.575000;4296.135000;4297.975000;0
20260807 025900;4297.975000;4298.325000;4296.415000;4296.975000;0
20260807 030000;4297.035000;4297.745000;4293.915000;4295.095000;0
20260807 030100;4295.105000;4296.005000;4293.465000;4294.225000;0
20260807 030200;4294.225000;4294.885000;4292.615000;4293.505000;0
20260807 030300;4293.625000;4294.745000;4293.155000;4293.655000;0
20260807 030400;4293.725000;4295.345000;4293.645000;4294.615000;0
20260807 030500;4294.635000;4294.685000;4290.905000;4291.395000;0
20260807 030600;4291.545000;4291.545000;4290.355000;4291.425000;0
20260807 030700;4291.515000;4293.205000;4291.035000;4292.735000;0
20260807 030800;4292.775000;4293.075000;4291.145000;4291.175000;0
20260807 030900;4291.215000;4292.015000;4291.085000;4291.245000;0
20260807 031000;4291.385000;4293.095000;4290.215000;4291.885000;0
20260807 031100;4291.855000;4292.975000;4290.905000;4291.045000;0
20260807 031200;4291.035000;4291.485000;4290.145000;4291.165000;0
20260807 031300;4291.195000;4291.215000;4290.155000;4290.465000;0
20260807 031400;4290.455000;4291.795000;4290.195000;4291.065000;0
20260807 031500;4291.045000;4291.855000;4289.865000;4291.335000;0
20260807 031600;4291.465000;4291.465000;4288.875000;4289.675000;0
20260807 031700;4289.665000;4291.965000;4289.465000;4291.825000;0
20260807 031800;4291.845000;4292.225000;4290.795000;4290.815000;0
20260807 031900;4290.875000;4291.725000;4290.505000;4291.235000;0
20260807 032000;4290.955000;4291.595000;4290.455000;4291.475000;0
20260807 032100;4291.525000;4292.525000;4290.835000;4291.235000;0
20260807 032200;4291.355000;4291.715000;4290.295000;4290.775000;0
20260807 032300;4290.585000;4290.775000;4289.125000;4289.235000;0
20260807 032400;4289.235000;4289.505000;4287.745000;4287.855000;0
20260807 032500;4287.925000;4288.145000;4286.785000;4287.215000;0
20260807 032600;4287.335000;4287.825000;4285.515000;4285.885000;0
20260807 032700;4286.145000;4286.365000;4284.535000;4284.875000;0
20260807 032800;4284.835000;4286.885000;4284.685000;4286.445000;0
20260807 032900;4286.465000;4286.725000;4284.795000;4285.335000;0
20260807 033000;4285.185000;4285.745000;4283.795000;4283.885000;0
20260807 033100;4283.885000;4285.895000;4283.675000;4285.805000;0
20260807 033200;4285.815000;4287.105000;4285.205000;4286.135000;0
20260807 033300;4286.025000;4286.585000;4285.585000;4285.645000;0
20260807 033400;4285.645000;4287.605000;4285.495000;4287.175000;0
20260807 033500;4287.185000;4288.555000;4287.065000;4288.175000;0
20260807 033600;4288.175000;4288.375000;4287.285000;4287.395000;0
20260807 033700;4287.335000;4287.675000;4286.655000;4287.465000;0
20260807 033800;4287.445000;4287.985000;4286.385000;4287.075000;0
20260807 033900;4287.175000;4287.175000;4285.165000;4285.275000;0
20260807 034000;4285.275000;4286.295000;4284.655000;4286.275000;0
20260807 034100;4286.175000;4287.305000;4286.035000;4287.035000;0
20260807 034200;4286.995000;4287.935000;4285.275000;4285.445000;0
20260807 034300;4285.655000;4285.735000;4284.535000;4284.855000;0
20260807 034400;4284.785000;4285.505000;4284.185000;4284.895000;0
20260807 034500;4284.895000;4286.835000;4283.165000;4286.625000;0
20260807 034600;4286.505000;4286.585000;4284.395000;4284.925000;0
20260807 034700;4284.925000;4285.815000;4283.685000;4284.345000;0
20260807 034800;4284.275000;4284.915000;4283.095000;4283.145000;0
20260807 034900;4283.145000;4285.045000;4282.735000;4284.995000;0
20260807 035000;4284.915000;4286.235000;4284.135000;4284.145000;0
20260807 035100;4284.175000;4285.245000;4284.095000;4284.795000;0
20260807 035200;4284.925000;4286.565000;4284.925000;4286.475000;0
20260807 035300;4286.445000;4286.805000;4285.705000;4285.915000;0
20260807 035400;4285.845000;4286.745000;4285.675000;4286.745000;0
20260807 035500;4286.775000;4290.195000;4286.415000;4290.075000;0
20260807 035600;4289.885000;4289.935000;4288.845000;4289.425000;0
20260807 035700;4289.115000;4289.455000;4288.805000;4289.125000;0
20260807 035800;4289.135000;4290.325000;4289.135000;4290.315000;0
20260807 035900;4290.175000;4291.045000;4289.405000;4289.915000;0
20260807 040000;4289.935000;4291.155000;4288.835000;4290.945000;0
20260807 040100;4290.925000;4293.025000;4290.395000;4292.005000;0
20260807 040200;4291.875000;4293.005000;4291.105000;4292.995000;0
20260807 040300;4292.955000;4293.285000;4292.685000;4292.915000;0
20260807 040400;4292.505000;4293.515000;4291.975000;4292.165000;0
20260807 040500;4292.215000;4293.875000;4292.215000;4293.375000;0
20260807 040600;4293.385000;4294.705000;4293.055000;4293.965000;0
20260807 040700;4293.825000;4296.335000;4292.705000;4296.285000;0
20260807 040800;4296.105000;4296.105000;4293.865000;4294.255000;0
20260807 040900;4294.265000;4295.305000;4293.635000;4294.425000;0
20260807 041000;4294.325000;4295.995000;4294.315000;4295.745000;0
20260807 041100;4295.675000;4296.065000;4294.635000;4295.505000;0
20260807 041200;4295.475000;4297.335000;4294.635000;4297.215000;0
20260807 041300;4297.315000;4300.035000;4297.215000;4299.095000;0
20260807 041400;4299.075000;4300.375000;4298.645000;4299.635000;0
20260807 041500;4299.685000;4300.215000;4299.375000;4299.725000;0
20260807 041600;4299.825000;4300.535000;4299.265000;4299.265000;0
20260807 041700;4299.265000;4299.265000;4297.575000;4297.945000;0
20260807 041800;4297.965000;4298.535000;4296.795000;4296.945000;0
20260807 041900;4297.065000;4298.575000;4296.825000;4297.785000;0
20260807 042000;4297.905000;4298.125000;4295.215000;4295.275000;0
20260807 042100;4295.285000;4296.115000;4295.225000;4295.745000;0
20260807 042200;4295.675000;4295.735000;4294.515000;4294.745000;0
20260807 042300;4294.545000;4295.315000;4293.835000;4293.835000;0
20260807 042400;4293.835000;4296.435000;4293.435000;4294.155000;0
20260807 042500;4294.285000;4295.425000;4294.175000;4294.415000;0
20260807 042600;4294.455000;4295.065000;4293.075000;4294.045000;0
20260807 042700;4293.885000;4295.435000;4293.555000;4295.045000;0
20260807 042800;4295.115000;4295.405000;4294.025000;4294.145000;0
20260807 042900;4294.145000;4294.735000;4293.105000;4294.735000;0
20260807 043000;4294.735000;4296.025000;4293.945000;4295.475000;0
20260807 043100;4295.375000;4300.575000;4294.895000;4299.775000;0
20260807 043200;4299.775000;4300.345000;4299.445000;4300.295000;0
20260807 043300;4300.195000;4313.625000;4298.935000;4311.345000;0
20260807 043400;4311.115000;4314.675000;4310.005000;4313.755000;0
20260807 043500;4313.865000;4316.575000;4307.905000;4308.485000;0
20260807 043600;4308.485000;4309.005000;4301.235000;4301.685000;0
20260807 043700;4301.725000;4303.375000;4300.855000;4303.085000;0
20260807 043800;4303.105000;4305.285000;4302.915000;4305.225000;0
20260807 043900;4305.225000;4306.175000;4304.165000;4304.165000;0
20260807 044000;4304.325000;4306.805000;4304.245000;4306.665000;0
20260807 044100;4306.735000;4309.125000;4306.725000;4307.955000;0
20260807 044200;4307.915000;4309.705000;4307.795000;4309.355000;0
20260807 044300;4309.325000;4309.845000;4308.425000;4309.405000;0
20260807 044400;4309.425000;4309.635000;4307.705000;4308.905000;0
20260807 044500;4309.025000;4309.695000;4308.025000;4308.255000;0
20260807 044600;4308.385000;4310.935000;4308.385000;4310.695000;0
20260807 044700;4310.445000;4311.315000;4307.225000;4308.155000;0
20260807 044800;4308.155000;4308.375000;4307.395000;4307.795000;0
20260807 044900;4308.015000;4308.095000;4306.635000;4306.955000;0
20260807 045000;4306.965000;4307.135000;4305.585000;4306.045000;0
20260807 045100;4306.045000;4306.845000;4305.745000;4306.105000;0
20260807 045200;4305.925000;4307.565000;4305.175000;4306.835000;0
20260807 045300;4307.055000;4307.055000;4304.565000;4304.715000;0
20260807 045400;4304.735000;4305.415000;4303.195000;4304.215000;0
20260807 045500;4304.245000;4307.575000;4304.195000;4307.495000;0
20260807 045600;4307.365000;4307.785000;4305.285000;4305.605000;0
20260807 045700;4305.605000;4305.775000;4303.215000;4303.215000;0
20260807 045800;4303.315000;4305.215000;4303.125000;4305.175000;0
20260807 045900;4305.225000;4306.775000;4304.955000;4305.895000;0
20260807 050000;4306.005000;4306.605000;4304.325000;4305.125000;0
20260807 050100;4305.155000;4306.725000;4304.475000;4306.205000;0
20260807 050200;4306.185000;4307.185000;4305.485000;4305.835000;0
20260807 050300;4305.855000;4307.175000;4305.585000;4305.755000;0
20260807 050400;4305.755000;4305.815000;4304.785000;4305.385000;0
20260807 050500;4305.505000;4306.345000;4304.595000;4305.785000;0
20260807 050600;4305.895000;4307.155000;4304.645000;4304.665000;0
20260807 050700;4304.665000;4305.705000;4304.465000;4305.665000;0
20260807 050800;4305.665000;4305.935000;4304.535000;4305.395000;0
20260807 050900;4305.105000;4306.035000;4304.455000;4305.765000;0
20260807 051000;4305.815000;4306.915000;4305.135000;4305.465000;0
20260807 051100;4305.465000;4306.025000;4304.695000;4305.495000;0
20260807 051200;4305.495000;4306.295000;4304.595000;4306.125000;0
20260807 051300;4306.185000;4307.005000;4305.735000;4306.475000;0
20260807 051400;4306.475000;4306.665000;4305.175000;4305.935000;0
20260807 051500;4305.935000;4305.935000;4304.615000;4305.505000;0
20260807 051600;4305.715000;4306.475000;4304.815000;4306.355000;0
20260807 051700;4306.355000;4307.065000;4305.875000;4306.255000;0
20260807 051800;4306.025000;4307.855000;4305.995000;4306.975000;0
20260807 051900;4307.135000;4307.795000;4306.315000;4306.535000;0
20260807 052000;4306.515000;4307.555000;4306.105000;4307.165000;0
20260807 052100;4307.325000;4309.335000;4306.955000;4309.125000;0
20260807 052200;4309.005000;4309.785000;4308.565000;4308.985000;0
20260807 052300;4308.985000;4309.845000;4308.455000;4309.195000;0
20260807 052400;4309.005000;4310.895000;4308.875000;4310.425000;0
20260807 052500;4310.415000;4310.735000;4309.005000;4309.365000;0
20260807 052600;4309.425000;4309.645000;4308.155000;4308.915000;0
20260807 052700;4308.855000;4309.035000;4307.125000;4308.715000;0
20260807 052800;4308.755000;4308.755000;4306.145000;4306.395000;0
20260807 052900;4306.285000;4306.705000;4305.375000;4306.625000;0
20260807 053000;4306.815000;4308.025000;4303.005000;4304.195000;0
20260807 053100;4304.325000;4304.725000;4302.145000;4303.295000;0
20260807 053200;4303.345000;4303.675000;4302.405000;4303.675000;0
20260807 053300;4303.575000;4305.395000;4303.345000;4303.815000;0
20260807 053400;4303.675000;4304.365000;4302.825000;4304.065000;0
20260807 053500;4304.085000;4304.705000;4302.475000;4304.345000;0
20260807 053600;4304.565000;4305.085000;4303.795000;4304.975000;0
20260807 053700;4305.005000;4306.165000;4304.665000;4305.905000;0
20260807 053800;4305.885000;4307.305000;4305.305000;4307.305000;0
20260807 053900;4307.585000;4308.895000;4307.065000;4308.545000;0
20260807 054000;4308.535000;4311.085000;4308.525000;4309.925000;0
20260807 054100;4310.015000;4311.985000;4308.905000;4311.965000;0
20260807 054200;4311.995000;4314.095000;4311.355000;4313.695000;0
20260807 054300;4313.795000;4317.445000;4313.795000;4317.185000;0
20260807 054400;4317.185000;4318.245000;4316.755000;4317.215000;0
20260807 054500;4317.365000;4319.745000;4317.365000;4318.455000;0
20260807 054600;4318.465000;4319.665000;4318.075000;4319.515000;0
20260807 054700;4319.455000;4320.585000;4317.925000;4318.315000;0
20260807 054800;4318.315000;4318.455000;4315.145000;4315.495000;0
20260807 054900;4315.515000;4316.545000;4314.805000;4316.545000;0
20260807 055000;4316.545000;4319.005000;4316.055000;4318.615000;0
20260807 055100;4318.675000;4318.895000;4317.255000;4317.285000;0
20260807 055200;4317.305000;4319.725000;4316.395000;4319.115000;0
20260807 055300;4319.215000;4319.315000;4317.115000;4317.565000;0
20260807 055400;4317.475000;4318.135000;4316.115000;4317.625000;0
20260807 055500;4317.625000;4319.245000;4316.405000;4318.405000;0
20260807 055600;4318.435000;4319.255000;4315.845000;4316.375000;0
20260807 055700;4316.425000;4316.735000;4314.225000;4314.365000;0
20260807 055800;4314.585000;4315.405000;4314.445000;4315.145000;0
20260807 055900;4315.095000;4316.655000;4314.865000;4315.855000;0
20260807 060000;4315.845000;4318.195000;4315.745000;4317.825000;0
20260807 060100;4317.805000;4317.895000;4315.845000;4316.105000;0
20260807 060200;4316.175000;4316.365000;4314.855000;4315.165000;0
20260807 060300;4315.295000;4315.915000;4314.715000;4315.915000;0
20260807 060400;4316.135000;4319.245000;4315.995000;4317.245000;0
20260807 060500;4317.335000;4317.655000;4314.675000;4314.805000;0
20260807 060600;4314.775000;4315.045000;4312.985000;4314.515000;0
20260807 060700;4314.375000;4314.765000;4313.755000;4313.755000;0
20260807 060800;4313.805000;4314.015000;4312.075000;4312.735000;0
20260807 060900;4312.885000;4312.975000;4311.765000;4311.765000;0
20260807 061000;4312.085000;4313.775000;4311.535000;4313.005000;0
20260807 061100;4313.095000;4313.095000;4309.975000;4310.615000;0
20260807 061200;4310.635000;4311.355000;4309.575000;4309.985000;0
20260807 061300;4309.895000;4310.415000;4308.735000;4309.115000;0
20260807 061400;4309.005000;4309.525000;4307.835000;4308.065000;0
20260807 061500;4308.085000;4309.725000;4307.915000;4309.725000;0
20260807 061600;4309.735000;4310.305000;4308.655000;4309.385000;0
20260807 061700;4309.375000;4309.885000;4309.155000;4309.785000;0
20260807 061800;4309.755000;4310.085000;4308.725000;4309.055000;0
20260807 061900;4309.095000;4313.845000;4308.935000;4313.245000;0
20260807 062000;4313.235000;4313.235000;4310.885000;4310.935000;0
20260807 062100;4310.965000;4312.495000;4310.555000;4312.405000;0
20260807 062200;4312.275000;4312.965000;4311.675000;4312.285000;0
20260807 062300;4312.315000;4313.085000;4312.155000;4312.865000;0
20260807 062400;4312.625000;4312.715000;4311.785000;4312.385000;0
20260807 062500;4312.345000;4314.075000;4312.315000;4313.885000;0
20260807 062600;4313.865000;4313.865000;4312.055000;4312.255000;0
20260807 062700;4312.455000;4313.245000;4312.365000;4312.745000;0
20260807 062800;4312.655000;4314.005000;4312.375000;4313.765000;0
20260807 062900;4313.445000;4314.205000;4312.565000;4313.545000;0
20260807 063000;4313.605000;4314.425000;4312.945000;4313.365000;0
20260807 063100;4313.385000;4316.505000;4313.385000;4316.425000;0
20260807 063200;4316.265000;4316.425000;4313.825000;4314.075000;0
20260807 063300;4314.215000;4315.215000;4314.215000;4315.155000;0
20260807 063400;4315.145000;4315.655000;4314.785000;4315.515000;0
20260807 063500;4315.545000;4315.705000;4313.975000;4315.585000;0
20260807 063600;4315.615000;4317.465000;4315.615000;4316.875000;0
20260807 063700;4316.735000;4317.805000;4316.555000;4316.625000;0
20260807 063800;4316.585000;4317.825000;4316.585000;4317.755000;0
20260807 063900;4317.585000;4318.045000;4316.995000;4317.105000;0
20260807 064000;4317.105000;4317.105000;4315.055000;4315.545000;0
20260807 064100;4315.735000;4317.005000;4315.565000;4315.935000;0
20260807 064200;4316.145000;4317.815000;4315.645000;4317.475000;0
20260807 064300;4317.485000;4317.755000;4316.025000;4317.255000;0
20260807 064400;4317.335000;4318.055000;4316.555000;4316.715000;0
20260807 064500;4316.905000;4317.365000;4316.405000;4317.275000;0
20260807 064600;4317.355000;4318.095000;4316.875000;4317.235000;0
20260807 064700;4317.325000;4318.365000;4316.815000;4318.145000;0
20260807 064800;4318.165000;4319.725000;4318.015000;4319.485000;0
20260807 064900;4319.445000;4319.445000;4317.965000;4318.455000;0
20260807 065000;4318.485000;4320.535000;4318.485000;4320.155000;0
20260807 065100;4319.995000;4320.345000;4319.115000;4319.325000;0
20260807 065200;4319.175000;4319.865000;4317.965000;4317.965000;0
20260807 065300;4317.965000;4318.315000;4317.255000;4317.735000;0
20260807 065400;4317.665000;4320.415000;4316.935000;4316.955000;0
20260807 065500;4316.865000;4317.505000;4316.645000;4317.405000;0
20260807 065600;4317.365000;4317.505000;4316.055000;4317.135000;0
20260807 065700;4317.125000;4317.645000;4316.635000;4316.935000;0
20260807 065800;4317.115000;4317.425000;4316.255000;4316.605000;0
20260807 065900;4316.665000;4317.055000;4316.205000;4316.645000;0
20260807 070000;4316.745000;4319.895000;4316.625000;4319.205000;0
20260807 070100;4319.355000;4320.425000;4318.975000;4319.235000;0
20260807 070200;4319.385000;4319.395000;4318.375000;4318.635000;0
20260807 070300;4318.635000;4324.115000;4318.285000;4323.905000;0
20260807 070400;4323.845000;4323.885000;4322.545000;4323.285000;0
20260807 070500;4323.295000;4323.645000;4322.165000;4322.505000;0
20260807 070600;4322.545000;4323.245000;4322.235000;4322.455000;0
20260807 070700;4322.475000;4323.305000;4321.505000;4323.295000;0
20260807 070800;4323.295000;4325.635000;4323.295000;4325.275000;0
20260807 070900;4325.155000;4326.085000;4324.355000;4324.595000;0
20260807 071000;4324.475000;4324.795000;4323.305000;4323.735000;0
20260807 071100;4323.655000;4324.195000;4322.685000;4323.685000;0
20260807 071200;4323.715000;4324.835000;4323.365000;4324.235000;0
20260807 071300;4324.255000;4325.355000;4321.295000;4322.095000;0
20260807 071400;4322.155000;4322.265000;4319.335000;4320.055000;0
20260807 071500;4320.075000;4320.075000;4317.275000;4319.185000;0
20260807 071600;4319.145000;4319.865000;4318.435000;4319.415000;0
20260807 071700;4319.375000;4319.655000;4318.095000;4318.435000;0
20260807 071800;4318.475000;4318.855000;4316.895000;4318.545000;0
20260807 071900;4318.585000;4320.675000;4317.575000;4320.285000;0
20260807 072000;4320.245000;4323.475000;4320.075000;4322.525000;0
20260807 072100;4322.615000;4323.045000;4321.145000;4322.095000;0
20260807 072200;4322.385000;4323.055000;4321.285000;4321.915000;0
20260807 072300;4321.825000;4324.585000;4321.425000;4324.435000;0
20260807 072400;4324.475000;4325.145000;4323.725000;4323.965000;0
20260807 072500;4323.965000;4325.825000;4323.965000;4325.575000;0
20260807 072600;4325.615000;4326.465000;4324.765000;4325.715000;0
20260807 072700;4325.775000;4327.105000;4325.545000;4325.625000;0
20260807 072800;4325.515000;4325.985000;4323.905000;4324.305000;0
20260807 072900;4324.335000;4325.215000;4323.765000;4324.865000;0
20260807 073000;4324.985000;4327.105000;4324.935000;4325.865000;0
20260807 073100;4325.795000;4327.645000;4325.675000;4326.655000;0
20260807 073200;4326.585000;4327.435000;4326.025000;4326.205000;0
20260807 073300;4326.315000;4327.505000;4326.055000;4326.845000;0
20260807 073400;4326.835000;4326.835000;4324.265000;4324.265000;0
20260807 073500;4324.315000;4324.865000;4323.485000;4324.215000;0
20260807 073600;4324.195000;4324.195000;4322.145000;4323.105000;0
20260807 073700;4323.115000;4323.195000;4321.905000;4322.015000;0
20260807 073800;4321.775000;4323.215000;4320.765000;4322.975000;0
20260807 073900;4323.025000;4323.775000;4322.565000;4323.275000;0
20260807 074000;4323.285000;4324.325000;4322.775000;4323.425000;0
20260807 074100;4323.405000;4324.565000;4323.185000;4324.315000;0
20260807 074200;4324.365000;4325.465000;4323.195000;4323.295000;0
20260807 074300;4323.305000;4323.965000;4322.875000;4323.795000;0
20260807 074400;4323.485000;4323.485000;4321.885000;4322.635000;0
20260807 074500;4322.605000;4323.335000;4322.565000;4322.995000;0
20260807 074600;4322.975000;4323.575000;4322.205000;4322.645000;0
20260807 074700;4322.715000;4324.255000;4322.085000;4323.665000;0
20260807 074800;4323.795000;4325.505000;4323.445000;4324.255000;0
20260807 074900;4324.285000;4324.285000;4322.885000;4323.695000;0
20260807 075000;4323.695000;4326.125000;4323.175000;4326.045000;0
20260807 075100;4325.885000;4325.965000;4321.955000;4321.955000;0
20260807 075200;4322.175000;4322.805000;4320.555000;4322.325000;0
20260807 075300;4322.405000;4324.035000;4322.285000;4324.025000;0
20260807 075400;4323.995000;4326.665000;4323.865000;4325.585000;0
20260807 075500;4325.645000;4326.145000;4325.415000;4325.415000;0
20260807 075600;4325.415000;4326.825000;4325.385000;4326.295000;0
20260807 075700;4326.195000;4326.785000;4323.095000;4323.095000;0
20260807 075800;4323.095000;4323.385000;4321.425000;4321.915000;0
20260807 075900;4322.035000;4322.565000;4320.635000;4320.995000;0
20260807 080000;4320.965000;4321.895000;4318.855000;4320.925000;0
20260807 080100;4320.965000;4322.875000;4320.965000;4321.235000;0
20260807 080200;4321.165000;4324.385000;4320.825000;4324.225000;0
20260807 080300;4324.225000;4325.285000;4322.965000;4323.065000;0
20260807 080400;4323.325000;4323.655000;4319.245000;4319.465000;0
20260807 080500;4319.625000;4320.105000;4316.965000;4316.985000;0
20260807 080600;4316.935000;4318.525000;4315.215000;4317.735000;0
20260807 080700;4317.705000;4317.705000;4315.415000;4316.205000;0
20260807 080800;4316.315000;4317.395000;4315.665000;4315.755000;0
20260807 080900;4315.885000;4318.905000;4315.455000;4318.885000;0
20260807 081000;4318.805000;4321.165000;4318.125000;4320.545000;0
20260807 081100;4320.555000;4322.545000;4320.555000;4322.265000;0
20260807 081200;4322.195000;4322.575000;4320.075000;4320.635000;0
20260807 081300;4320.575000;4320.645000;4317.075000;4317.465000;0
20260807 081400;4317.355000;4317.735000;4314.685000;4314.935000;0
20260807 081500;4314.805000;4315.525000;4311.945000;4311.945000;0
20260807 081600;4312.185000;4314.075000;4312.065000;4312.615000;0
20260807 081700;4312.615000;4314.075000;4311.815000;4314.005000;0
20260807 081800;4314.055000;4316.725000;4313.935000;4315.275000;0
20260807 081900;4315.305000;4316.465000;4313.185000;4314.155000;0
20260807 082000;4314.215000;4317.095000;4314.215000;4314.315000;0
20260807 082100;4314.335000;4314.835000;4313.415000;4314.475000;0
20260807 082200;4314.475000;4315.165000;4311.995000;4312.095000;0
20260807 082300;4312.075000;4313.565000;4312.035000;4313.085000;0
20260807 082400;4313.075000;4313.595000;4310.255000;4310.815000;0
20260807 082500;4310.795000;4311.825000;4309.905000;4311.655000;0
20260807 082600;4311.655000;4312.585000;4310.025000;4310.565000;0
20260807 082700;4310.545000;4312.795000;4310.505000;4311.545000;0
20260807 082800;4311.475000;4315.265000;4310.615000;4314.605000;0
20260807 082900;4314.615000;4314.705000;4300.825000;4308.265000;0
20260807 083000;4308.545000;4354.505000;4308.545000;4352.955000;0
20260807 083100;4352.545000;4352.545000;4352.545000;4352.545000;0
20260807 083000;4352.555000;4352.555000;4352.555000;4352.555000;0
20260807 083100;4352.295000;4360.625000;4347.715000;4358.095000;0
20260807 083200;4357.935000;4361.625000;4351.475000;4354.285000;0
20260807 083300;4354.415000;4357.785000;4350.685000;4355.765000;0
20260807 083400;4356.255000;4364.185000;4351.125000;4359.535000;0
20260807 083500;4358.795000;4359.655000;4355.245000;4358.525000;0
20260807 083600;4358.715000;4363.195000;4357.035000;4358.815000;0
20260807 083700;4358.915000;4359.495000;4353.065000;4355.755000;0
20260807 083800;4355.565000;4356.615000;4351.545000;4355.985000;0
20260807 083900;4355.495000;4366.125000;4354.975000;4364.315000;0
20260807 084000;4364.325000;4366.025000;4360.845000;4365.985000;0
20260807 084100;4365.935000;4367.145000;4361.315000;4366.565000;0
20260807 084200;4366.625000;4368.815000;4363.555000;4368.345000;0
20260807 084300;4368.295000;4370.575000;4364.005000;4368.035000;0
20260807 084400;4368.105000;4370.495000;4365.575000;4366.815000;0
20260807 084500;4366.845000;4370.675000;4366.425000;4370.275000;0
20260807 084600;4370.105000;4370.565000;4366.595000;4370.445000;0
20260807 084700;4370.405000;4371.485000;4368.345000;4370.535000;0
20260807 084800;4370.535000;4371.695000;4367.825000;4368.305000;0
20260807 084900;4368.345000;4369.605000;4366.635000;4368.355000;0
20260807 085000;4368.455000;4371.445000;4364.475000;4368.045000;0
20260807 085100;4368.165000;4369.475000;4364.745000;4367.925000;0
20260807 085200;4367.925000;4370.945000;4364.585000;4365.705000;0
20260807 085300;4365.755000;4367.805000;4363.025000;4366.965000;0
20260807 085400;4367.105000;4370.635000;4364.245000;4364.245000;0
20260807 085500;4364.365000;4365.215000;4360.315000;4361.315000;0
20260807 085600;4361.115000;4362.175000;4356.515000;4357.235000;0
20260807 085700;4357.245000;4358.045000;4355.565000;4356.915000;0
20260807 085800;4356.765000;4358.185000;4355.215000;4357.385000;0
20260807 085900;4357.465000;4361.245000;4356.875000;4361.245000;0
20260807 090000;4361.245000;4363.865000;4356.775000;4359.505000;0
20260807 090100;4359.315000;4360.325000;4350.525000;4353.195000;0
20260807 090200;4353.225000;4355.165000;4350.865000;4352.335000;0
20260807 090300;4352.285000;4354.605000;4351.225000;4352.385000;0
20260807 090400;4352.285000;4352.915000;4347.355000;4347.375000;0
20260807 090500;4347.605000;4350.775000;4347.315000;4349.335000;0
20260807 090600;4349.365000;4350.925000;4345.825000;4350.665000;0
20260807 090700;4350.635000;4351.785000;4347.475000;4349.095000;0
20260807 090800;4349.115000;4352.625000;4347.665000;4351.015000;0
20260807 090900;4350.955000;4351.685000;4349.115000;4350.205000;0
20260807 091000;4350.245000;4351.025000;4346.265000;4350.265000;0
20260807 091100;4350.305000;4350.315000;4347.175000;4347.655000;0
20260807 091200;4347.705000;4348.605000;4346.265000;4348.605000;0
20260807 091300;4348.755000;4350.005000;4346.355000;4348.715000;0
20260807 091400;4348.855000;4349.455000;4347.025000;4347.715000;0
20260807 091500;4347.625000;4349.265000;4345.615000;4345.615000;0
20260807 091600;4345.635000;4345.995000;4343.155000;4344.135000;0
20260807 091700;4344.295000;4345.365000;4340.535000;4341.155000;0
20260807 091800;4341.165000;4341.805000;4338.865000;4340.815000;0
20260807 091900;4340.735000;4347.285000;4339.895000;4346.925000;0
20260807 092000;4346.995000;4350.525000;4346.945000;4349.605000;0
20260807 092100;4349.715000;4352.195000;4348.905000;4350.525000;0
20260807 092200;4350.425000;4352.375000;4347.235000;4347.585000;0
20260807 092300;4347.585000;4350.345000;4347.285000;4350.065000;0
20260807 092400;4350.065000;4353.165000;4350.025000;4350.215000;0
20260807 092500;4350.345000;4350.855000;4348.315000;4349.165000;0
20260807 092600;4349.145000;4355.485000;4348.265000;4355.175000;0
20260807 092700;4355.065000;4356.445000;4354.695000;4355.335000;0
20260807 092800;4355.255000;4356.355000;4352.755000;4356.105000;0
20260807 092900;4356.045000;4357.895000;4355.525000;4356.015000;0
20260807 093000;4355.995000;4358.875000;4351.705000;4355.345000;0
20260807 093100;4355.295000;4359.335000;4354.575000;4356.495000;0
20260807 093200;4356.815000;4358.035000;4355.145000;4355.885000;0
20260807 093300;4355.945000;4357.985000;4350.395000;4351.715000;0
20260807 093400;4351.475000;4353.265000;4350.815000;4353.265000;0
20260807 093500;4353.225000;4354.375000;4350.815000;4353.985000;0
20260807 093600;4353.845000;4357.515000;4350.085000;4357.515000;0
20260807 093700;4357.405000;4360.485000;4355.915000;4359.465000;0
20260807 093800;4359.325000;4363.305000;4358.815000;4362.105000;0
20260807 093900;4361.985000;4365.925000;4360.365000;4364.565000;0
20260807 094000;4364.595000;4364.915000;4361.565000;4362.445000;0
20260807 094100;4362.575000;4366.805000;4361.765000;4366.795000;0
20260807 094200;4366.695000;4367.715000;4364.645000;4365.485000;0
20260807 094300;4365.595000;4366.485000;4361.285000;4362.935000;0
20260807 094400;4363.125000;4364.465000;4357.785000;4358.015000;0
20260807 094500;4357.905000;4359.785000;4357.125000;4357.645000;0
20260807 094600;4357.805000;4357.915000;4351.955000;4356.385000;0
20260807 094700;4356.385000;4359.125000;4354.535000;4357.485000;0
20260807 094800;4357.305000;4359.475000;4355.375000;4356.595000;0
20260807 094900;4356.605000;4357.075000;4352.565000;4353.425000;0
20260807 095000;4353.715000;4355.835000;4352.085000;4353.885000;0
20260807 095100;4353.915000;4358.225000;4353.915000;4354.455000;0
20260807 095200;4354.585000;4356.705000;4353.525000;4356.105000;0
20260807 095300;4356.105000;4357.095000;4353.655000;4354.665000;0
20260807 095400;4354.595000;4355.975000;4353.395000;4354.525000;0
20260807 095500;4354.485000;4357.055000;4353.985000;4356.485000;0
20260807 095600;4356.455000;4356.645000;4346.025000;4346.425000;0
20260807 095700;4346.285000;4346.835000;4343.005000;4345.375000;0
20260807 095800;4345.105000;4346.065000;4341.985000;4342.845000;0
20260807 095900;4343.205000;4348.035000;4342.115000;4348.035000;0
20260807 100000;4348.125000;4348.865000;4343.395000;4347.835000;0
20260807 100100;4347.705000;4348.005000;4343.095000;4343.585000;0
20260807 100200;4343.585000;4344.195000;4338.045000;4340.695000;0
20260807 100300;4340.675000;4341.855000;4338.855000;4339.155000;0
20260807 100400;4339.315000;4339.915000;4333.225000;4333.445000;0
20260807 100500;4333.425000;4334.995000;4330.515000;4333.985000;0
20260807 100600;4333.875000;4335.435000;4330.425000;4335.355000;0
20260807 100700;4335.395000;4336.705000;4330.575000;4335.705000;0
20260807 100800;4335.805000;4338.115000;4333.965000;4334.815000;0
20260807 100900;4334.885000;4338.055000;4333.325000;4337.475000;0
20260807 101000;4337.525000;4341.745000;4336.555000;4340.805000;0
20260807 101100;4340.735000;4340.775000;4333.505000;4333.545000;0
20260807 101200;4333.375000;4334.515000;4327.805000;4333.555000;0
20260807 101300;4333.405000;4334.095000;4327.125000;4330.035000;0
20260807 101400;4330.165000;4334.545000;4329.675000;4334.395000;0
20260807 101500;4334.275000;4334.975000;4330.225000;4332.105000;0
20260807 101600;4331.995000;4337.795000;4331.255000;4336.225000;0
20260807 101700;4336.325000;4341.235000;4336.135000;4341.115000;0
20260807 101800;4340.805000;4346.005000;4340.765000;4345.595000;0
20260807 101900;4345.635000;4346.625000;4344.735000;4345.805000;0
20260807 102000;4345.765000;4347.145000;4343.435000;4345.715000;0
20260807 102100;4345.685000;4348.385000;4345.305000;4345.775000;0
20260807 102200;4345.665000;4349.205000;4344.685000;4348.825000;0
20260807 102300;4348.795000;4350.215000;4348.525000;4350.215000;0
20260807 102400;4350.215000;4351.975000;4348.485000;4351.245000;0
20260807 102500;4351.375000;4351.775000;4349.195000;4350.445000;0
20260807 102600;4350.535000;4351.505000;4347.785000;4349.545000;0
20260807 102700;4349.565000;4352.675000;4347.675000;4351.945000;0
20260807 102800;4351.945000;4352.275000;4348.535000;4349.545000;0
20260807 102900;4349.665000;4349.795000;4348.385000;4348.725000;0
20260807 103000;4348.825000;4349.685000;4344.495000;4345.475000;0
20260807 103100;4345.455000;4347.385000;4343.455000;4347.235000;0
20260807 103200;4347.185000;4347.375000;4345.135000;4345.765000;0
20260807 103300;4345.825000;4347.445000;4344.915000;4345.525000;0
20260807 103400;4345.485000;4350.345000;4344.685000;4347.275000;0
20260807 103500;4347.435000;4349.285000;4345.585000;4346.795000;0
20260807 103600;4346.765000;4348.805000;4346.135000;4348.065000;0
20260807 103700;4348.025000;4348.195000;4345.795000;4345.965000;0
20260807 103800;4346.035000;4346.245000;4343.765000;4344.225000;0
20260807 103900;4344.215000;4345.425000;4342.665000;4343.255000;0
20260807 104000;4343.345000;4350.397000;4343.195000;4348.145000;0
20260807 104100;4348.145000;4349.995000;4346.455000;4349.325000;0
20260807 104200;4349.375000;4349.745000;4345.665000;4346.455000;0
20260807 104300;4346.545000;4348.395000;4345.075000;4346.915000;0
20260807 104400;4346.925000;4346.955000;4341.955000;4343.965000;0
20260807 104500;4344.075000;4346.835000;4342.895000;4346.365000;0
20260807 104600;4346.475000;4346.475000;4344.045000;4344.905000;0
20260807 104700;4344.845000;4345.265000;4343.315000;4344.035000;0
20260807 104800;4344.035000;4344.235000;4340.165000;4341.125000;0
20260807 104900;4341.055000;4342.975000;4340.145000;4342.965000;0
20260807 105000;4342.995000;4347.165000;4342.905000;4347.165000;0
20260807 105100;4347.205000;4348.765000;4344.205000;4345.295000;0
20260807 105200;4345.155000;4346.665000;4343.935000;4345.195000;0
20260807 105300;4345.195000;4346.745000;4344.545000;4346.075000;0
20260807 105400;4346.075000;4346.845000;4344.885000;4344.975000;0
20260807 105500;4345.025000;4345.815000;4343.195000;4345.675000;0
20260807 105600;4345.905000;4346.225000;4343.945000;4344.325000;0
20260807 105700;4344.405000;4344.555000;4340.595000;4342.385000;0
20260807 105800;4342.255000;4343.695000;4340.845000;4343.645000;0
20260807 105900;4343.675000;4343.745000;4340.135000;4341.305000;0
20260807 110000;4341.315000;4347.235000;4340.115000;4347.135000;0
20260807 110100;4347.265000;4348.795000;4344.895000;4345.325000;0
20260807 110200;4345.485000;4346.795000;4340.525000;4343.955000;0
20260807 110300;4344.095000;4346.475000;4343.685000;4344.565000;0
20260807 110400;4344.625000;4346.425000;4343.765000;4344.875000;0
20260807 110500;4344.875000;4347.055000;4344.365000;4345.855000;0
20260807 110600;4345.855000;4348.485000;4344.805000;4348.000000;0
20260807 110700;4348.000000;4350.415000;4347.025000;4348.005000;0
20260807 110800;4348.005000;4350.275000;4347.135000;4349.385000;0
20260807 110900;4349.315000;4353.235000;4347.885000;4348.015000;0
20260807 111000;4348.135000;4350.985000;4348.045000;4350.745000;0
20260807 111100;4350.645000;4351.885000;4346.105000;4347.375000;0
20260807 111200;4347.595000;4350.435000;4347.165000;4348.845000;0
20260807 111300;4348.715000;4352.125000;4348.715000;4352.125000;0
20260807 111400;4351.995000;4355.775000;4351.245000;4355.215000;0
20260807 111500;4355.335000;4355.415000;4352.795000;4353.155000;0
20260807 111600;4353.135000;4354.865000;4352.095000;4354.645000;0
20260807 111700;4354.615000;4356.405000;4354.375000;4355.775000;0
20260807 111800;4355.765000;4356.815000;4354.665000;4355.965000;0
20260807 111900;4355.965000;4356.095000;4353.025000;4354.325000;0
20260807 112000;4354.215000;4356.145000;4354.135000;4355.495000;0
20260807 112100;4355.365000;4356.635000;4354.315000;4356.245000;0
20260807 112200;4356.225000;4356.875000;4355.465000;4356.705000;0
20260807 112300;4356.705000;4358.285000;4355.475000;4358.205000;0
20260807 112400;4358.165000;4358.205000;4356.375000;4356.805000;0
20260807 112500;4356.705000;4357.975000;4355.885000;4356.295000;0
20260807 112600;4356.245000;4356.765000;4354.875000;4355.905000;0
20260807 112700;4355.895000;4355.895000;4353.875000;4355.485000;0
20260807 112800;4355.435000;4355.945000;4352.565000;4353.345000;0
20260807 112900;4353.505000;4353.505000;4350.825000;4351.095000;0
20260807 113000;4351.125000;4353.165000;4349.695000;4349.735000;0
20260807 113100;4349.785000;4350.155000;4346.945000;4348.405000;0
20260807 113200;4348.405000;4349.885000;4346.885000;4349.845000;0
20260807 113300;4349.905000;4350.405000;4347.905000;4349.385000;0
20260807 113400;4349.285000;4350.275000;4348.685000;4349.285000;0
20260807 113500;4349.285000;4350.715000;4348.535000;4350.255000;0
20260807 113600;4350.295000;4352.255000;4349.235000;4352.065000;0
20260807 113700;4352.095000;4353.205000;4350.725000;4353.065000;0
20260807 113800;4352.925000;4353.665000;4352.365000;4352.485000;0
20260807 113900;4352.665000;4353.665000;4351.405000;4352.015000;0
20260807 114000;4351.945000;4353.045000;4351.515000;4351.915000;0
20260807 114100;4351.805000;4352.955000;4348.575000;4349.845000;0
20260807 114200;4349.825000;4350.825000;4349.575000;4350.465000;0
20260807 114300;4350.215000;4350.775000;4349.165000;4349.705000;0
20260807 114400;4349.655000;4350.715000;4348.325000;4349.415000;0
20260807 114500;4349.415000;4351.235000;4349.155000;4349.405000;0
20260807 114600;4349.405000;4350.515000;4348.475000;4349.145000;0
20260807 114700;4349.245000;4350.455000;4348.265000;4350.315000;0
20260807 114800;4350.375000;4351.715000;4349.235000;4350.225000;0
20260807 114900;4350.225000;4350.475000;4348.555000;4348.955000;0
20260807 115000;4349.045000;4350.275000;4348.845000;4349.155000;0
20260807 115100;4349.235000;4349.235000;4344.505000;4345.035000;0
20260807 115200;4345.045000;4345.185000;4340.845000;4342.005000;0
20260807 115300;4342.175000;4342.185000;4340.005000;4340.895000;0
20260807 115400;4340.935000;4342.815000;4339.555000;4342.755000;0
20260807 115500;4342.675000;4342.965000;4340.685000;4342.395000;0
20260807 115600;4342.415000;4344.245000;4341.825000;4343.565000;0
20260807 115700;4343.725000;4344.865000;4342.665000;4344.025000;0
20260807 115800;4343.965000;4344.245000;4342.195000;4342.325000;0
20260807 115900;4342.305000;4343.175000;4340.275000;4340.785000;0
20260807 120000;4340.795000;4341.085000;4338.355000;4340.455000;0
20260807 120100;4340.335000;4340.785000;4338.885000;4340.325000;0
20260807 120200;4340.355000;4341.795000;4340.115000;4340.465000;0
20260807 120300;4340.515000;4340.685000;4338.815000;4339.995000;0
20260807 120400;4340.135000;4343.415000;4339.775000;4342.865000;0
20260807 120500;4342.855000;4345.605000;4342.855000;4344.745000;0
20260807 120600;4344.745000;4345.585000;4344.335000;4345.185000;0
20260807 120700;4345.235000;4347.665000;4344.795000;4347.575000;0
20260807 120800;4347.625000;4348.885000;4346.795000;4348.585000;0
20260807 120900;4348.655000;4349.465000;4346.455000;4346.675000;0
20260807 121000;4346.675000;4348.085000;4345.575000;4345.575000;0
20260807 121100;4345.645000;4346.855000;4345.045000;4345.475000;0
20260807 121200;4345.615000;4346.415000;4343.255000;4346.365000;0
20260807 121300;4346.345000;4346.865000;4345.455000;4346.095000;0
20260807 121400;4346.125000;4347.585000;4346.085000;4347.055000;0
20260807 121500;4347.265000;4347.865000;4346.125000;4346.335000;0
20260807 121600;4346.405000;4347.485000;4345.185000;4347.095000;0
20260807 121700;4347.205000;4347.425000;4345.345000;4345.345000;0
20260807 121800;4345.095000;4345.945000;4344.805000;4345.315000;0
20260807 121900;4345.365000;4345.665000;4342.035000;4342.035000;0
20260807 122000;4341.895000;4349.305000;4341.805000;4345.095000;0
20260807 122100;4345.045000;4345.575000;4341.485000;4342.915000;0
20260807 122200;4342.895000;4343.515000;4341.795000;4341.815000;0
20260807 122300;4341.865000;4342.705000;4339.895000;4339.945000;0
20260807 122400;4340.045000;4340.135000;4337.585000;4337.805000;0
20260807 122500;4337.805000;4338.065000;4334.445000;4336.335000;0
20260807 122600;4336.335000;4337.315000;4334.055000;4335.745000;0
20260807 122700;4335.895000;4336.815000;4334.495000;4336.575000;0
20260807 122800;4336.675000;4337.585000;4335.655000;4337.135000;0
20260807 122900;4337.175000;4337.585000;4336.385000;4337.255000;0
20260807 123000;4337.365000;4337.755000;4334.785000;4335.365000;0
20260807 123100;4335.185000;4335.185000;4332.405000;4333.205000;0
20260807 123200;4333.205000;4339.005000;4333.105000;4338.915000;0
20260807 123300;4338.875000;4339.005000;4335.995000;4336.165000;0
20260807 123400;4336.085000;4338.915000;4335.745000;4338.875000;0
20260807 123500;4338.855000;4339.075000;4337.745000;4338.255000;0
20260807 123600;4338.225000;4338.915000;4337.585000;4338.385000;0
20260807 123700;4338.385000;4339.365000;4337.635000;4337.655000;0
20260807 123800;4337.685000;4341.035000;4336.165000;4340.805000;0
20260807 123900;4341.005000;4342.015000;4339.345000;4339.685000;0
20260807 124000;4339.695000;4340.575000;4339.305000;4339.475000;0
20260807 124100;4339.585000;4340.895000;4339.405000;4340.775000;0
20260807 124200;4340.775000;4340.775000;4337.275000;4338.115000;0
20260807 124300;4338.045000;4338.915000;4337.495000;4338.815000;0
20260807 124400;4338.815000;4339.045000;4336.675000;4338.525000;0
20260807 124500;4338.545000;4341.675000;4338.015000;4341.505000;0
20260807 124600;4341.615000;4341.965000;4339.885000;4340.275000;0
20260807 124700;4340.255000;4340.845000;4338.355000;4338.755000;0
20260807 124800;4338.635000;4341.075000;4337.175000;4338.535000;0
20260807 124900;4338.615000;4338.765000;4335.635000;4338.705000;0
20260807 125000;4338.115000;4338.585000;4336.755000;4337.525000;0
20260807 125100;4337.485000;4337.675000;4335.355000;4335.865000;0
20260807 125200;4336.095000;4336.265000;4333.955000;4334.245000;0
20260807 125300;4334.085000;4335.185000;4332.905000;4335.025000;0
20260807 125400;4335.195000;4335.625000;4332.475000;4333.545000;0
20260807 125500;4333.645000;4334.315000;4330.395000;4330.395000;0
20260807 125600;4330.365000;4331.225000;4329.765000;4329.895000;0
20260807 125700;4329.765000;4331.205000;4328.965000;4329.465000;0
20260807 125800;4329.335000;4330.105000;4329.025000;4329.895000;0
20260807 125900;4329.935000;4331.065000;4328.915000;4328.915000;0
20260807 130000;4328.985000;4329.565000;4327.535000;4328.395000;0
20260807 130100;4328.395000;4332.745000;4328.245000;4332.115000;0
20260807 130200;4332.245000;4333.835000;4331.885000;4333.585000;0
20260807 130300;4333.475000;4334.365000;4332.645000;4333.615000;0
20260807 130400;4333.505000;4335.335000;4333.455000;4334.885000;0
20260807 130500;4334.885000;4336.755000;4334.565000;4336.595000;0
20260807 130600;4336.595000;4336.765000;4335.415000;4336.425000;0
20260807 130700;4336.425000;4338.295000;4336.375000;4337.175000;0
20260807 130800;4337.155000;4337.165000;4335.795000;4336.855000;0
20260807 130900;4336.845000;4337.375000;4334.715000;4335.425000;0
20260807 131000;4335.425000;4337.515000;4335.315000;4336.885000;0
20260807 131100;4336.885000;4337.185000;4335.355000;4335.605000;0
20260807 131200;4335.265000;4335.855000;4335.065000;4335.545000;0
20260807 131300;4335.495000;4336.425000;4335.245000;4335.575000;0
20260807 131400;4335.545000;4335.925000;4334.765000;4335.455000;0
20260807 131500;4335.345000;4336.215000;4334.405000;4336.015000;0
20260807 131600;4336.075000;4336.275000;4334.415000;4334.745000;0
20260807 131700;4334.765000;4335.165000;4333.625000;4335.165000;0
20260807 131800;4335.165000;4335.945000;4334.915000;4335.415000;0
20260807 131900;4335.285000;4336.035000;4334.595000;4335.025000;0
20260807 132000;4335.285000;4336.485000;4335.095000;4335.905000;0
20260807 132100;4335.885000;4336.515000;4334.015000;4336.205000;0
20260807 132200;4336.295000;4337.705000;4335.955000;4336.005000;0
20260807 132300;4335.885000;4338.745000;4335.795000;4338.485000;0
20260807 132400;4338.615000;4339.345000;4337.755000;4338.475000;0
20260807 132500;4338.555000;4339.635000;4336.745000;4338.925000;0
20260807 132600;4338.885000;4339.525000;4337.985000;4338.665000;0
20260807 132700;4338.545000;4340.275000;4338.205000;4339.735000;0
20260807 132800;4339.475000;4341.775000;4338.995000;4341.195000;0
20260807 132900;4341.195000;4342.045000;4339.165000;4339.355000;0
20260807 133000;4339.375000;4339.905000;4337.645000;4338.285000;0
20260807 133100;4338.285000;4338.415000;4335.495000;4336.485000;0
20260807 133200;4336.365000;4336.365000;4335.075000;4335.405000;0
20260807 133300;4335.365000;4339.985000;4333.865000;4337.485000;0
20260807 133400;4337.395000;4338.215000;4336.125000;4336.615000;0
20260807 133500;4336.495000;4336.675000;4331.915000;4332.715000;0
20260807 133600;4332.605000;4332.725000;4329.515000;4332.135000;0
20260807 133700;4332.135000;4332.985000;4331.745000;4332.515000;0
20260807 133800;4332.535000;4334.825000;4332.355000;4334.105000;0
20260807 133900;4334.155000;4335.475000;4333.485000;4334.585000;0
20260807 134000;4334.615000;4336.535000;4334.615000;4335.535000;0
20260807 134100;4335.795000;4336.095000;4335.155000;4336.055000;0
20260807 134200;4336.085000;4338.135000;4335.935000;4337.855000;0
20260807 134300;4337.825000;4337.955000;4336.385000;4336.455000;0
20260807 134400;4336.515000;4337.035000;4336.075000;4336.095000;0
20260807 134500;4336.105000;4337.385000;4335.435000;4336.325000;0
20260807 134600;4336.385000;4337.085000;4335.785000;4336.125000;0
20260807 134700;4336.115000;4336.945000;4334.655000;4335.775000;0
20260807 134800;4335.865000;4336.785000;4335.145000;4336.785000;0
20260807 134900;4336.865000;4337.305000;4336.215000;4336.535000;0
20260807 135000;4336.675000;4339.745000;4336.625000;4339.275000;0
20260807 135100;4339.365000;4339.635000;4338.555000;4339.355000;0
20260807 135200;4339.355000;4341.275000;4339.345000;4340.945000;0
20260807 135300;4340.815000;4341.205000;4340.485000;4340.945000;0
20260807 135400;4340.975000;4341.245000;4340.085000;4340.975000;0
20260807 135500;4341.085000;4342.315000;4341.085000;4341.725000;0
20260807 135600;4341.705000;4342.655000;4341.655000;4341.855000;0
20260807 135700;4341.895000;4343.045000;4341.265000;4341.535000;0
20260807 135800;4341.225000;4342.215000;4340.485000;4340.745000;0
20260807 135900;4340.715000;4340.855000;4339.655000;4340.055000;0
20260807 140000;4340.035000;4340.565000;4338.955000;4340.155000;0
20260807 140100;4340.165000;4340.845000;4339.615000;4340.115000;0
20260807 140200;4340.155000;4340.335000;4338.795000;4340.005000;0
20260807 140300;4339.785000;4339.895000;4338.945000;4339.365000;0
20260807 140400;4339.335000;4339.895000;4338.885000;4339.805000;0
20260807 140500;4339.845000;4341.315000;4339.595000;4341.005000;0
20260807 140600;4341.055000;4342.775000;4340.675000;4342.435000;0
20260807 140700;4342.405000;4342.505000;4340.285000;4340.745000;0
20260807 140800;4340.855000;4341.765000;4340.425000;4341.175000;0
20260807 140900;4341.155000;4342.145000;4341.115000;4341.655000;0
20260807 141000;4341.715000;4342.445000;4340.955000;4341.065000;0
20260807 141100;4341.035000;4341.265000;4340.285000;4340.385000;0
20260807 141200;4340.505000;4340.735000;4339.455000;4339.745000;0
20260807 141300;4339.625000;4340.745000;4337.335000;4337.485000;0
20260807 141400;4337.425000;4337.665000;4334.595000;4334.745000;0
20260807 141500;4334.825000;4336.895000;4334.715000;4336.805000;0
20260807 141600;4336.835000;4337.825000;4336.755000;4337.545000;0
20260807 141700;4337.525000;4337.625000;4336.145000;4337.435000;0
20260807 141800;4337.435000;4337.805000;4336.345000;4336.365000;0
20260807 141900;4336.335000;4336.965000;4335.225000;4335.345000;0
20260807 142000;4335.345000;4335.785000;4332.375000;4333.765000;0
20260807 142100;4333.815000;4334.585000;4333.585000;4334.405000;0
20260807 142200;4334.235000;4334.825000;4332.515000;4332.515000;0
20260807 142300;4332.515000;4333.275000;4331.925000;4332.645000;0
20260807 142400;4332.505000;4333.345000;4332.035000;4333.335000;0
20260807 142500;4333.225000;4334.745000;4333.225000;4333.875000;0
20260807 142600;4333.935000;4334.565000;4333.615000;4333.885000;0
20260807 142700;4333.885000;4335.395000;4333.535000;4334.815000;0
20260807 142800;4334.815000;4334.815000;4331.975000;4331.995000;0
20260807 142900;4332.105000;4334.505000;4332.105000;4334.155000;0
20260807 143000;4334.345000;4335.635000;4333.485000;4333.635000;0
20260807 143100;4333.655000;4335.535000;4333.645000;4334.785000;0
20260807 143200;4334.645000;4337.165000;4334.645000;4337.035000;0
20260807 143300;4336.985000;4337.255000;4336.015000;4337.195000;0
20260807 143400;4337.195000;4337.615000;4336.015000;4336.845000;0
20260807 143500;4337.115000;4338.145000;4336.755000;4338.005000;0
20260807 143600;4338.035000;4338.795000;4337.135000;4338.165000;0
20260807 143700;4338.365000;4338.765000;4337.785000;4337.965000;0
20260807 143800;4337.965000;4338.125000;4336.435000;4336.915000;0
20260807 143900;4336.915000;4338.025000;4336.835000;4336.935000;0
20260807 144000;4336.935000;4337.415000;4336.145000;4336.685000;0
20260807 144100;4336.675000;4337.005000;4335.875000;4336.955000;0
20260807 144200;4336.855000;4336.955000;4335.415000;4335.415000;0
20260807 144300;4335.375000;4336.255000;4335.215000;4335.295000;0
20260807 144400;4335.245000;4335.575000;4333.045000;4334.155000;0
20260807 144500;4334.155000;4336.925000;4333.735000;4336.925000;0
20260807 144600;4336.925000;4337.305000;4336.265000;4336.285000;0
20260807 144700;4336.255000;4337.125000;4336.255000;4336.655000;0
20260807 144800;4336.655000;4336.895000;4335.745000;4336.515000;0
20260807 144900;4336.515000;4337.025000;4335.995000;4336.595000;0
20260807 145000;4336.595000;4337.315000;4335.915000;4336.725000;0
20260807 145100;4336.705000;4336.975000;4335.965000;4335.995000;0
20260807 145200;4335.975000;4336.195000;4334.875000;4334.875000;0
20260807 145300;4334.915000;4335.225000;4333.665000;4334.675000;0
20260807 145400;4334.445000;4335.055000;4333.925000;4335.045000;0
20260807 145500;4335.315000;4335.315000;4333.705000;4333.985000;0
20260807 145600;4334.055000;4334.745000;4333.815000;4334.645000;0
20260807 145700;4334.645000;4335.215000;4334.485000;4334.805000;0
20260807 145800;4334.805000;4334.825000;4333.825000;4334.445000;0
20260807 145900;4334.445000;4335.325000;4332.885000;4335.245000;0
20260807 150000;4335.075000;4338.395000;4335.075000;4337.905000;0
20260807 150100;4337.905000;4344.565000;4337.595000;4341.985000;0
20260807 150200;4341.985000;4343.035000;4340.385000;4340.555000;0
20260807 150300;4340.495000;4342.025000;4338.685000;4339.165000;0
20260807 150400;4339.165000;4340.285000;4338.565000;4340.235000;0
20260807 150500;4340.235000;4341.955000;4339.925000;4340.865000;0
20260807 150600;4340.725000;4342.425000;4340.725000;4341.435000;0
20260807 150700;4341.605000;4341.725000;4340.495000;4341.135000;0
20260807 150800;4341.055000;4343.055000;4341.055000;4342.305000;0
20260807 150900;4342.185000;4344.965000;4341.865000;4344.645000;0
20260807 151000;4344.645000;4345.615000;4344.405000;4345.115000;0
20260807 151100;4345.115000;4345.575000;4343.905000;4344.535000;0
20260807 151200;4344.535000;4344.695000;4343.375000;4343.845000;0
20260807 151300;4343.745000;4344.395000;4343.135000;4343.315000;0
20260807 151400;4343.415000;4344.355000;4343.285000;4343.405000;0
20260807 151500;4343.405000;4344.125000;4342.715000;4344.125000;0
20260807 151600;4344.115000;4349.835000;4342.855000;4349.285000;0
20260807 151700;4349.415000;4349.805000;4345.865000;4346.455000;0
20260807 151800;4346.455000;4347.865000;4345.735000;4346.605000;0
20260807 151900;4346.505000;4348.345000;4346.385000;4347.085000;0
20260807 152000;4347.085000;4349.615000;4346.825000;4349.225000;0
20260807 152100;4349.235000;4350.115000;4348.105000;4348.165000;0
20260807 152200;4348.115000;4349.715000;4347.505000;4347.595000;0
20260807 152300;4347.615000;4348.795000;4347.585000;4348.775000;0
20260807 152400;4348.885000;4350.105000;4347.975000;4348.645000;0
20260807 152500;4348.645000;4348.875000;4347.705000;4348.135000;0
20260807 152600;4348.105000;4348.805000;4347.145000;4347.535000;0
20260807 152700;4347.575000;4348.115000;4346.855000;4348.115000;0
20260807 152800;4348.115000;4348.195000;4346.955000;4347.945000;0
20260807 152900;4348.045000;4348.815000;4346.955000;4348.365000;0
20260807 153000;4348.325000;4348.335000;4346.435000;4347.065000;0
20260807 153100;4347.315000;4348.705000;4346.725000;4346.725000;0
20260807 153200;4346.725000;4346.725000;4345.135000;4346.075000;0
20260807 153300;4346.185000;4346.775000;4345.245000;4345.345000;0
20260807 153400;4345.285000;4345.735000;4344.795000;4345.515000;0
20260807 153500;4345.455000;4345.955000;4344.695000;4344.785000;0
20260807 153600;4344.745000;4345.955000;4344.095000;4345.425000;0
20260807 153700;4344.855000;4345.195000;4344.365000;4344.865000;0
20260807 153800;4344.765000;4346.535000;4344.705000;4345.145000;0
20260807 153900;4345.145000;4346.865000;4344.445000;4345.865000;0
20260807 154000;4345.865000;4346.515000;4344.375000;4345.655000;0
20260807 154100;4345.665000;4347.025000;4345.085000;4346.745000;0
20260807 154200;4346.745000;4347.815000;4346.585000;4347.275000;0
20260807 154300;4347.265000;4347.785000;4346.715000;4347.375000;0
20260807 154400;4347.285000;4348.235000;4347.185000;4347.655000;0
20260807 154500;4347.775000;4349.295000;4347.405000;4348.645000;0
20260807 154600;4348.175000;4348.885000;4347.675000;4348.295000;0
20260807 154700;4348.185000;4348.935000;4347.695000;4348.355000;0
20260807 154800;4348.375000;4348.375000;4347.215000;4347.795000;0
20260807 154900;4347.895000;4348.105000;4346.695000;4347.345000;0
20260807 155000;4347.265000;4349.135000;4347.025000;4348.555000;0
20260807 155100;4348.525000;4349.145000;4348.055000;4348.285000;0
20260807 155200;4348.345000;4348.845000;4347.715000;4347.785000;0
20260807 155300;4347.815000;4348.065000;4344.085000;4344.235000;0
20260807 155400;4344.395000;4344.395000;4342.125000;4342.865000;0
20260807 155500;4343.165000;4343.715000;4341.745000;4342.635000;0
20260807 155600;4342.635000;4343.055000;4339.865000;4340.365000;0
20260807 155700;4340.365000;4340.815000;4339.785000;4340.705000;0
20260807 155800;4340.815000;4344.075000;4340.805000;4343.925000;0
20260807 155900;4343.925000;4345.425000;4343.185000;4343.855000;0
20260807 160000;4343.975000;4344.025000;4342.545000;4343.115000;0
20260807 160100;4343.295000;4345.165000;4343.075000;4344.705000;0
20260807 160200;4344.465000;4344.835000;4342.875000;4343.905000;0
20260807 160300;4343.905000;4344.065000;4343.055000;4343.215000;0
20260807 160400;4343.215000;4344.145000;4343.215000;4343.475000;0
20260807 160500;4343.595000;4344.255000;4343.485000;4344.025000;0
20260807 160600;4344.275000;4344.365000;4343.005000;4343.115000;0
20260807 160700;4343.115000;4343.115000;4342.465000;4342.655000;0
20260807 160800;4342.505000;4343.515000;4342.145000;4343.045000;0
20260807 160900;4342.925000;4342.925000;4341.395000;4341.395000;0
20260807 161000;4341.375000;4341.405000;4339.025000;4339.685000;0
20260807 161100;4339.715000;4340.135000;4337.875000;4339.275000;0
20260807 161200;4339.145000;4341.225000;4339.145000;4341.125000;0
20260807 161300;4341.165000;4341.655000;4340.825000;4341.255000;0
20260807 161400;4341.255000;4342.455000;4340.925000;4342.325000;0
20260807 161500;4342.325000;4342.325000;4340.565000;4340.655000;0
20260807 161600;4340.545000;4342.725000;4340.185000;4341.985000;0
20260807 161700;4341.985000;4342.095000;4340.665000;4340.825000;0
20260807 161800;4340.825000;4341.095000;4339.935000;4339.935000;0
20260807 161900;4339.735000;4340.065000;4339.195000;4339.375000;0
20260807 162000;4339.375000;4339.505000;4338.745000;4338.945000;0
20260807 162100;4339.155000;4339.795000;4339.125000;4339.465000;0
20260807 162200;4339.465000;4339.465000;4338.755000;4339.215000;0
20260807 162300;4339.225000;4339.405000;4338.765000;4338.935000;0
20260807 162400;4338.895000;4339.235000;4338.725000;4339.235000;0
20260807 162500;4339.255000;4339.995000;4337.755000;4339.285000;0
20260807 162600;4339.255000;4339.305000;4337.855000;4338.025000;0
20260807 162700;4337.915000;4338.354000;4336.995000;4337.065000;0
20260807 162800;4337.525000;4339.255000;4337.235000;4339.155000;0
20260807 162900;4339.025000;4339.025000;4337.525000;4337.685000;0
20260807 163000;4337.635000;4337.635000;4335.745000;4336.185000;0
20260807 163100;4336.325000;4336.325000;4335.815000;4336.105000;0
20260807 163200;4336.205000;4337.485000;4336.205000;4336.615000;0
20260807 163300;4336.675000;4336.945000;4335.975000;4336.565000;0
20260807 163400;4336.475000;4337.515000;4336.435000;4337.375000;0
20260807 163500;4337.415000;4340.205000;4337.215000;4339.815000;0
20260807 163600;4339.845000;4339.845000;4339.025000;4339.265000;0
20260807 163700;4339.315000;4339.315000;4338.685000;4339.145000;0
20260807 163800;4339.215000;4340.505000;4338.995000;4340.485000;0
20260807 163900;4340.365000;4340.885000;4340.315000;4340.655000;0
20260807 164000;4340.585000;4342.025000;4340.425000;4341.945000;0
20260807 164100;4341.855000;4341.965000;4341.335000;4341.525000;0
20260807 164200;4341.455000;4341.485000;4340.045000;4340.135000;0
20260807 164300;4339.655000;4340.265000;4339.605000;4339.815000;0
20260807 164400;4339.875000;4340.745000;4339.755000;4340.665000;0
20260807 164500;4340.545000;4340.685000;4339.305000;4340.325000;0
20260807 164600;4340.325000;4340.805000;4340.315000;4340.635000;0
20260807 164700;4340.575000;4340.815000;4339.755000;4339.765000;0
20260807 164800;4339.515000;4339.515000;4338.255000;4338.835000;0
20260807 164900;4338.825000;4339.185000;4338.735000;4339.095000;0
20260807 165000;4339.035000;4339.875000;4339.015000;4339.585000;0
20260807 165100;4339.535000;4339.755000;4339.185000;4339.455000;0
20260807 165200;4339.585000;4340.445000;4338.795000;4340.445000;0
20260807 165300;4340.385000;4340.385000;4338.145000;4339.835000;0
20260807 165400;4339.635000;4340.665000;4339.475000;4340.665000;0
20260807 165500;4340.605000;4340.615000;4339.355000;4340.005000;0
20260807 165600;4340.065000;4340.795000;4339.485000;4340.745000;0
20260807 165700;4340.495000;4341.545000;4340.355000;4341.545000;0
20260807 165800;4341.235000;4342.955000;4339.965000;4340.885000;0
20260807 165900;4340.985000;4341.405000;4340.115000;4340.395000;0
20260809 180000;4342.785000;4351.885000;4338.825000;4346.055000;0
20260809 180100;4346.845000;4348.885000;4339.485000;4340.455000;0
20260809 180200;4340.365000;4344.475000;4334.835000;4334.835000;0
20260809 180300;4334.835000;4337.675000;4332.095000;4336.705000;0
20260809 180400;4336.805000;4339.855000;4335.755000;4338.635000;0
20260809 180500;4337.615000;4338.115000;4335.805000;4336.985000;0
20260809 180600;4336.705000;4336.905000;4332.015000;4334.675000;0
20260809 180700;4335.055000;4337.525000;4334.685000;4337.285000;0
20260809 180800;4337.235000;4337.355000;4334.295000;4335.345000;0
20260809 180900;4335.345000;4338.615000;4335.345000;4338.015000;0
20260809 181000;4338.115000;4338.645000;4337.095000;4338.595000;0
20260809 181100;4338.685000;4343.175000;4337.965000;4342.815000;0
20260809 181200;4343.025000;4344.355000;4341.965000;4343.365000;0
20260809 181300;4343.495000;4344.725000;4342.635000;4342.995000;0
20260809 181400;4342.995000;4343.185000;4341.465000;4342.245000;0
20260809 181500;4342.245000;4342.245000;4338.955000;4341.985000;0
20260809 181600;4341.865000;4343.275000;4341.535000;4343.275000;0
20260809 181700;4343.275000;4343.385000;4341.855000;4342.145000;0
20260809 181800;4342.245000;4342.245000;4340.185000;4340.185000;0
20260809 181900;4340.185000;4340.675000;4338.145000;4338.355000;0
20260809 182000;4338.445000;4339.065000;4338.445000;4338.475000;0
20260809 182100;4338.625000;4339.125000;4338.385000;4338.495000;0
20260809 182200;4338.495000;4339.005000;4336.345000;4338.185000;0
20260809 182300;4338.095000;4338.475000;4337.715000;4337.985000;0
20260809 182400;4337.805000;4338.175000;4337.275000;4337.835000;0
20260809 182500;4337.835000;4341.105000;4337.835000;4340.345000;0
20260809 182600;4340.465000;4342.345000;4340.075000;4342.345000;0
20260809 182700;4342.245000;4342.455000;4341.565000;4341.975000;0
20260809 182800;4341.825000;4342.735000;4341.625000;4341.895000;0
20260809 182900;4342.055000;4342.865000;4341.335000;4342.855000;0
20260809 183000;4342.635000;4343.665000;4342.385000;4343.555000;0
20260809 183100;4343.685000;4344.355000;4342.215000;4342.325000;0
20260809 183200;4342.425000;4343.035000;4341.905000;4342.205000;0
20260809 183300;4342.315000;4343.005000;4341.435000;4342.395000;0
20260809 183400;4342.535000;4343.095000;4338.585000;4341.035000;0
20260809 183500;4341.285000;4341.515000;4339.745000;4340.175000;0
20260809 183600;4340.065000;4340.405000;4339.605000;4340.045000;0
20260809 183700;4339.945000;4340.065000;4338.825000;4338.855000;0
20260809 183800;4339.095000;4340.225000;4339.095000;4339.705000;0
20260809 183900;4339.815000;4340.255000;4339.725000;4339.945000;0
20260809 184000;4340.345000;4341.055000;4339.905000;4340.605000;0
20260809 184100;4340.605000;4341.005000;4340.445000;4340.615000;0
20260809 184200;4340.615000;4340.865000;4340.285000;4340.285000;0
20260809 184300;4340.295000;4340.295000;4338.525000;4340.055000;0
20260809 184400;4340.055000;4340.055000;4338.815000;4339.015000;0
20260809 184500;4338.895000;4339.255000;4338.895000;4339.005000;0
20260809 184600;4339.005000;4339.545000;4338.715000;4339.545000;0
20260809 184700;4339.635000;4340.275000;4339.395000;4340.165000;0
20260809 184800;4340.165000;4342.315000;4339.735000;4341.595000;0
20260809 184900;4341.695000;4342.815000;4341.695000;4342.135000;0
20260809 185000;4341.775000;4342.415000;4341.625000;4342.185000;0
20260809 185100;4342.415000;4342.435000;4342.105000;4342.265000;0
20260809 185200;4342.175000;4342.175000;4340.535000;4341.135000;0
20260809 185300;4341.335000;4341.335000;4340.665000;4340.665000;0
20260809 185400;4340.885000;4341.105000;4340.645000;4341.105000;0
20260809 185500;4341.105000;4341.105000;4340.675000;4340.675000;0
20260809 185600;4340.555000;4340.785000;4340.015000;4340.015000;0
20260809 185700;4340.015000;4340.835000;4340.015000;4340.735000;0
20260809 185800;4340.635000;4340.955000;4340.445000;4340.955000;0
20260809 185900;4340.855000;4341.145000;4340.055000;4340.075000;0
20260809 190000;4339.935000;4341.235000;4339.595000;4341.235000;0
20260809 190100;4341.345000;4342.295000;4340.495000;4342.235000;0
20260809 190200;4342.295000;4343.505000;4342.295000;4343.335000;0
20260809 190300;4343.445000;4344.225000;4343.115000;4344.225000;0
20260809 190400;4344.305000;4346.375000;4344.265000;4345.925000;0
20260809 190500;4345.785000;4345.785000;4343.685000;4343.985000;0
20260809 190600;4343.985000;4346.265000;4343.695000;4345.885000;0
20260809 190700;4345.885000;4345.885000;4344.975000;4345.325000;0
20260809 190800;4345.325000;4345.625000;4344.775000;4345.045000;0
20260809 190900;4344.945000;4345.245000;4344.415000;4344.735000;0
20260809 191000;4344.735000;4344.975000;4344.605000;4344.755000;0
20260809 191100;4344.755000;4344.885000;4344.395000;4344.495000;0
20260809 191200;4344.385000;4344.755000;4344.095000;4344.655000;0
20260809 191300;4344.655000;4345.635000;4344.435000;4345.335000;0
20260809 191400;4345.335000;4345.985000;4344.915000;4345.025000;0
20260809 191500;4345.025000;4345.715000;4345.015000;4345.125000;0
20260809 191600;4345.125000;4345.535000;4344.985000;4345.535000;0
20260809 191700;4345.535000;4345.535000;4344.805000;4344.915000;0
20260809 191800;4344.915000;4344.915000;4340.535000;4342.975000;0
20260809 191900;4343.005000;4345.195000;4343.005000;4345.005000;0
20260809 192000;4344.385000;4344.545000;4344.295000;4344.395000;0
20260809 192100;4344.485000;4345.565000;4344.485000;4345.565000;0
20260809 192200;4345.485000;4346.265000;4345.485000;4346.005000;0
20260809 192300;4346.005000;4347.615000;4346.005000;4347.235000;0
20260809 192400;4347.235000;4347.635000;4346.505000;4346.625000;0
20260809 192500;4346.625000;4346.755000;4343.365000;4346.435000;0
20260809 192600;4346.335000;4347.365000;4345.955000;4347.095000;0
20260809 192700;4347.095000;4347.465000;4346.895000;4347.405000;0
20260809 192800;4347.405000;4347.445000;4345.275000;4345.495000;0
20260809 192900;4345.495000;4346.255000;4344.795000;4344.975000;0
20260809 193000;4344.975000;4345.945000;4344.895000;4345.095000;0
20260809 193100;4344.965000;4345.075000;4343.105000;4343.985000;0
20260809 193200;4343.515000;4343.515000;4341.145000;4342.595000;0
20260809 193300;4342.965000;4343.265000;4340.885000;4341.305000;0
20260809 193400;4341.105000;4341.465000;4340.065000;4341.165000;0
20260809 193500;4341.305000;4342.485000;4341.115000;4341.415000;0
20260809 193600;4341.265000;4341.975000;4341.075000;4341.865000;0
20260809 193700;4341.535000;4342.795000;4340.965000;4341.255000;0
20260809 193800;4341.055000;4341.285000;4339.695000;4340.135000;0
20260809 193900;4340.225000;4342.665000;4339.925000;4342.495000;0
20260809 194000;4342.755000;4342.965000;4341.855000;4342.145000;0
20260809 194100;4342.045000;4342.045000;4341.265000;4341.595000;0
20260809 194200;4341.565000;4341.775000;4341.205000;4341.395000;0
20260809 194300;4341.505000;4341.795000;4341.115000;4341.795000;0
20260809 194400;4341.555000;4342.305000;4341.015000;4341.915000;0
20260809 194500;4342.115000;4343.325000;4341.325000;4341.985000;0
20260809 194600;4341.865000;4342.835000;4341.865000;4342.125000;0
20260809 194700;4342.075000;4342.095000;4341.035000;4341.925000;0
20260809 194800;4341.805000;4342.565000;4341.805000;4342.365000;0
20260809 194900;4342.225000;4342.485000;4341.615000;4341.865000;0
20260809 195000;4342.155000;4342.155000;4340.665000;4340.875000;0
20260809 195100;4340.985000;4341.565000;4340.645000;4340.945000;0
20260809 195200;4341.125000;4342.265000;4341.015000;4341.845000;0
20260809 195300;4341.955000;4342.405000;4340.785000;4341.905000;0
20260809 195400;4341.725000;4341.845000;4340.025000;4340.055000;0
20260809 195500;4340.165000;4340.385000;4339.215000;4339.445000;0
20260809 195600;4339.575000;4339.575000;4335.665000;4335.685000;0
20260809 195700;4335.695000;4336.195000;4334.345000;4334.815000;0
20260809 195800;4334.925000;4334.975000;4333.355000;4333.525000;0
20260809 195900;4333.695000;4333.695000;4331.995000;4332.465000;0
20260809 200000;4332.385000;4336.185000;4332.275000;4336.095000;0
20260809 200100;4336.105000;4337.305000;4335.115000;4336.935000;0
20260809 200200;4336.545000;4339.125000;4336.545000;4338.415000;0
20260809 200300;4338.525000;4340.295000;4338.525000;4339.295000;0
20260809 200400;4339.445000;4340.635000;4338.835000;4340.365000;0
20260809 200500;4340.085000;4342.375000;4339.355000;4341.505000;0
20260809 200600;4341.325000;4341.525000;4339.625000;4340.375000;0
20260809 200700;4340.205000;4341.215000;4339.935000;4341.055000;0
20260809 200800;4341.215000;4343.265000;4340.255000;4341.895000;0
20260809 200900;4342.005000;4342.845000;4341.175000;4341.485000;0
20260809 201000;4341.235000;4343.525000;4339.945000;4343.145000;0
20260809 201100;4342.995000;4343.055000;4339.775000;4339.775000;0
20260809 201200;4339.655000;4343.455000;4339.505000;4343.225000;0
20260809 201300;4343.385000;4345.975000;4342.885000;4344.395000;0
20260809 201400;4344.525000;4346.915000;4343.665000;4344.005000;0
20260809 201500;4344.125000;4344.915000;4341.745000;4341.865000;0
20260809 201600;4341.745000;4341.745000;4338.705000;4339.875000;0
20260809 201700;4339.675000;4341.305000;4339.345000;4341.195000;0
20260809 201800;4341.305000;4342.515000;4340.405000;4341.705000;0
20260809 201900;4341.815000;4345.325000;4341.535000;4343.735000;0
20260809 202000;4343.565000;4343.785000;4341.475000;4341.475000;0
20260809 202100;4341.595000;4341.595000;4339.325000;4339.375000;0
20260809 202200;4339.515000;4340.705000;4339.515000;4340.025000;0
20260809 202300;4340.225000;4340.325000;4339.005000;4339.485000;0
20260809 202400;4339.805000;4340.575000;4339.195000;4339.585000;0
20260809 202500;4339.695000;4340.325000;4337.245000;4337.245000;0
20260809 202600;4337.355000;4339.275000;4336.905000;4339.095000;0
20260809 202700;4339.085000;4339.385000;4337.865000;4338.805000;0
20260809 202800;4339.035000;4339.195000;4337.125000;4337.695000;0
20260809 202900;4337.585000;4337.885000;4336.925000;4337.245000;0
20260809 203000;4337.355000;4338.535000;4336.315000;4338.295000;0
20260809 203100;4338.285000;4339.025000;4336.995000;4337.465000;0
20260809 203200;4337.355000;4337.515000;4336.035000;4336.845000;0
20260809 203300;4336.735000;4337.025000;4334.785000;4335.455000;0
20260809 203400;4335.325000;4336.305000;4335.055000;4335.815000;0
20260809 203500;4336.015000;4336.735000;4334.155000;4334.355000;0
20260809 203600;4334.325000;4334.925000;4333.255000;4333.745000;0
20260809 203700;4333.605000;4335.785000;4333.525000;4335.535000;0
20260809 203800;4335.645000;4336.165000;4334.795000;4336.165000;0
20260809 203900;4336.295000;4337.055000;4335.865000;4336.695000;0
20260809 204000;4336.395000;4337.995000;4336.295000;4336.525000;0
20260809 204100;4336.395000;4336.655000;4334.475000;4335.585000;0
20260809 204200;4335.695000;4336.715000;4335.085000;4335.085000;0
20260809 204300;4335.275000;4335.495000;4334.145000;4334.705000;0
20260809 204400;4334.955000;4335.125000;4333.365000;4334.235000;0
20260809 204500;4334.105000;4336.275000;4333.955000;4335.695000;0
20260809 204600;4335.595000;4335.825000;4333.575000;4333.575000;0
20260809 204700;4333.715000;4335.165000;4333.555000;4334.455000;0
20260809 204800;4334.635000;4335.255000;4333.475000;4333.685000;0
20260809 204900;4333.565000;4335.375000;4333.225000;4335.265000;0
20260809 205000;4335.375000;4337.065000;4334.855000;4335.805000;0
20260809 205100;4335.695000;4336.035000;4334.725000;4335.915000;0
20260809 205200;4336.145000;4337.255000;4334.135000;4334.365000;0
20260809 205300;4334.385000;4336.115000;4334.085000;4335.115000;0
20260809 205400;4334.995000;4335.685000;4333.145000;4333.465000;0
20260809 205500;4333.385000;4334.275000;4332.125000;4332.175000;0
20260809 205600;4332.115000;4332.575000;4330.315000;4331.445000;0
20260809 205700;4331.345000;4332.295000;4330.565000;4331.895000;0
20260809 205800;4331.595000;4332.425000;4330.365000;4330.665000;0
20260809 205900;4330.785000;4332.465000;4330.255000;4331.955000;0
20260809 210000;4331.745000;4332.715000;4326.595000;4331.045000;0
20260809 210100;4331.255000;4338.365000;4329.965000;4337.275000;0
20260809 210200;4337.395000;4338.455000;4334.345000;4336.955000;0
20260809 210300;4336.515000;4340.615000;4334.075000;4334.355000;0
20260809 210400;4334.215000;4334.465000;4326.845000;4326.915000;0
20260809 210500;4326.775000;4327.975000;4322.305000;4322.315000;0
20260809 210600;4322.665000;4324.755000;4321.925000;4324.615000;0
20260809 210700;4324.675000;4326.975000;4323.655000;4324.265000;0
20260809 210800;4324.385000;4325.715000;4323.305000;4323.435000;0
20260809 210900;4323.595000;4326.755000;4322.565000;4323.365000;0
20260809 211000;4323.595000;4324.505000;4322.145000;4323.205000;0
20260809 211100;4322.895000;4323.095000;4321.675000;4322.835000;0
20260809 211200;4322.735000;4324.525000;4321.985000;4323.855000;0
20260809 211300;4323.985000;4324.395000;4321.535000;4321.865000;0
20260809 211400;4321.985000;4323.515000;4321.515000;4322.635000;0
20260809 211500;4322.515000;4324.475000;4321.525000;4324.145000;0
20260809 211600;4324.125000;4325.695000;4323.795000;4325.415000;0
20260809 211700;4325.315000;4325.315000;4321.205000;4321.275000;0
20260809 211800;4321.415000;4322.715000;4321.365000;4322.135000;0
20260809 211900;4322.005000;4323.965000;4321.635000;4323.765000;0
20260809 212000;4323.695000;4325.195000;4321.455000;4321.625000;0
20260809 212100;4321.785000;4322.635000;4321.055000;4322.385000;0
20260809 212200;4322.485000;4323.675000;4321.365000;4322.315000;0
20260809 212300;4322.155000;4327.575000;4322.155000;4325.965000;0
20260809 212400;4326.085000;4328.115000;4323.635000;4327.585000;0
20260809 212500;4327.795000;4328.045000;4325.245000;4325.325000;0
20260809 212600;4325.235000;4325.265000;4322.815000;4322.815000;0
20260809 212700;4322.625000;4322.625000;4321.005000;4321.895000;0
20260809 212800;4321.895000;4322.175000;4321.275000;4322.045000;0
20260809 212900;4321.875000;4322.135000;4315.735000;4315.975000;0
20260809 213000;4316.105000;4317.255000;4315.275000;4315.775000;0
20260809 213100;4315.665000;4316.995000;4314.365000;4315.175000;0
20260809 213200;4315.295000;4315.625000;4313.425000;4314.355000;0
20260809 213300;4314.645000;4317.865000;4313.975000;4317.145000;0
20260809 213400;4317.015000;4320.565000;4316.925000;4319.795000;0
20260809 213500;4319.675000;4319.785000;4316.655000;4318.695000;0
20260809 213600;4318.565000;4319.535000;4317.725000;4318.595000;0
20260809 213700;4318.745000;4319.195000;4315.795000;4317.235000;0
20260809 213800;4317.345000;4318.405000;4315.965000;4316.925000;0
20260809 213900;4316.945000;4318.375000;4315.635000;4316.535000;0
20260809 214000;4316.445000;4316.685000;4313.465000;4313.615000;0
20260809 214100;4313.875000;4314.825000;4312.935000;4313.445000;0
20260809 214200;4313.275000;4315.445000;4313.165000;4315.225000;0
20260809 214300;4315.215000;4316.105000;4314.695000;4316.065000;0
20260809 214400;4316.205000;4317.465000;4315.475000;4316.835000;0
20260809 214500;4316.735000;4319.175000;4316.395000;4318.335000;0
20260809 214600;4318.505000;4318.655000;4315.765000;4316.615000;0
20260809 214700;4316.495000;4317.115000;4315.515000;4316.795000;0
20260809 214800;4316.635000;4320.005000;4316.055000;4320.005000;0
20260809 214900;4319.865000;4320.935000;4318.245000;4319.855000;0
20260809 215000;4319.715000;4322.575000;4318.785000;4322.015000;0
20260809 215100;4322.145000;4322.545000;4320.615000;4321.915000;0
20260809 215200;4321.745000;4322.815000;4320.375000;4320.985000;0
20260809 215300;4320.845000;4320.955000;4318.775000;4319.885000;0
20260809 215400;4319.785000;4320.375000;4318.445000;4319.525000;0
20260809 215500;4319.415000;4320.645000;4319.045000;4319.715000;0
20260809 215600;4319.715000;4321.355000;4318.905000;4319.805000;0
20260809 215700;4320.105000;4320.115000;4317.235000;4317.665000;0
20260809 215800;4317.755000;4319.385000;4317.185000;4318.855000;0
20260809 215900;4318.995000;4323.815000;4318.735000;4322.055000;0
20260809 220000;4322.055000;4322.555000;4320.295000;4321.685000;0
20260809 220100;4321.295000;4323.005000;4319.475000;4319.915000;0
20260809 220200;4320.145000;4321.875000;4319.845000;4320.985000;0
20260809 220300;4320.765000;4322.885000;4320.425000;4321.955000;0
20260809 220400;4321.955000;4322.475000;4320.645000;4321.065000;0
20260809 220500;4320.945000;4321.495000;4318.675000;4318.845000;0
20260809 220600;4318.495000;4319.735000;4318.215000;4319.695000;0
20260809 220700;4319.945000;4323.215000;4319.065000;4323.215000;0
20260809 220800;4323.075000;4323.765000;4321.245000;4321.245000;0
20260809 220900;4321.385000;4323.425000;4320.995000;4322.885000;0
20260809 221000;4323.115000;4324.085000;4322.915000;4323.615000;0
20260809 221100;4323.495000;4324.465000;4322.945000;4324.365000;0
20260809 221200;4324.375000;4325.495000;4321.625000;4321.745000;0
20260809 221300;4321.895000;4324.895000;4320.955000;4324.635000;0
20260809 221400;4324.455000;4325.325000;4323.875000;4324.175000;0
20260809 221500;4323.955000;4324.745000;4323.195000;4323.825000;0
20260809 221600;4323.715000;4324.915000;4323.275000;4324.205000;0
20260809 221700;4324.325000;4324.495000;4322.835000;4323.825000;0
20260809 221800;4323.695000;4325.585000;4323.495000;4325.495000;0
20260809 221900;4325.495000;4325.495000;4323.735000;4324.665000;0
20260809 222000;4324.665000;4325.095000;4323.705000;4324.705000;0
20260809 222100;4324.535000;4327.265000;4324.005000;4327.065000;0
20260809 222200;4327.185000;4327.585000;4325.765000;4325.815000;0
20260809 222300;4325.745000;4327.035000;4324.935000;4326.925000;0
20260809 222400;4327.055000;4327.495000;4326.275000;4326.725000;0
20260809 222500;4326.585000;4327.365000;4326.005000;4326.545000;0
20260809 222600;4326.545000;4328.005000;4326.135000;4327.935000;0
20260809 222700;4327.765000;4328.925000;4327.615000;4328.305000;0
20260809 222800;4328.195000;4330.015000;4328.195000;4329.805000;0
20260809 222900;4329.865000;4331.685000;4329.675000;4330.535000;0
20260809 223000;4330.645000;4332.155000;4326.865000;4326.865000;0
20260809 223100;4326.715000;4327.755000;4324.395000;4326.575000;0
20260809 223200;4326.785000;4329.065000;4326.445000;4328.945000;0
20260809 223300;4329.185000;4329.855000;4327.085000;4328.915000;0
20260809 223400;4328.915000;4329.605000;4327.275000;4327.675000;0
20260809 223500;4327.675000;4329.345000;4327.005000;4327.495000;0
20260809 223600;4327.665000;4327.705000;4326.195000;4326.525000;0
20260809 223700;4326.635000;4326.815000;4324.865000;4326.625000;0
20260809 223800;4326.405000;4326.405000;4324.495000;4325.275000;0
20260809 223900;4325.095000;4325.884000;4324.345000;4325.225000;0
20260809 224000;4325.355000;4325.785000;4324.285000;4324.715000;0
20260809 224100;4324.715000;4325.725000;4322.895000;4325.695000;0
20260809 224200;4325.695000;4328.885000;4325.295000;4328.885000;0
20260809 224300;4328.885000;4329.655000;4326.655000;4328.115000;0
20260809 224400;4328.015000;4328.015000;4325.915000;4325.915000;0
20260809 224500;4326.265000;4327.065000;4325.075000;4325.255000;0
20260809 224600;4325.385000;4326.355000;4323.325000;4323.465000;0
20260809 224700;4323.595000;4324.325000;4321.295000;4323.005000;0
20260809 224800;4322.885000;4324.135000;4322.255000;4323.185000;0
20260809 224900;4323.375000;4323.375000;4321.035000;4322.915000;0
20260809 225000;4323.015000;4324.295000;4322.755000;4323.395000;0
20260809 225100;4323.215000;4323.285000;4322.745000;4323.125000;0
20260809 225200;4323.175000;4323.175000;4321.935000;4321.965000;0
20260809 225300;4321.505000;4321.505000;4319.065000;4319.995000;0
20260809 225400;4320.105000;4320.145000;4319.065000;4319.595000;0
20260809 225500;4319.675000;4320.725000;4319.185000;4319.985000;0
20260809 225600;4319.875000;4320.705000;4319.545000;4319.865000;0
20260809 225700;4319.715000;4321.865000;4319.715000;4321.745000;0
20260809 225800;4321.925000;4322.035000;4319.125000;4319.445000;0
20260809 225900;4319.545000;4320.285000;4318.495000;4319.405000;0
20260809 230000;4319.535000;4320.165000;4317.795000;4317.955000;0
20260809 230100;4317.715000;4320.775000;4317.695000;4320.735000;0
20260809 230200;4320.595000;4320.605000;4319.015000;4319.015000;0
20260809 230300;4318.825000;4319.355000;4318.205000;4318.565000;0
20260809 230400;4318.375000;4319.255000;4317.985000;4318.885000;0
20260809 230500;4318.705000;4319.045000;4317.535000;4318.005000;0
20260809 230600;4318.115000;4318.635000;4317.415000;4318.025000;0
20260809 230700;4317.925000;4318.905000;4317.695000;4318.635000;0
20260809 230800;4319.075000;4319.435000;4318.185000;4318.595000;0
20260809 230900;4318.455000;4318.795000;4317.425000;4317.675000;0
20260809 231000;4317.455000;4319.735000;4317.455000;4319.605000;0
20260809 231100;4319.455000;4320.025000;4318.045000;4318.655000;0
20260809 231200;4318.765000;4318.765000;4317.975000;4318.475000;0
20260809 231300;4318.305000;4319.055000;4317.435000;4318.685000;0
20260809 231400;4319.005000;4320.075000;4318.225000;4319.875000;0
20260809 231500;4319.655000;4321.265000;4319.465000;4320.345000;0
20260809 231600;4320.245000;4321.915000;4320.105000;4321.685000;0
20260809 231700;4321.865000;4322.595000;4321.385000;4322.005000;0
20260809 231800;4321.845000;4322.205000;4320.225000;4321.235000;0
20260809 231900;4321.365000;4324.105000;4321.365000;4323.895000;0
20260809 232000;4323.785000;4324.745000;4322.995000;4324.425000;0
20260809 232100;4324.315000;4325.615000;4324.055000;4325.075000;0
20260809 232200;4324.975000;4325.235000;4324.325000;4324.695000;0
20260809 232300;4324.995000;4325.225000;4323.545000;4325.225000;0
20260809 232400;4324.915000;4326.395000;4323.155000;4323.285000;0
20260809 232500;4323.675000;4325.045000;4323.555000;4324.545000;0
20260809 232600;4324.345000;4324.515000;4323.695000;4324.095000;0
20260809 232700;4323.965000;4324.975000;4323.885000;4324.825000;0
20260809 232800;4324.955000;4327.935000;4324.495000;4327.585000;0
20260809 232900;4327.455000;4327.575000;4325.805000;4326.985000;0
20260809 233000;4326.755000;4328.115000;4325.405000;4325.835000;0
20260809 233100;4325.735000;4326.635000;4325.385000;4326.535000;0
20260809 233200;4326.865000;4327.575000;4326.395000;4326.395000;0
20260809 233300;4326.525000;4327.755000;4326.165000;4327.655000;0
20260809 233400;4327.765000;4327.905000;4327.045000;4327.785000;0
20260809 233500;4327.635000;4328.415000;4326.855000;4327.805000;0
20260809 233600;4327.935000;4329.195000;4327.785000;4328.195000;0
20260809 233700;4328.065000;4329.385000;4327.795000;4327.825000;0
20260809 233800;4327.725000;4327.725000;4325.315000;4325.445000;0
20260809 233900;4325.515000;4326.675000;4325.515000;4325.915000;0
20260809 234000;4326.075000;4326.405000;4324.705000;4324.765000;0
20260809 234100;4324.665000;4325.415000;4324.545000;4324.985000;0
20260809 234200;4325.345000;4325.375000;4324.505000;4324.885000;0
20260809 234300;4324.875000;4325.755000;4324.565000;4325.005000;0
20260809 234400;4325.045000;4325.185000;4324.525000;4324.865000;0
20260809 234500;4324.995000;4325.225000;4324.215000;4324.455000;0
20260809 234600;4324.315000;4325.715000;4323.925000;4325.545000;0
20260809 234700;4325.325000;4327.235000;4324.945000;4326.255000;0
20260809 234800;4326.155000;4326.945000;4325.695000;4326.405000;0
20260809 234900;4326.645000;4327.205000;4326.325000;4326.435000;0
20260809 235000;4326.685000;4327.555000;4326.355000;4327.195000;0
20260809 235100;4327.325000;4327.325000;4326.175000;4326.775000;0
20260809 235200;4326.905000;4327.425000;4326.415000;4326.885000;0
20260809 235300;4326.635000;4327.615000;4325.965000;4327.405000;0
20260809 235400;4327.505000;4327.605000;4326.825000;4326.935000;0
20260809 235500;4326.875000;4327.185000;4326.705000;4326.785000;0
20260809 235600;4326.635000;4327.385000;4325.965000;4326.165000;0
20260809 235700;4326.055000;4326.365000;4325.775000;4326.365000;0
20260809 235800;4326.535000;4327.405000;4325.915000;4326.705000;0
20260809 235900;4326.865000;4327.695000;4326.355000;4326.375000;0
20260810 000000;4326.525000;4327.975000;4326.215000;4327.025000;0
20260810 000100;4326.665000;4326.775000;4325.295000;4325.855000;0
20260810 000200;4325.745000;4325.965000;4324.025000;4324.415000;0
20260810 000300;4324.615000;4324.815000;4322.625000;4324.145000;0
20260810 000400;4324.255000;4325.665000;4323.715000;4325.665000;0
20260810 000500;4325.475000;4326.325000;4324.505000;4324.665000;0
20260810 000600;4324.545000;4325.525000;4323.765000;4324.755000;0
20260810 000700;4324.785000;4325.035000;4323.405000;4324.505000;0
20260810 000800;4324.635000;4326.935000;4323.105000;4326.575000;0
20260810 000900;4326.395000;4327.575000;4325.895000;4327.395000;0
20260810 001000;4327.285000;4329.725000;4327.215000;4329.595000;0
20260810 001100;4329.425000;4330.915000;4329.425000;4330.885000;0
20260810 001200;4330.775000;4331.425000;4330.325000;4330.715000;0
20260810 001300;4330.925000;4332.365000;4330.625000;4331.505000;0
20260810 001400;4331.875000;4332.565000;4331.175000;4332.075000;0
20260810 001500;4332.185000;4333.055000;4331.255000;4333.015000;0
20260810 001600;4332.905000;4333.165000;4330.785000;4331.055000;0
20260810 001700;4330.925000;4331.055000;4330.595000;4330.685000;0
20260810 001800;4330.485000;4332.135000;4330.485000;4332.055000;0
20260810 001900;4331.955000;4333.805000;4331.935000;4333.695000;0
20260810 002000;4333.615000;4334.835000;4332.925000;4334.615000;0
20260810 002100;4334.475000;4337.055000;4334.475000;4336.455000;0
20260810 002200;4336.305000;4336.995000;4335.835000;4336.955000;0
20260810 002300;4336.765000;4337.025000;4335.345000;4336.445000;0
20260810 002400;4336.265000;4336.875000;4335.975000;4336.705000;0
20260810 002500;4336.875000;4336.905000;4335.325000;4336.695000;0
20260810 002600;4336.675000;4337.365000;4335.215000;4335.605000;0
20260810 002700;4335.915000;4336.095000;4334.635000;4334.655000;0
20260810 002800;4334.785000;4334.915000;4333.885000;4334.085000;0
20260810 002900;4334.035000;4334.475000;4333.605000;4334.475000;0
20260810 003000;4334.355000;4334.605000;4333.065000;4333.335000;0
20260810 003100;4333.195000;4334.115000;4333.195000;4334.015000;0
20260810 003200;4334.155000;4334.235000;4332.975000;4333.485000;0
20260810 003300;4333.605000;4334.455000;4332.935000;4334.455000;0
20260810 003400;4334.355000;4336.055000;4333.925000;4334.305000;0
20260810 003500;4334.125000;4335.515000;4333.995000;4335.295000;0
20260810 003600;4335.405000;4335.465000;4334.165000;4334.345000;0
20260810 003700;4333.965000;4336.005000;4333.865000;4335.455000;0
20260810 003800;4335.575000;4335.825000;4334.925000;4334.925000;0
20260810 003900;4334.735000;4334.945000;4333.305000;4333.545000;0
20260810 004000;4333.395000;4333.555000;4329.705000;4330.315000;0
20260810 004100;4330.375000;4331.625000;4329.365000;4329.365000;0
20260810 004200;4329.385000;4330.765000;4329.385000;4329.865000;0
20260810 004300;4329.965000;4331.605000;4329.665000;4331.465000;0
20260810 004400;4331.595000;4332.035000;4331.025000;4332.005000;0
20260810 004500;4332.105000;4332.975000;4331.665000;4332.065000;0
20260810 004600;4332.195000;4334.515000;4331.685000;4333.565000;0
20260810 004700;4333.685000;4335.465000;4333.685000;4335.135000;0
20260810 004800;4335.025000;4335.165000;4333.425000;4334.045000;0
20260810 004900;4334.265000;4334.395000;4333.205000;4333.755000;0
20260810 005000;4333.865000;4334.175000;4333.085000;4333.855000;0
20260810 005100;4333.605000;4334.115000;4333.165000;4333.805000;0
20260810 005200;4333.705000;4333.725000;4333.095000;4333.715000;0
20260810 005300;4333.595000;4335.845000;4333.485000;4335.735000;0
20260810 005400;4335.625000;4337.125000;4335.625000;4335.635000;0
20260810 005500;4335.825000;4336.835000;4335.345000;4336.645000;0
20260810 005600;4336.545000;4337.755000;4336.435000;4337.615000;0
20260810 005700;4337.735000;4338.545000;4336.435000;4336.805000;0
20260810 005800;4337.115000;4338.785000;4336.025000;4338.035000;0
20260810 005900;4337.755000;4339.435000;4337.755000;4339.115000;0
20260810 010000;4339.085000;4339.555000;4335.205000;4335.875000;0
20260810 010100;4335.745000;4337.575000;4335.545000;4336.345000;0
20260810 010200;4336.395000;4336.665000;4334.875000;4335.595000;0
20260810 010300;4335.315000;4336.945000;4335.095000;4336.495000;0
20260810 010400;4336.695000;4337.095000;4336.195000;4336.765000;0
20260810 010500;4336.675000;4338.215000;4336.495000;4337.955000;0
20260810 010600;4337.825000;4338.635000;4337.745000;4338.275000;0
20260810 010700;4338.125000;4338.295000;4336.605000;4336.705000;0
20260810 010800;4336.855000;4336.855000;4335.955000;4336.295000;0
20260810 010900;4336.185000;4337.005000;4335.775000;4335.785000;0
20260810 011000;4336.225000;4336.225000;4335.405000;4335.805000;0
20260810 011100;4335.905000;4336.135000;4335.085000;4335.355000;0
20260810 011200;4335.265000;4335.535000;4332.955000;4334.725000;0
20260810 011300;4334.905000;4335.285000;4333.545000;4334.055000;0
20260810 011400;4334.175000;4334.735000;4333.615000;4334.695000;0
20260810 011500;4334.855000;4335.905000;4334.675000;4335.785000;0
20260810 011600;4335.675000;4335.945000;4333.645000;4333.645000;0
20260810 011700;4333.775000;4334.415000;4333.395000;4334.065000;0
20260810 011800;4333.955000;4333.965000;4332.425000;4332.825000;0
20260810 011900;4333.015000;4333.305000;4332.695000;4332.955000;0
20260810 012000;4332.725000;4335.085000;4332.725000;4334.865000;0
20260810 012100;4334.975000;4335.455000;4334.585000;4334.585000;0
20260810 012200;4334.565000;4335.625000;4334.565000;4335.255000;0
20260810 012300;4335.375000;4336.375000;4335.375000;4335.715000;0
20260810 012400;4335.825000;4336.075000;4334.715000;4335.005000;0
20260810 012500;4335.005000;4335.205000;4334.235000;4334.625000;0
20260810 012600;4334.855000;4334.855000;4333.355000;4333.775000;0
20260810 012700;4334.285000;4334.435000;4333.055000;4334.045000;0
20260810 012800;4333.885000;4334.525000;4333.555000;4334.525000;0
20260810 012900;4334.395000;4334.395000;4333.325000;4333.555000;0
20260810 013000;4333.415000;4337.925000;4332.485000;4333.645000;0
20260810 013100;4333.755000;4336.535000;4331.265000;4335.745000;0
20260810 013200;4335.735000;4336.985000;4334.315000;4335.475000;0
20260810 013300;4335.365000;4337.795000;4335.325000;4337.745000;0
20260810 013400;4337.855000;4340.635000;4337.855000;4339.955000;0
20260810 013500;4339.945000;4341.595000;4338.545000;4338.545000;0
20260810 013600;4338.415000;4340.225000;4338.215000;4339.685000;0
20260810 013700;4339.405000;4340.825000;4338.835000;4339.435000;0
20260810 013800;4339.285000;4339.385000;4338.065000;4339.325000;0
20260810 013900;4339.415000;4341.245000;4339.255000;4340.685000;0
20260810 014000;4340.685000;4343.995000;4340.565000;4343.055000;0
20260810 014100;4342.855000;4343.385000;4341.935000;4342.165000;0
20260810 014200;4342.495000;4343.415000;4341.795000;4342.425000;0
20260810 014300;4342.385000;4342.735000;4338.205000;4341.065000;0
20260810 014400;4340.885000;4343.615000;4340.555000;4343.355000;0
20260810 014500;4343.355000;4343.355000;4340.295000;4340.765000;0
20260810 014600;4340.655000;4341.715000;4340.655000;4341.675000;0
20260810 014700;4341.505000;4345.175000;4341.335000;4344.645000;0
20260810 014800;4344.515000;4346.305000;4344.505000;4345.745000;0
20260810 014900;4345.555000;4347.045000;4345.335000;4345.335000;0
20260810 015000;4345.485000;4347.805000;4344.985000;4347.745000;0
20260810 015100;4347.395000;4351.705000;4347.095000;4350.735000;0
20260810 015200;4350.565000;4351.815000;4349.375000;4350.875000;0
20260810 015300;4351.015000;4351.555000;4349.475000;4350.325000;0
20260810 015400;4350.435000;4350.445000;4347.815000;4347.935000;0
20260810 015500;4348.185000;4349.075000;4344.825000;4345.575000;0
20260810 015600;4345.685000;4348.745000;4345.375000;4348.625000;0
20260810 015700;4348.395000;4349.245000;4347.765000;4348.265000;0
20260810 015800;4348.425000;4349.405000;4347.635000;4348.125000;0
20260810 015900;4348.235000;4348.625000;4347.035000;4347.035000;0
20260810 020000;4347.215000;4347.365000;4345.205000;4345.775000;0
20260810 020100;4345.655000;4345.985000;4344.265000;4345.415000;0
20260810 020200;4345.285000;4345.535000;4344.495000;4345.065000;0
20260810 020300;4345.175000;4346.335000;4344.045000;4346.335000;0
20260810 020400;4346.115000;4346.115000;4341.755000;4342.375000;0
20260810 020500;4342.415000;4344.555000;4341.915000;4344.555000;0
20260810 020600;4344.385000;4345.575000;4343.745000;4345.415000;0
20260810 020700;4345.315000;4345.515000;4344.145000;4344.575000;0
20260810 020800;4344.465000;4345.185000;4343.695000;4344.885000;0
20260810 020900;4344.995000;4346.505000;4344.825000;4345.995000;0
20260810 021000;4345.825000;4348.315000;4345.825000;4347.655000;0
20260810 021100;4347.425000;4348.345000;4346.445000;4348.235000;0
20260810 021200;4348.385000;4349.395000;4348.185000;4349.315000;0
20260810 021300;4349.205000;4349.935000;4348.635000;4348.895000;0
20260810 021400;4348.715000;4348.885000;4346.935000;4347.125000;0
20260810 021500;4347.085000;4348.595000;4346.715000;4348.445000;0
20260810 021600;4348.215000;4349.585000;4347.985000;4348.395000;0
20260810 021700;4348.295000;4348.675000;4345.735000;4346.505000;0
20260810 021800;4346.405000;4346.475000;4343.935000;4344.035000;0
20260810 021900;4344.065000;4344.205000;4342.535000;4342.955000;0
20260810 022000;4342.825000;4344.155000;4342.675000;4344.155000;0
20260810 022100;4343.905000;4344.285000;4342.405000;4343.715000;0
20260810 022200;4343.605000;4344.375000;4343.155000;4344.115000;0
20260810 022300;4344.015000;4344.865000;4343.695000;4344.625000;0
20260810 022400;4344.755000;4345.235000;4343.195000;4345.235000;0
20260810 022500;4345.225000;4345.325000;4343.865000;4344.875000;0
20260810 022600;4344.775000;4344.945000;4343.635000;4343.635000;0
20260810 022700;4343.865000;4345.755000;4343.865000;4345.175000;0
20260810 022800;4345.285000;4347.265000;4345.065000;4346.795000;0
20260810 022900;4346.935000;4348.135000;4346.405000;4348.115000;0
20260810 023000;4347.965000;4348.675000;4346.855000;4346.915000;0
20260810 023100;4346.875000;4347.705000;4346.425000;4347.475000;0
20260810 023200;4347.475000;4347.845000;4346.815000;4347.155000;0
20260810 023300;4347.265000;4349.025000;4347.265000;4347.905000;0
20260810 023400;4347.765000;4347.955000;4346.745000;4347.505000;0
20260810 023500;4347.315000;4347.705000;4346.535000;4346.895000;0
20260810 023600;4346.695000;4347.085000;4345.565000;4346.525000;0
20260810 023700;4346.665000;4347.335000;4345.955000;4347.125000;0
20260810 023800;4347.245000;4349.305000;4346.195000;4346.195000;0
20260810 023900;4346.055000;4348.735000;4345.655000;4348.165000;0
20260810 024000;4348.355000;4348.775000;4346.655000;4346.655000;0
20260810 024100;4346.825000;4348.585000;4346.765000;4347.505000;0
20260810 024200;4347.395000;4349.345000;4347.235000;4348.915000;0
20260810 024300;4348.775000;4355.575000;4348.775000;4353.955000;0
20260810 024400;4354.085000;4355.135000;4353.385000;4354.875000;0
20260810 024500;4355.025000;4356.055000;4354.815000;4355.905000;0
20260810 024600;4356.005000;4356.975000;4354.875000;4356.805000;0
20260810 024700;4356.905000;4358.055000;4355.655000;4356.375000;0
20260810 024800;4356.635000;4358.155000;4356.365000;4357.775000;0
20260810 024900;4357.595000;4357.915000;4356.245000;4356.525000;0
20260810 025000;4356.525000;4356.935000;4355.755000;4355.985000;0
20260810 025100;4355.835000;4356.415000;4355.355000;4356.405000;0
20260810 025200;4356.405000;4357.135000;4355.495000;4356.135000;0
20260810 025300;4356.075000;4356.855000;4355.505000;4355.975000;0
20260810 025400;4355.865000;4357.275000;4355.635000;4357.155000;0
20260810 025500;4356.995000;4358.085000;4356.865000;4357.035000;0
20260810 025600;4357.035000;4358.135000;4356.365000;4358.135000;0
20260810 025700;4357.975000;4358.965000;4357.975000;4358.515000;0
20260810 025800;4358.515000;4359.595000;4358.245000;4358.685000;0
20260810 025900;4358.485000;4358.625000;4357.605000;4357.835000;0
20260810 030000;4357.835000;4358.505000;4355.745000;4356.805000;0
20260810 030100;4356.645000;4357.045000;4353.825000;4353.825000;0
20260810 030200;4353.955000;4354.635000;4353.545000;4354.295000;0
20260810 030300;4354.495000;4355.425000;4354.035000;4354.525000;0
20260810 030400;4354.525000;4355.135000;4354.115000;4354.355000;0
20260810 030500;4354.245000;4355.815000;4354.125000;4354.665000;0
20260810 030600;4354.535000;4356.855000;4354.235000;4355.095000;0
20260810 030700;4355.095000;4355.535000;4354.735000;4354.875000;0
20260810 030800;4354.875000;4355.805000;4354.575000;4355.515000;0
20260810 030900;4355.395000;4355.545000;4353.655000;4353.655000;0
20260810 031000;4353.655000;4354.375000;4352.955000;4353.355000;0
20260810 031100;4353.355000;4353.995000;4352.535000;4352.935000;0
20260810 031200;4353.115000;4353.355000;4351.845000;4351.855000;0
20260810 031300;4351.975000;4352.685000;4350.195000;4350.245000;0
20260810 031400;4350.095000;4351.255000;4349.955000;4350.945000;0
20260810 031500;4350.825000;4351.424000;4350.365000;4351.045000;0
20260810 031600;4350.755000;4353.095000;4350.275000;4352.275000;0
20260810 031700;4352.275000;4356.165000;4352.155000;4355.855000;0
20260810 031800;4355.855000;4356.815000;4355.415000;4356.105000;0
20260810 031900;4355.745000;4355.745000;4354.035000;4354.295000;0
20260810 032000;4354.425000;4354.425000;4352.855000;4353.095000;0
20260810 032100;4352.965000;4354.255000;4351.845000;4354.195000;0
20260810 032200;4354.135000;4355.175000;4353.985000;4354.345000;0
20260810 032300;4354.345000;4356.715000;4353.925000;4356.375000;0
20260810 032400;4356.345000;4358.695000;4355.795000;4357.925000;0
20260810 032500;4357.875000;4358.605000;4357.395000;4357.605000;0
20260810 032600;4357.565000;4357.685000;4353.255000;4353.255000;0
20260810 032700;4353.295000;4353.645000;4351.905000;4352.265000;0
20260810 032800;4352.145000;4354.525000;4352.145000;4354.385000;0
20260810 032900;4354.375000;4355.395000;4353.125000;4354.895000;0
20260810 033000;4354.835000;4354.885000;4352.725000;4353.285000;0
20260810 033100;4353.375000;4353.615000;4352.265000;4353.255000;0
20260810 033200;4353.255000;4353.445000;4352.565000;4353.225000;0
20260810 033300;4353.295000;4353.755000;4352.685000;4353.755000;0
20260810 033400;4353.705000;4353.775000;4352.535000;4353.095000;0
20260810 033500;4353.095000;4355.615000;4352.835000;4354.505000;0
20260810 033600;4354.435000;4355.095000;4353.715000;4354.855000;0
20260810 033700;4354.865000;4355.235000;4353.695000;4355.155000;0
20260810 033800;4355.205000;4358.325000;4355.205000;4358.325000;0
20260810 033900;4358.235000;4359.655000;4357.385000;4358.435000;0
20260810 034000;4358.555000;4359.775000;4357.255000;4357.255000;0
20260810 034100;4357.125000;4357.605000;4356.045000;4356.925000;0
20260810 034200;4357.045000;4358.185000;4356.945000;4357.875000;0
20260810 034300;4357.845000;4358.275000;4357.545000;4358.145000;0
20260810 034400;4358.145000;4359.285000;4357.955000;4359.155000;0
20260810 034500;4359.155000;4361.885000;4357.825000;4359.265000;0
20260810 034600;4359.315000;4360.715000;4358.865000;4360.035000;0
20260810 034700;4360.185000;4361.335000;4359.455000;4359.585000;0
20260810 034800;4359.445000;4359.825000;4358.055000;4358.905000;0
20260810 034900;4358.905000;4358.905000;4356.935000;4357.075000;0
20260810 035000;4356.945000;4358.095000;4356.495000;4357.035000;0
20260810 035100;4356.835000;4358.115000;4355.785000;4355.785000;0
20260810 035200;4355.775000;4356.675000;4355.375000;4356.305000;0
20260810 035300;4356.285000;4356.555000;4355.145000;4355.405000;0
20260810 035400;4355.255000;4355.755000;4354.835000;4355.165000;0
20260810 035500;4355.135000;4355.585000;4354.605000;4355.205000;0
20260810 035600;4355.315000;4355.705000;4354.675000;4355.225000;0
20260810 035700;4355.215000;4355.735000;4354.895000;4355.675000;0
20260810 035800;4355.645000;4355.855000;4355.275000;4355.685000;0
20260810 035900;4355.655000;4356.045000;4354.675000;4355.085000;0
20260810 040000;4355.105000;4355.875000;4354.685000;4355.375000;0
20260810 040100;4355.365000;4355.375000;4353.835000;4354.865000;0
20260810 040200;4354.715000;4355.985000;4354.475000;4355.455000;0
20260810 040300;4355.455000;4355.605000;4354.255000;4354.465000;0
20260810 040400;4354.515000;4356.065000;4353.835000;4355.375000;0
20260810 040500;4355.255000;4355.585000;4353.955000;4355.585000;0
20260810 040600;4355.585000;4355.755000;4353.345000;4354.775000;0
20260810 040700;4354.585000;4355.705000;4354.585000;4354.825000;0
20260810 040800;4354.695000;4354.695000;4352.945000;4353.505000;0
20260810 040900;4353.535000;4353.765000;4351.375000;4352.175000;0
20260810 041000;4352.095000;4353.185000;4351.945000;4352.775000;0
20260810 041100;4352.755000;4353.075000;4351.795000;4352.505000;0
20260810 041200;4352.615000;4353.285000;4352.195000;4353.255000;0
20260810 041300;4353.135000;4353.475000;4352.975000;4353.205000;0
20260810 041400;4353.305000;4354.215000;4353.195000;4354.115000;0
20260810 041500;4354.295000;4354.515000;4353.285000;4354.385000;0
20260810 041600;4354.405000;4354.635000;4353.645000;4354.515000;0
20260810 041700;4354.405000;4354.975000;4353.475000;4353.915000;0
20260810 041800;4353.925000;4355.035000;4353.145000;4354.795000;0
20260810 041900;4354.735000;4355.385000;4354.345000;4354.675000;0
20260810 042000;4354.685000;4354.935000;4353.525000;4353.635000;0
20260810 042100;4353.495000;4353.865000;4353.165000;4353.605000;0
20260810 042200;4353.595000;4354.465000;4352.945000;4353.635000;0
20260810 042300;4353.635000;4353.915000;4353.135000;4353.595000;0
20260810 042400;4353.725000;4353.765000;4352.415000;4352.635000;0
20260810 042500;4352.775000;4352.845000;4352.025000;4352.845000;0
20260810 042600;4352.805000;4354.105000;4352.365000;4354.085000;0
20260810 042700;4354.205000;4354.735000;4353.845000;4354.305000;0
20260810 042800;4354.235000;4355.545000;4354.125000;4355.015000;0
20260810 042900;4355.195000;4356.125000;4354.885000;4355.425000;0
20260810 043000;4355.415000;4356.115000;4354.425000;4355.185000;0
20260810 043100;4355.225000;4356.375000;4353.355000;4353.555000;0
20260810 043200;4353.665000;4354.385000;4351.555000;4351.675000;0
20260810 043300;4351.515000;4352.175000;4349.805000;4349.805000;0
20260810 043400;4349.995000;4350.725000;4348.775000;4350.155000;0
20260810 043500;4350.125000;4351.205000;4349.965000;4350.095000;0
20260810 043600;4350.145000;4350.485000;4349.475000;4349.965000;0
20260810 043700;4349.985000;4350.335000;4349.385000;4350.005000;0
20260810 043800;4349.965000;4350.495000;4349.195000;4349.295000;0
20260810 043900;4349.175000;4349.245000;4347.955000;4348.075000;0
20260810 044000;4348.075000;4349.585000;4348.075000;4348.685000;0
20260810 044100;4348.695000;4348.795000;4346.895000;4347.685000;0
20260810 044200;4347.665000;4347.675000;4345.495000;4345.975000;0
20260810 044300;4346.095000;4346.805000;4345.825000;4345.955000;0
20260810 044400;4345.995000;4346.355000;4345.585000;4346.045000;0
20260810 044500;4346.065000;4346.265000;4345.395000;4346.015000;0
20260810 044600;4346.035000;4347.795000;4345.475000;4347.725000;0
20260810 044700;4347.695000;4348.805000;4347.395000;4348.165000;0
20260810 044800;4348.165000;4348.665000;4346.365000;4346.525000;0
20260810 044900;4346.525000;4346.635000;4346.065000;4346.075000;0
20260810 045000;4346.065000;4346.075000;4344.555000;4345.375000;0
20260810 045100;4345.255000;4347.655000;4344.855000;4347.205000;0
20260810 045200;4347.075000;4347.965000;4346.345000;4346.465000;0
20260810 045300;4346.465000;4347.455000;4346.095000;4346.785000;0
20260810 045400;4346.785000;4346.935000;4345.795000;4345.905000;0
20260810 045500;4346.035000;4346.555000;4345.845000;4346.105000;0
20260810 045600;4346.105000;4346.375000;4343.455000;4346.105000;0
20260810 045700;4346.135000;4346.215000;4345.015000;4345.645000;0
20260810 045800;4345.645000;4348.225000;4345.555000;4345.815000;0
20260810 045900;4345.805000;4346.745000;4345.155000;4346.295000;0
20260810 050000;4346.405000;4346.615000;4345.335000;4346.105000;0
20260810 050100;4346.215000;4347.325000;4346.085000;4346.455000;0
20260810 050200;4346.345000;4347.605000;4346.115000;4347.305000;0
20260810 050300;4347.205000;4347.755000;4346.415000;4347.285000;0
20260810 050400;4347.285000;4348.685000;4347.185000;4348.125000;0
20260810 050500;4348.125000;4348.775000;4347.485000;4348.665000;0
20260810 050600;4348.585000;4348.585000;4346.035000;4346.035000;0
20260810 050700;4345.835000;4347.365000;4345.635000;4346.865000;0
20260810 050800;4346.705000;4347.295000;4345.745000;4346.315000;0
20260810 050900;4346.315000;4347.875000;4346.205000;4347.665000;0
20260810 051000;4347.495000;4348.045000;4346.785000;4347.615000;0
20260810 051100;4347.455000;4349.705000;4347.385000;4349.455000;0
20260810 051200;4349.645000;4349.645000;4347.635000;4348.515000;0
20260810 051300;4348.545000;4349.755000;4348.065000;4349.225000;0
20260810 051400;4349.115000;4349.565000;4348.535000;4349.365000;0
20260810 051500;4349.515000;4349.515000;4347.815000;4348.535000;0
20260810 051600;4348.545000;4348.545000;4347.435000;4347.725000;0
20260810 051700;4347.625000;4348.435000;4347.525000;4348.035000;0
20260810 051800;4347.975000;4348.535000;4347.785000;4347.785000;0
20260810 051900;4347.685000;4347.885000;4345.845000;4347.185000;0
20260810 052000;4346.945000;4347.135000;4346.685000;4346.685000;0
20260810 052100;4346.765000;4347.715000;4346.765000;4347.265000;0
20260810 052200;4347.265000;4348.365000;4347.075000;4348.025000;0
20260810 052300;4348.025000;4348.305000;4347.415000;4347.975000;0
20260810 052400;4347.975000;4348.065000;4347.545000;4348.015000;0
20260810 052500;4347.875000;4348.295000;4347.265000;4348.165000;0
20260810 052600;4348.295000;4348.645000;4347.865000;4348.225000;0
20260810 052700;4348.225000;4348.435000;4346.495000;4346.765000;0
20260810 052800;4346.765000;4347.205000;4344.705000;4347.145000;0
20260810 052900;4347.145000;4347.475000;4346.455000;4346.905000;0
20260810 053000;4346.755000;4346.755000;4342.745000;4343.355000;0
20260810 053100;4343.495000;4343.495000;4342.035000;4342.565000;0
20260810 053200;4342.565000;4343.525000;4341.635000;4342.745000;0
20260810 053300;4342.635000;4345.215000;4341.745000;4345.145000;0
20260810 053400;4345.095000;4345.645000;4343.165000;4343.565000;0
20260810 053500;4343.615000;4343.865000;4342.315000;4343.085000;0
20260810 053600;4343.245000;4343.315000;4340.055000;4341.305000;0
20260810 053700;4341.355000;4342.575000;4340.715000;4342.175000;0
20260810 053800;4342.255000;4342.825000;4341.265000;4341.305000;0
20260810 053900;4341.375000;4342.025000;4341.375000;4341.715000;0
20260810 054000;4341.845000;4343.305000;4341.735000;4343.275000;0
20260810 054100;4343.295000;4343.855000;4342.935000;4343.485000;0
20260810 054200;4343.395000;4344.175000;4343.235000;4343.535000;0
20260810 054300;4343.235000;4344.225000;4343.235000;4343.815000;0
20260810 054400;4343.855000;4344.165000;4343.395000;4343.905000;0
20260810 054500;4343.875000;4344.365000;4343.535000;4344.225000;0
20260810 054600;4344.035000;4344.515000;4343.025000;4344.405000;0
20260810 054700;4344.405000;4344.405000;4343.725000;4343.895000;0
20260810 054800;4343.845000;4345.255000;4343.635000;4343.845000;0
20260810 054900;4343.375000;4343.375000;4341.655000;4342.245000;0
20260810 055000;4342.125000;4342.465000;4340.745000;4340.955000;0
20260810 055100;4341.085000;4341.575000;4340.815000;4341.555000;0
20260810 055200;4341.665000;4341.745000;4340.575000;4341.035000;0
20260810 055300;4340.935000;4341.805000;4340.935000;4341.585000;0
20260810 055400;4341.745000;4342.465000;4341.665000;4342.085000;0
20260810 055500;4342.085000;4342.985000;4341.755000;4342.985000;0
20260810 055600;4342.865000;4343.105000;4342.115000;4342.115000;0
20260810 055700;4342.065000;4342.425000;4341.765000;4341.815000;0
20260810 055800;4341.805000;4342.025000;4341.295000;4341.625000;0
20260810 055900;4341.615000;4342.165000;4340.865000;4340.905000;0
20260810 060000;4340.785000;4340.895000;4339.445000;4340.345000;0
20260810 060100;4340.345000;4341.175000;4339.335000;4340.325000;0
20260810 060200;4340.185000;4340.305000;4339.255000;4339.415000;0
20260810 060300;4339.595000;4339.995000;4338.915000;4339.995000;0
20260810 060400;4339.945000;4340.325000;4339.785000;4340.185000;0
20260810 060500;4340.235000;4340.495000;4339.555000;4340.255000;0
20260810 060600;4340.405000;4340.655000;4339.875000;4340.175000;0
20260810 060700;4340.135000;4341.195000;4340.065000;4340.295000;0
20260810 060800;4340.355000;4340.865000;4339.815000;4340.155000;0
20260810 060900;4340.155000;4341.335000;4339.835000;4340.135000;0
20260810 061000;4340.135000;4340.345000;4339.305000;4339.475000;0
20260810 061100;4339.445000;4340.225000;4339.335000;4339.785000;0
20260810 061200;4339.975000;4340.485000;4339.375000;4340.345000;0
20260810 061300;4340.295000;4340.675000;4339.925000;4340.465000;0
20260810 061400;4340.275000;4340.735000;4339.855000;4340.505000;0
20260810 061500;4340.445000;4340.725000;4339.765000;4340.145000;0
20260810 061600;4339.945000;4340.575000;4339.595000;4339.595000;0
20260810 061700;4339.745000;4340.745000;4339.685000;4340.085000;0
20260810 061800;4339.955000;4340.235000;4339.045000;4340.115000;0
20260810 061900;4340.115000;4341.435000;4339.865000;4341.215000;0
20260810 062000;4341.215000;4342.075000;4340.845000;4341.355000;0
20260810 062100;4341.365000;4343.085000;4340.765000;4342.925000;0
20260810 062200;4343.045000;4344.005000;4342.895000;4343.615000;0
20260810 062300;4343.615000;4344.035000;4343.275000;4343.385000;0
20260810 062400;4343.385000;4343.645000;4342.365000;4342.925000;0
20260810 062500;4343.035000;4343.255000;4342.425000;4342.985000;0
20260810 062600;4342.835000;4343.075000;4342.105000;4342.535000;0
20260810 062700;4342.645000;4343.085000;4341.805000;4341.945000;0
20260810 062800;4341.755000;4343.045000;4341.755000;4342.755000;0
20260810 062900;4342.785000;4343.655000;4342.785000;4343.495000;0
20260810 063000;4343.395000;4344.055000;4342.665000;4343.235000;0
20260810 063100;4343.235000;4343.375000;4341.935000;4342.485000;0
20260810 063200;4342.465000;4343.015000;4341.535000;4341.535000;0
20260810 063300;4341.425000;4341.545000;4340.695000;4341.265000;0
20260810 063400;4341.265000;4342.005000;4340.245000;4341.985000;0
20260810 063500;4341.885000;4342.175000;4340.515000;4340.515000;0
20260810 063600;4340.515000;4340.895000;4340.145000;4340.775000;0
20260810 063700;4340.775000;4340.775000;4338.715000;4339.285000;0
20260810 063800;4339.265000;4340.105000;4338.155000;4339.945000;0
20260810 063900;4339.845000;4341.055000;4339.375000;4339.375000;0
20260810 064000;4339.585000;4339.905000;4338.735000;4338.825000;0
20260810 064100;4338.885000;4339.305000;4338.135000;4338.365000;0
20260810 064200;4338.295000;4338.925000;4338.185000;4338.405000;0
20260810 064300;4338.185000;4338.895000;4337.695000;4337.695000;0
20260810 064400;4337.815000;4338.305000;4337.595000;4337.595000;0
20260810 064500;4337.585000;4338.235000;4337.525000;4337.615000;0
20260810 064600;4337.755000;4338.855000;4337.275000;4338.845000;0
20260810 064700;4338.845000;4339.255000;4337.855000;4337.855000;0
20260810 064800;4337.745000;4338.365000;4337.665000;4338.345000;0
20260810 064900;4338.355000;4339.115000;4337.345000;4338.045000;0
20260810 065000;4338.055000;4339.105000;4337.895000;4338.725000;0
20260810 065100;4338.735000;4339.265000;4338.335000;4339.255000;0
20260810 065200;4339.205000;4340.315000;4338.795000;4339.565000;0
20260810 065300;4339.695000;4339.935000;4337.355000;4337.715000;0
20260810 065400;4337.935000;4338.165000;4337.465000;4338.055000;0
20260810 065500;4338.155000;4338.275000;4337.245000;4337.605000;0
20260810 065600;4337.585000;4339.235000;4337.425000;4338.345000;0
20260810 065700;4338.295000;4339.105000;4337.875000;4337.875000;0
20260810 065800;4337.735000;4337.875000;4335.455000;4335.455000;0
20260810 065900;4335.545000;4336.065000;4335.265000;4335.535000;0
20260810 070000;4335.565000;4336.625000;4334.945000;4335.295000;0
20260810 070100;4335.325000;4336.135000;4334.715000;4335.675000;0
20260810 070200;4335.645000;4336.325000;4334.595000;4336.295000;0
20260810 070300;4336.375000;4336.385000;4334.865000;4335.375000;0
20260810 070400;4335.305000;4335.515000;4334.235000;4334.355000;0
20260810 070500;4334.285000;4335.025000;4334.195000;4334.635000;0
20260810 070600;4334.735000;4335.415000;4333.875000;4334.105000;0
20260810 070700;4334.025000;4334.885000;4333.795000;4334.345000;0
20260810 070800;4334.345000;4334.785000;4333.525000;4333.825000;0
20260810 070900;4334.115000;4334.215000;4332.955000;4333.845000;0
20260810 071000;4333.845000;4333.845000;4333.065000;4333.385000;0
20260810 071100;4333.285000;4333.595000;4332.965000;4333.245000;0
20260810 071200;4333.555000;4333.945000;4332.435000;4332.645000;0
20260810 071300;4332.675000;4332.745000;4329.285000;4330.045000;0
20260810 071400;4330.015000;4331.535000;4329.675000;4331.425000;0
20260810 071500;4331.265000;4331.265000;4329.585000;4330.075000;0
20260810 071600;4330.075000;4330.335000;4329.555000;4330.195000;0
20260810 071700;4330.215000;4330.235000;4329.095000;4329.665000;0
20260810 071800;4329.855000;4329.905000;4328.655000;4328.885000;0
20260810 071900;4328.935000;4330.575000;4328.905000;4329.675000;0
20260810 072000;4329.545000;4330.075000;4328.685000;4328.925000;0
20260810 072100;4329.055000;4331.585000;4328.955000;4331.525000;0
20260810 072200;4331.625000;4333.035000;4331.585000;4332.205000;0
20260810 072300;4332.075000;4333.045000;4331.805000;4332.835000;0
20260810 072400;4332.845000;4333.595000;4332.775000;4332.985000;0
20260810 072500;4332.905000;4335.745000;4332.835000;4335.435000;0
20260810 072600;4335.415000;4336.155000;4334.665000;4334.835000;0
20260810 072700;4334.845000;4335.195000;4333.925000;4335.085000;0
20260810 072800;4334.955000;4334.955000;4333.355000;4334.485000;0
20260810 072900;4334.505000;4335.585000;4334.285000;4334.545000;0
20260810 073000;4334.435000;4335.265000;4334.365000;4335.055000;0
20260810 073100;4334.955000;4338.595000;4334.925000;4338.285000;0
20260810 073200;4338.435000;4339.015000;4338.165000;4338.435000;0
20260810 073300;4338.195000;4338.365000;4337.335000;4337.715000;0
20260810 073400;4337.845000;4338.095000;4337.335000;4337.475000;0
20260810 073500;4337.475000;4337.685000;4335.745000;4335.745000;0
20260810 073600;4335.925000;4336.445000;4335.475000;4335.485000;0
20260810 073700;4335.505000;4336.375000;4335.505000;4336.375000;0
20260810 073800;4336.505000;4338.185000;4335.225000;4338.075000;0
20260810 073900;4338.015000;4339.245000;4337.845000;4338.955000;0
20260810 074000;4338.875000;4339.135000;4337.375000;4337.375000;0
20260810 074100;4337.495000;4337.495000;4336.465000;4337.035000;0
20260810 074200;4336.845000;4337.815000;4336.535000;4336.665000;0
20260810 074300;4336.665000;4337.295000;4336.235000;4336.715000;0
20260810 074400;4336.715000;4337.675000;4336.715000;4337.225000;0
20260810 074500;4337.245000;4337.695000;4336.175000;4336.805000;0
20260810 074600;4336.805000;4337.225000;4336.285000;4336.965000;0
20260810 074700;4336.835000;4337.355000;4336.045000;4336.045000;0
20260810 074800;4335.935000;4336.615000;4333.275000;4333.385000;0
20260810 074900;4333.535000;4333.915000;4331.945000;4332.605000;0
20260810 075000;4332.735000;4333.945000;4331.985000;4333.945000;0
20260810 075100;4333.945000;4335.595000;4333.905000;4335.385000;0
20260810 075200;4335.385000;4335.875000;4334.635000;4335.105000;0
20260810 075300;4335.245000;4335.765000;4335.245000;4335.475000;0
20260810 075400;4335.375000;4335.655000;4334.835000;4334.835000;0
20260810 075500;4334.865000;4335.585000;4334.375000;4335.485000;0
20260810 075600;4335.605000;4335.605000;4333.955000;4334.065000;0
20260810 075700;4334.385000;4334.735000;4333.255000;4334.305000;0
20260810 075800;4334.445000;4336.035000;4334.445000;4335.345000;0
20260810 075900;4335.345000;4335.365000;4334.125000;4334.805000;0
20260810 080000;4334.685000;4334.785000;4332.275000;4332.445000;0
20260810 080100;4332.585000;4334.735000;4332.495000;4334.325000;0
20260810 080200;4334.415000;4334.415000;4332.765000;4333.215000;0
20260810 080300;4333.125000;4333.455000;4332.535000;4333.045000;0
20260810 080400;4332.865000;4334.235000;4332.655000;4333.625000;0
20260810 080500;4333.505000;4334.535000;4333.505000;4333.555000;0
20260810 080600;4333.575000;4334.125000;4331.875000;4332.675000;0
20260810 080700;4332.535000;4337.395000;4332.095000;4335.835000;0
20260810 080800;4335.835000;4336.045000;4333.695000;4334.125000;0
20260810 080900;4334.155000;4335.155000;4333.855000;4334.815000;0
20260810 081000;4334.925000;4335.195000;4334.055000;4334.295000;0
20260810 081100;4334.265000;4334.265000;4332.275000;4332.375000;0
20260810 081200;4332.385000;4333.295000;4332.335000;4333.195000;0
20260810 081300;4333.195000;4333.315000;4330.915000;4331.195000;0
20260810 081400;4331.345000;4331.795000;4330.925000;4331.525000;0
20260810 081500;4331.675000;4332.305000;4331.015000;4331.525000;0
20260810 081600;4331.455000;4331.455000;4329.984000;4329.984000;0
20260810 081700;4329.415000;4330.295000;4328.375000;4330.015000;0
20260810 081800;4330.055000;4330.315000;4328.925000;4329.435000;0
20260810 081900;4328.915000;4329.695000;4328.225000;4328.455000;0
20260810 082000;4328.895000;4330.945000;4328.495000;4329.705000;0
20260810 082100;4329.755000;4329.955000;4328.105000;4328.425000;0
20260810 082200;4328.465000;4329.185000;4327.515000;4328.475000;0
20260810 082300;4328.475000;4328.605000;4326.735000;4326.975000;0
20260810 082400;4326.865000;4327.685000;4326.265000;4327.205000;0
20260810 082500;4327.205000;4327.465000;4326.195000;4326.955000;0
20260810 082600;4327.155000;4327.325000;4323.915000;4325.395000;0
20260810 082700;4325.395000;4327.185000;4325.005000;4326.635000;0
20260810 082800;4326.635000;4327.545000;4325.925000;4327.105000;0
20260810 082900;4327.245000;4327.765000;4326.845000;4327.635000;0
20260810 083000;4327.525000;4330.135000;4326.105000;4329.095000;0
20260810 083100;4329.095000;4331.185000;4328.715000;4331.065000;0
20260810 083200;4331.355000;4331.355000;4329.725000;4330.255000;0
20260810 083300;4330.255000;4330.655000;4328.375000;4328.635000;0
20260810 083400;4328.635000;4328.655000;4326.975000;4327.525000;0
20260810 083500;4327.325000;4328.295000;4326.195000;4328.095000;0
20260810 083600;4328.225000;4330.375000;4328.075000;4330.005000;0
20260810 083700;4330.145000;4331.065000;4329.515000;4331.065000;0
20260810 083800;4330.935000;4332.145000;4330.825000;4331.565000;0
20260810 083900;4331.445000;4331.705000;4329.455000;4330.905000;0
20260810 084000;4331.075000;4331.685000;4330.045000;4331.455000;0
20260810 084100;4331.355000;4332.385000;4330.095000;4331.965000;0
20260810 084200;4331.825000;4332.225000;4330.735000;4332.015000;0
20260810 084300;4332.015000;4332.015000;4329.275000;4330.075000;0
20260810 084400;4329.715000;4330.425000;4328.725000;4328.985000;0
20260810 084500;4328.865000;4331.215000;4328.545000;4331.075000;0
20260810 084600;4331.205000;4331.205000;4329.615000;4330.615000;0
20260810 084700;4330.755000;4331.795000;4330.335000;4331.395000;0
20260810 084800;4331.555000;4332.735000;4331.265000;4332.475000;0
20260810 084900;4332.645000;4333.045000;4331.225000;4331.735000;0
20260810 085000;4331.605000;4331.715000;4329.535000;4329.835000;0
20260810 085100;4329.945000;4331.255000;4329.575000;4331.255000;0
20260810 085200;4331.265000;4332.385000;4331.025000;4331.955000;0
20260810 085300;4331.955000;4332.935000;4330.955000;4331.085000;0
20260810 085400;4331.195000;4332.465000;4330.855000;4331.535000;0
20260810 085500;4331.535000;4333.485000;4330.215000;4333.215000;0
20260810 085600;4333.525000;4335.495000;4333.525000;4334.465000;0
20260810 085700;4334.215000;4334.685000;4333.785000;4334.265000;0
20260810 085800;4334.265000;4335.315000;4334.055000;4335.015000;0
20260810 085900;4334.915000;4334.915000;4331.815000;4332.195000;0
20260810 090000;4332.305000;4334.365000;4329.655000;4330.275000;0
20260810 090100;4330.295000;4332.035000;4329.945000;4330.745000;0
20260810 090200;4330.885000;4331.125000;4325.815000;4326.635000;0
20260810 090300;4326.505000;4328.565000;4326.505000;4328.565000;0
20260810 090400;4328.585000;4329.255000;4326.885000;4329.015000;0
20260810 090500;4329.015000;4331.195000;4328.095000;4330.485000;0
20260810 090600;4330.485000;4332.035000;4329.605000;4329.735000;0
20260810 090700;4329.735000;4331.295000;4329.735000;4330.775000;0
20260810 090800;4331.005000;4331.355000;4329.605000;4330.625000;0
20260810 090900;4330.625000;4334.305000;4330.395000;4334.115000;0
20260810 091000;4334.235000;4335.435000;4333.575000;4334.825000;0
20260810 091100;4334.825000;4337.055000;4334.825000;4336.665000;0
20260810 091200;4336.525000;4337.285000;4335.585000;4335.585000;0
20260810 091300;4335.635000;4337.145000;4334.755000;4337.115000;0
20260810 091400;4337.115000;4337.675000;4335.835000;4337.055000;0
20260810 091500;4337.055000;4337.245000;4335.465000;4337.115000;0
20260810 091600;4337.115000;4337.215000;4335.785000;4336.375000;0
20260810 091700;4336.185000;4337.505000;4335.155000;4336.965000;0
20260810 091800;4336.965000;4336.965000;4334.315000;4335.205000;0
20260810 091900;4335.105000;4335.325000;4334.055000;4335.185000;0
20260810 092000;4334.975000;4335.745000;4334.055000;4334.485000;0
20260810 092100;4334.645000;4336.465000;4334.145000;4334.595000;0
20260810 092200;4334.795000;4335.265000;4329.825000;4329.915000;0
20260810 092300;4329.915000;4330.725000;4329.045000;4330.205000;0
20260810 092400;4330.205000;4331.045000;4329.055000;4330.525000;0
20260810 092500;4330.475000;4332.745000;4330.055000;4332.485000;0
20260810 092600;4332.485000;4334.015000;4331.265000;4333.475000;0
20260810 092700;4333.325000;4334.285000;4332.225000;4332.535000;0
20260810 092800;4332.705000;4333.265000;4332.325000;4332.665000;0
20260810 092900;4332.735000;4335.015000;4332.625000;4334.785000;0
20260810 093000;4334.915000;4337.915000;4333.785000;4336.245000;0
20260810 093100;4336.145000;4336.595000;4331.745000;4333.315000;0
20260810 093200;4333.115000;4336.095000;4332.455000;4335.765000;0
20260810 093300;4335.665000;4336.805000;4334.565000;4336.185000;0
20260810 093400;4336.325000;4338.365000;4334.595000;4336.765000;0
20260810 093500;4336.725000;4338.435000;4336.085000;4337.185000;0
20260810 093600;4337.185000;4339.175000;4336.615000;4338.585000;0
20260810 093700;4338.405000;4339.445000;4337.205000;4337.605000;0
20260810 093800;4337.495000;4339.675000;4336.215000;4338.185000;0
20260810 093900;4338.135000;4338.745000;4337.125000;4337.925000;0
20260810 094000;4337.915000;4338.215000;4334.695000;4334.945000;0
20260810 094100;4334.735000;4337.195000;4334.685000;4336.135000;0
20260810 094200;4336.035000;4336.465000;4334.365000;4335.305000;0
20260810 094300;4335.195000;4335.795000;4332.255000;4332.255000;0
20260810 094400;4332.175000;4332.655000;4329.765000;4330.565000;0
20260810 094500;4330.605000;4331.735000;4329.965000;4330.005000;0
20260810 094600;4330.155000;4330.155000;4326.425000;4327.075000;0
20260810 094700;4327.075000;4329.645000;4324.875000;4328.995000;0
20260810 094800;4329.015000;4330.915000;4327.865000;4330.745000;0
20260810 094900;4330.635000;4330.815000;4325.535000;4327.355000;0
20260810 095000;4327.355000;4328.165000;4325.525000;4326.965000;0
20260810 095100;4326.935000;4327.245000;4323.625000;4325.955000;0
20260810 095200;4326.095000;4326.095000;4320.905000;4324.915000;0
20260810 095300;4324.915000;4325.895000;4322.295000;4324.515000;0
20260810 095400;4324.185000;4324.525000;4322.005000;4322.945000;0
20260810 095500;4323.015000;4324.725000;4322.785000;4324.085000;0
20260810 095600;4323.955000;4324.005000;4320.705000;4321.005000;0
20260810 095700;4321.065000;4321.445000;4319.285000;4319.585000;0
20260810 095800;4319.455000;4320.615000;4316.935000;4317.075000;0
20260810 095900;4317.125000;4317.965000;4316.305000;4317.745000;0
20260810 100000;4317.805000;4323.035000;4317.745000;4322.365000;0
20260810 100100;4322.485000;4325.185000;4322.065000;4325.045000;0
20260810 100200;4325.045000;4325.365000;4323.725000;4324.895000;0
20260810 100300;4324.635000;4324.925000;4322.855000;4323.355000;0
20260810 100400;4323.615000;4324.615000;4322.695000;4323.135000;0
20260810 100500;4323.305000;4324.925000;4321.525000;4321.725000;0
20260810 100600;4321.625000;4325.605000;4321.555000;4325.195000;0
20260810 100700;4325.325000;4326.315000;4323.825000;4325.505000;0
20260810 100800;4325.405000;4326.065000;4323.915000;4324.465000;0
20260810 100900;4324.565000;4325.565000;4323.915000;4324.175000;0
20260810 101000;4324.195000;4326.305000;4324.195000;4325.655000;0
20260810 101100;4325.915000;4327.295000;4325.045000;4326.725000;0
20260810 101200;4326.725000;4327.745000;4326.255000;4327.245000;0
20260810 101300;4327.245000;4329.905000;4326.825000;4329.825000;0
20260810 101400;4329.825000;4331.065000;4329.575000;4329.885000;0
20260810 101500;4330.035000;4331.025000;4328.345000;4329.505000;0
20260810 101600;4329.375000;4332.195000;4329.065000;4331.635000;0
20260810 101700;4331.635000;4333.145000;4331.605000;4333.045000;0
20260810 101800;4333.045000;4336.225000;4332.905000;4335.225000;0
20260810 101900;4335.375000;4335.425000;4333.315000;4333.835000;0
20260810 102000;4333.935000;4335.155000;4333.485000;4334.635000;0
20260810 102100;4334.635000;4334.705000;4332.265000;4333.025000;0
20260810 102200;4333.035000;4338.185000;4333.035000;4338.055000;0
20260810 102300;4338.025000;4339.915000;4337.525000;4339.065000;0
20260810 102400;4339.165000;4339.845000;4336.715000;4338.095000;0
20260810 102500;4338.245000;4341.865000;4338.055000;4341.215000;0
20260810 102600;4341.275000;4345.575000;4341.275000;4345.305000;0
20260810 102700;4345.305000;4347.475000;4344.565000;4345.215000;0
20260810 102800;4345.345000;4347.885000;4344.415000;4346.695000;0
20260810 102900;4346.545000;4347.955000;4345.205000;4345.355000;0
20260810 103000;4345.205000;4345.205000;4345.205000;4345.205000;0
20260810 102900;4345.245000;4345.245000;4345.245000;4345.245000;0
20260810 103000;4345.145000;4347.625000;4345.145000;4347.045000;0
20260810 103100;4347.075000;4349.615000;4347.075000;4348.775000;0
20260810 103200;4348.675000;4351.435000;4347.785000;4348.195000;0
20260810 103300;4348.165000;4348.225000;4345.265000;4345.625000;0
20260810 103400;4345.625000;4347.865000;4345.055000;4347.345000;0
20260810 103500;4347.345000;4348.445000;4345.255000;4345.255000;0
20260810 103600;4345.155000;4345.795000;4344.425000;4345.505000;0
20260810 103700;4345.525000;4347.225000;4345.105000;4347.205000;0
20260810 103800;4347.375000;4348.785000;4346.025000;4346.025000;0
20260810 103900;4346.145000;4347.255000;4344.835000;4346.205000;0
20260810 104000;4346.155000;4347.895000;4345.785000;4346.425000;0
20260810 104100;4346.575000;4349.655000;4346.305000;4349.035000;0
20260810 104200;4349.055000;4349.845000;4348.575000;4349.405000;0
20260810 104300;4349.305000;4349.795000;4347.485000;4347.625000;0
20260810 104400;4347.895000;4349.425000;4347.495000;4349.225000;0
20260810 104500;4349.225000;4350.485000;4348.915000;4350.355000;0
20260810 104600;4350.355000;4350.495000;4348.205000;4348.205000;0
20260810 104700;4348.315000;4348.755000;4347.465000;4347.555000;0
20260810 104800;4347.565000;4347.835000;4345.865000;4346.195000;0
20260810 104900;4346.345000;4348.065000;4346.025000;4347.245000;0
20260810 105000;4347.095000;4347.355000;4344.345000;4344.695000;0
20260810 105100;4344.805000;4345.475000;4343.505000;4344.155000;0
20260810 105200;4343.965000;4345.365000;4343.945000;4345.105000;0
20260810 105300;4345.285000;4345.665000;4343.615000;4343.665000;0
20260810 105400;4343.735000;4343.945000;4342.355000;4342.725000;0
20260810 105500;4342.945000;4343.665000;4342.485000;4343.355000;0
20260810 105600;4343.515000;4345.295000;4343.335000;4344.225000;0
20260810 105700;4344.225000;4344.265000;4342.815000;4343.825000;0
20260810 105800;4343.655000;4345.065000;4343.425000;4344.915000;0
20260810 105900;4344.795000;4345.465000;4344.115000;4345.185000;0
20260810 110000;4345.365000;4346.555000;4343.865000;4344.005000;0
20260810 110100;4344.005000;4344.565000;4343.265000;4343.415000;0
20260810 110200;4343.305000;4344.685000;4343.305000;4344.565000;0
20260810 110300;4344.515000;4348.995000;4344.345000;4348.885000;0
20260810 110400;4348.915000;4349.135000;4347.155000;4347.305000;0
20260810 110500;4347.305000;4348.175000;4346.085000;4346.725000;0
20260810 110600;4346.775000;4349.885000;4346.645000;4349.595000;0
20260810 110700;4349.595000;4351.935000;4349.135000;4350.415000;0
20260810 110800;4350.415000;4350.515000;4345.145000;4345.265000;0
20260810 110900;4345.265000;4345.265000;4343.095000;4344.675000;0
20260810 111000;4344.545000;4345.775000;4343.375000;4344.795000;0
20260810 111100;4344.745000;4347.405000;4344.745000;4345.745000;0
20260810 111200;4345.705000;4346.645000;4345.335000;4346.105000;0
20260810 111300;4346.285000;4346.995000;4345.685000;4346.115000;0
20260810 111400;4346.235000;4347.185000;4346.045000;4346.645000;0
20260810 111500;4346.675000;4349.355000;4345.645000;4348.375000;0
20260810 111600;4348.415000;4349.395000;4348.045000;4348.265000;0
20260810 111700;4348.295000;4349.985000;4348.265000;4349.705000;0
20260810 111800;4349.825000;4351.075000;4349.075000;4350.785000;0
20260810 111900;4350.685000;4351.885000;4348.565000;4349.415000;0
20260810 112000;4349.415000;4352.125000;4349.245000;4351.495000;0
20260810 112100;4351.465000;4351.595000;4350.315000;4350.505000;0
20260810 112200;4350.615000;4350.855000;4348.855000;4349.505000;0
20260810 112300;4349.585000;4350.665000;4349.075000;4349.345000;0
20260810 112400;4349.335000;4350.025000;4348.815000;4349.175000;0
20260810 112500;4349.285000;4349.775000;4347.845000;4348.005000;0
20260810 112600;4348.005000;4348.415000;4347.065000;4347.585000;0
20260810 112700;4347.525000;4349.305000;4347.315000;4348.665000;0
20260810 112800;4348.635000;4351.015000;4348.405000;4350.885000;0
20260810 112900;4350.825000;4350.825000;4348.265000;4348.975000;0
20260810 113000;4349.165000;4351.155000;4348.385000;4349.745000;0
20260810 113100;4349.645000;4350.635000;4349.205000;4350.515000;0
20260810 113200;4350.435000;4351.195000;4348.725000;4349.555000;0
20260810 113300;4349.685000;4349.935000;4348.465000;4348.975000;0
20260810 113400;4348.945000;4349.455000;4347.605000;4347.765000;0
20260810 113500;4347.765000;4351.835000;4347.715000;4350.775000;0
20260810 113600;4350.695000;4351.515000;4350.375000;4351.315000;0
20260810 113700;4351.435000;4351.555000;4349.935000;4349.935000;0
20260810 113800;4350.055000;4351.325000;4349.575000;4350.765000;0
20260810 113900;4350.625000;4350.945000;4348.395000;4350.065000;0
20260810 114000;4350.085000;4351.235000;4349.705000;4350.775000;0
20260810 114100;4350.915000;4351.155000;4349.355000;4350.415000;0
20260810 114200;4350.415000;4351.385000;4349.385000;4351.135000;0
20260810 114300;4351.305000;4351.355000;4350.065000;4350.835000;0
20260810 114400;4351.035000;4351.035000;4349.245000;4350.055000;0
20260810 114500;4350.095000;4350.735000;4348.405000;4348.545000;0
20260810 114600;4348.545000;4351.615000;4348.425000;4349.935000;0
20260810 114700;4350.125000;4351.535000;4349.665000;4351.535000;0
20260810 114800;4351.535000;4353.005000;4351.445000;4352.665000;0
20260810 114900;4352.725000;4352.955000;4351.475000;4352.005000;0
20260810 115000;4352.015000;4354.055000;4351.935000;4353.895000;0
20260810 115100;4353.665000;4356.455000;4353.665000;4355.005000;0
20260810 115200;4355.045000;4356.445000;4354.815000;4356.135000;0
20260810 115300;4356.295000;4357.155000;4355.845000;4356.095000;0
20260810 115400;4356.105000;4357.215000;4355.965000;4356.855000;0
20260810 115500;4356.745000;4357.525000;4356.165000;4356.585000;0
20260810 115600;4356.555000;4357.325000;4356.305000;4356.705000;0
20260810 115700;4356.635000;4357.175000;4356.225000;4357.105000;0
20260810 115800;4357.095000;4358.605000;4356.775000;4358.105000;0
20260810 115900;4358.215000;4359.335000;4357.995000;4358.175000;0
20260810 120000;4358.205000;4359.655000;4358.105000;4359.545000;0
20260810 120100;4359.585000;4360.045000;4358.015000;4359.445000;0
20260810 120200;4359.545000;4362.895000;4359.345000;4362.825000;0
20260810 120300;4362.835000;4363.935000;4360.315000;4360.875000;0
20260810 120400;4360.985000;4360.985000;4357.745000;4357.885000;0
20260810 120500;4358.095000;4359.025000;4357.905000;4358.325000;0
20260810 120600;4358.295000;4358.385000;4356.575000;4356.965000;0
20260810 120700;4357.135000;4359.215000;4357.055000;4359.185000;0
20260810 120800;4359.295000;4361.345000;4359.095000;4360.205000;0
20260810 120900;4360.205000;4363.255000;4360.205000;4363.135000;0
20260810 121000;4363.005000;4364.495000;4362.585000;4363.525000;0
20260810 121100;4363.435000;4364.425000;4362.865000;4364.075000;0
20260810 121200;4364.195000;4364.195000;4362.635000;4363.065000;0
20260810 121300;4362.935000;4362.965000;4361.055000;4361.755000;0
20260810 121400;4361.715000;4361.845000;4361.015000;4361.185000;0
20260810 121500;4361.225000;4361.615000;4360.695000;4361.315000;0
20260810 121600;4361.315000;4362.305000;4361.125000;4361.475000;0
20260810 121700;4361.505000;4362.965000;4361.265000;4361.765000;0
20260810 121800;4361.695000;4362.955000;4361.475000;4362.005000;0
20260810 121900;4362.005000;4362.475000;4361.125000;4361.175000;0
20260810 122000;4361.405000;4363.865000;4361.315000;4363.615000;0
20260810 122100;4363.545000;4363.925000;4363.105000;4363.675000;0
20260810 122200;4363.645000;4363.855000;4361.955000;4362.515000;0
20260810 122300;4362.665000;4363.125000;4361.455000;4362.345000;0
20260810 122400;4362.415000;4363.565000;4362.415000;4363.015000;0
20260810 122500;4363.235000;4364.415000;4362.765000;4363.065000;0
20260810 122600;4363.165000;4363.585000;4362.385000;4362.715000;0
20260810 122700;4362.715000;4363.415000;4362.435000;4362.475000;0
20260810 122800;4362.515000;4363.405000;4362.355000;4362.445000;0
20260810 122900;4362.515000;4362.705000;4361.505000;4362.335000;0
20260810 123000;4362.445000;4362.805000;4360.635000;4360.765000;0
20260810 123100;4360.815000;4362.405000;4352.885000;4352.885000;0
20260810 123200;4352.365000;4352.365000;4352.365000;4352.365000;0
20260810 123100;4352.065000;4352.065000;4352.065000;4352.065000;0
20260810 123200;4352.185000;4357.085000;4348.865000;4355.845000;0
20260810 123300;4355.845000;4356.495000;4353.655000;4355.975000;0
20260810 123400;4355.975000;4356.695000;4354.675000;4355.965000;0
20260810 123500;4356.265000;4358.835000;4356.125000;4358.385000;0
20260810 123600;4358.285000;4358.385000;4357.305000;4357.985000;0
20260810 123700;4357.985000;4358.535000;4357.245000;4357.925000;0
20260810 123800;4357.925000;4358.495000;4357.055000;4357.425000;0
20260810 123900;4357.525000;4357.735000;4354.415000;4354.855000;0
20260810 124000;4355.055000;4356.125000;4354.515000;4355.615000;0
20260810 124100;4355.725000;4356.405000;4352.625000;4352.795000;0
20260810 124200;4352.795000;4353.135000;4351.555000;4351.935000;0
20260810 124300;4352.055000;4352.665000;4350.845000;4351.505000;0
20260810 124400;4351.405000;4352.155000;4350.795000;4351.545000;0
20260810 124500;4351.695000;4353.725000;4351.445000;4352.635000;0
20260810 124600;4352.635000;4354.675000;4352.455000;4354.355000;0
20260810 124700;4354.215000;4354.915000;4352.725000;4354.605000;0
20260810 124800;4354.385000;4354.565000;4352.155000;4352.295000;0
20260810 124900;4352.455000;4353.175000;4351.785000;4352.975000;0
20260810 125000;4353.055000;4353.555000;4352.555000;4353.035000;0
20260810 125100;4352.925000;4353.455000;4352.115000;4352.915000;0
20260810 125200;4353.055000;4353.855000;4353.035000;4353.535000;0
20260810 125300;4353.425000;4353.425000;4351.845000;4352.375000;0
20260810 125400;4352.215000;4353.685000;4351.865000;4353.415000;0
20260810 125500;4353.445000;4353.965000;4352.695000;4353.325000;0
20260810 125600;4353.215000;4353.345000;4351.835000;4352.955000;0
20260810 125700;4352.995000;4354.275000;4352.685000;4354.245000;0
20260810 125800;4353.935000;4355.755000;4353.745000;4355.645000;0
20260810 125900;4355.645000;4356.915000;4355.085000;4356.605000;0
20260810 130000;4356.825000;4357.595000;4356.395000;4356.665000;0
20260810 130100;4356.225000;4357.455000;4355.935000;4356.485000;0
20260810 130200;4356.485000;4357.155000;4356.045000;4356.155000;0
20260810 130300;4356.045000;4356.485000;4354.895000;4355.055000;0
20260810 130400;4355.055000;4355.055000;4353.915000;4354.225000;0
20260810 130500;4354.225000;4354.405000;4353.055000;4353.505000;0
20260810 130600;4353.385000;4353.675000;4351.385000;4352.975000;0
20260810 130700;4352.945000;4353.615000;4352.535000;4353.265000;0
20260810 130800;4353.155000;4355.505000;4353.155000;4355.145000;0
20260810 130900;4355.255000;4357.025000;4354.825000;4355.675000;0
20260810 131000;4355.785000;4357.085000;4355.165000;4356.565000;0
20260810 131100;4356.485000;4356.745000;4356.205000;4356.485000;0
20260810 131200;4356.515000;4357.155000;4356.355000;4356.815000;0
20260810 131300;4356.815000;4358.145000;4356.535000;4357.835000;0
20260810 131400;4357.655000;4357.775000;4356.585000;4356.945000;0
20260810 131500;4356.805000;4357.175000;4356.285000;4356.465000;0
20260810 131600;4356.465000;4356.655000;4356.035000;4356.345000;0
20260810 131700;4356.485000;4358.025000;4356.485000;4357.475000;0
20260810 131800;4357.495000;4357.905000;4356.155000;4356.555000;0
20260810 131900;4356.595000;4357.505000;4356.435000;4357.015000;0
20260810 132000;4357.125000;4358.425000;4356.955000;4357.385000;0
20260810 132100;4357.495000;4358.425000;4357.375000;4357.595000;0
20260810 132200;4357.785000;4359.685000;4357.655000;4359.385000;0
20260810 132300;4359.565000;4360.055000;4359.155000;4359.685000;0
20260810 132400;4359.695000;4360.125000;4359.105000;4359.765000;0
20260810 132500;4359.695000;4359.895000;4358.375000;4358.755000;0
20260810 132600;4358.645000;4359.475000;4358.445000;4358.645000;0
20260810 132700;4358.795000;4360.125000;4358.615000;4359.585000;0
20260810 132800;4359.505000;4360.175000;4358.855000;4359.925000;0
20260810 132900;4359.955000;4361.165000;4359.185000;4361.015000;0
20260810 133000;4361.015000;4361.495000;4360.625000;4360.985000;0
20260810 133100;4360.815000;4361.185000;4360.195000;4361.175000;0
20260810 133200;4361.145000;4361.455000;4359.525000;4361.265000;0
20260810 133300;4361.385000;4361.945000;4361.005000;4361.625000;0
20260810 133400;4361.745000;4362.605000;4361.745000;4362.005000;0
20260810 133500;4362.055000;4363.195000;4361.935000;4362.685000;0
20260810 133600;4362.655000;4363.595000;4362.585000;4363.065000;0
20260810 133700;4363.175000;4363.595000;4362.715000;4363.215000;0
20260810 133800;4363.155000;4363.685000;4362.125000;4363.645000;0
20260810 133900;4363.685000;4365.195000;4363.345000;4363.625000;0
20260810 134000;4363.555000;4363.735000;4362.345000;4362.885000;0
20260810 134100;4362.925000;4363.405000;4362.745000;4362.885000;0
20260810 134200;4362.885000;4363.535000;4361.295000;4361.715000;0
20260810 134300;4361.755000;4361.885000;4359.925000;4359.995000;0
20260810 134400;4360.055000;4360.405000;4359.295000;4359.975000;0
20260810 134500;4360.015000;4360.125000;4357.765000;4357.765000;0
20260810 134600;4357.925000;4358.485000;4357.415000;4357.945000;0
20260810 134700;4357.885000;4358.735000;4357.825000;4358.565000;0
20260810 134800;4358.635000;4359.615000;4357.715000;4359.575000;0
20260810 134900;4359.655000;4360.625000;4359.655000;4360.355000;0
20260810 135000;4360.255000;4361.005000;4359.715000;4360.125000;0
20260810 135100;4360.205000;4360.205000;4359.085000;4359.525000;0
20260810 135200;4359.515000;4360.535000;4359.455000;4360.325000;0
20260810 135300;4360.285000;4360.545000;4358.915000;4359.065000;0
20260810 135400;4359.085000;4359.275000;4358.565000;4358.595000;0
20260810 135500;4358.595000;4358.945000;4357.475000;4358.265000;0
20260810 135600;4358.295000;4358.305000;4357.395000;4357.775000;0
20260810 135700;4357.895000;4358.685000;4357.715000;4358.565000;0
20260810 135800;4358.615000;4359.305000;4358.545000;4359.055000;0
20260810 135900;4359.055000;4360.065000;4358.775000;4360.065000;0
20260810 140000;4359.945000;4362.545000;4359.535000;4362.225000;0
20260810 140100;4362.385000;4363.535000;4362.175000;4362.895000;0
20260810 140200;4362.785000;4363.025000;4362.275000;4362.555000;0
20260810 140300;4362.575000;4363.085000;4361.825000;4362.975000;0
20260810 140400;4362.955000;4363.745000;4362.915000;4363.355000;0
20260810 140500;4363.395000;4364.845000;4363.335000;4364.665000;0
20260810 140600;4364.605000;4365.245000;4363.825000;4363.985000;0
20260810 140700;4363.985000;4364.295000;4363.255000;4363.585000;0
20260810 140800;4363.445000;4364.055000;4363.275000;4363.275000;0
20260810 140900;4363.335000;4363.785000;4362.995000;4363.395000;0
20260810 141000;4363.365000;4364.265000;4363.245000;4364.265000;0
20260810 141100;4364.265000;4364.405000;4363.385000;4363.745000;0
20260810 141200;4363.865000;4364.055000;4363.215000;4363.445000;0
20260810 141300;4363.305000;4363.515000;4363.145000;4363.385000;0
20260810 141400;4363.385000;4363.395000;4362.665000;4362.845000;0
20260810 141500;4362.805000;4363.925000;4362.285000;4362.585000;0
20260810 141600;4362.585000;4363.085000;4361.355000;4362.615000;0
20260810 141700;4362.615000;4363.715000;4362.085000;4363.205000;0
20260810 141800;4363.325000;4364.015000;4362.865000;4363.065000;0
20260810 141900;4362.965000;4363.005000;4362.435000;4362.765000;0
20260810 142000;4362.765000;4363.095000;4362.075000;4362.985000;0
20260810 142100;4363.115000;4364.065000;4363.115000;4363.395000;0
20260810 142200;4363.375000;4363.435000;4362.675000;4363.015000;0
20260810 142300;4363.065000;4364.055000;4363.065000;4364.005000;0
20260810 142400;4364.015000;4364.685000;4363.785000;4364.285000;0
20260810 142500;4364.335000;4366.905000;4364.275000;4366.315000;0
20260810 142600;4366.125000;4366.395000;4364.955000;4364.975000;0
20260810 142700;4365.075000;4366.625000;4364.775000;4366.055000;0
20260810 142800;4366.035000;4366.645000;4365.015000;4365.235000;0
20260810 142900;4365.145000;4365.765000;4364.785000;4365.515000;0
20260810 143000;4365.535000;4366.815000;4364.885000;4366.305000;0
20260810 143100;4366.585000;4379.865000;4366.375000;4376.385000;0
20260810 143200;4376.195000;4377.335000;4374.195000;4374.555000;0
20260810 143300;4374.305000;4377.185000;4373.355000;4376.795000;0
20260810 143400;4376.905000;4380.435000;4376.905000;4379.215000;0
20260810 143500;4379.215000;4380.005000;4377.475000;4377.495000;0
20260810 143600;4377.605000;4378.565000;4377.065000;4377.605000;0
20260810 143700;4377.745000;4379.655000;4377.335000;4379.575000;0
20260810 143800;4379.915000;4380.685000;4379.435000;4380.165000;0
20260810 143900;4380.285000;4381.405000;4379.455000;4381.065000;0
20260810 144000;4381.185000;4382.255000;4380.235000;4381.815000;0
20260810 144100;4381.925000;4382.705000;4380.675000;4382.355000;0
20260810 144200;4382.455000;4382.635000;4381.635000;4381.965000;0
20260810 144300;4381.935000;4382.035000;4380.685000;4381.135000;0
20260810 144400;4380.915000;4381.175000;4379.255000;4379.535000;0
20260810 144500;4379.645000;4379.705000;4373.325000;4374.035000;0
20260810 144600;4373.935000;4375.625000;4373.245000;4373.655000;0
20260810 144700;4373.545000;4376.375000;4373.385000;4376.255000;0
20260810 144800;4376.075000;4376.775000;4375.895000;4376.695000;0
20260810 144900;4376.595000;4376.915000;4375.935000;4376.555000;0
20260810 145000;4376.445000;4378.165000;4376.225000;4377.735000;0
20260810 145100;4377.585000;4378.755000;4376.775000;4376.925000;0
20260810 145200;4377.125000;4378.105000;4375.395000;4375.545000;0
20260810 145300;4375.715000;4376.005000;4374.685000;4375.145000;0
20260810 145400;4375.005000;4376.815000;4374.885000;4376.675000;0
20260810 145500;4376.785000;4377.605000;4376.085000;4377.605000;0
20260810 145600;4377.395000;4378.315000;4377.195000;4377.845000;0
20260810 145700;4377.965000;4378.695000;4377.605000;4378.545000;0
20260810 145800;4378.655000;4378.755000;4377.995000;4378.275000;0
20260810 145900;4378.215000;4378.825000;4377.935000;4378.145000;0
20260810 150000;4378.165000;4380.465000;4378.165000;4379.475000;0
20260810 150100;4379.505000;4379.975000;4379.045000;4379.215000;0
20260810 150200;4379.365000;4380.645000;4378.965000;4379.475000;0
20260810 150300;4379.465000;4381.005000;4379.145000;4380.965000;0
20260810 150400;4380.695000;4380.975000;4379.545000;4379.775000;0
20260810 150500;4379.895000;4382.175000;4379.545000;4381.915000;0
20260810 150600;4382.035000;4382.545000;4381.625000;4382.255000;0
20260810 150700;4382.045000;4382.545000;4381.455000;4381.495000;0
20260810 150800;4381.595000;4382.265000;4381.215000;4381.925000;0
20260810 150900;4382.115000;4382.265000;4381.105000;4381.715000;0
20260810 151000;4381.855000;4381.865000;4380.425000;4381.315000;0
20260810 151100;4381.175000;4382.545000;4381.175000;4381.985000;0
20260810 151200;4382.095000;4382.655000;4381.575000;4381.835000;0
20260810 151300;4381.955000;4382.475000;4381.775000;4382.425000;0
20260810 151400;4382.275000;4382.545000;4381.255000;4381.615000;0
20260810 151500;4381.645000;4382.355000;4381.385000;4382.165000;0
20260810 151600;4382.035000;4382.775000;4381.945000;4382.345000;0
20260810 151700;4382.455000;4382.745000;4381.875000;4382.175000;0
20260810 151800;4382.135000;4382.775000;4381.005000;4382.335000;0
20260810 151900;4382.445000;4382.945000;4382.165000;4382.385000;0
20260810 152000;4382.245000;4383.405000;4382.225000;4383.305000;0
20260810 152100;4383.195000;4385.255000;4383.135000;4385.055000;0
20260810 152200;4384.935000;4385.355000;4383.525000;4383.905000;0
20260810 152300;4383.675000;4385.215000;4383.675000;4384.595000;0
20260810 152400;4384.735000;4387.795000;4384.505000;4386.615000;0
20260810 152500;4386.495000;4389.255000;4385.955000;4388.905000;0
20260810 152600;4389.045000;4390.015000;4388.145000;4388.645000;0
20260810 152700;4388.765000;4389.175000;4388.105000;4388.775000;0
20260810 152800;4388.925000;4390.685000;4388.665000;4389.495000;0
20260810 152900;4389.615000;4391.485000;4388.895000;4390.505000;0
20260810 153000;4390.735000;4393.815000;4390.255000;4392.645000;0
20260810 153100;4392.535000;4392.535000;4388.065000;4388.545000;0
20260810 153200;4388.315000;4389.385000;4387.015000;4388.725000;0
20260810 153300;4388.615000;4388.915000;4386.905000;4387.585000;0
20260810 153400;4387.495000;4387.955000;4385.755000;4386.695000;0
20260810 153500;4386.595000;4387.325000;4383.895000;4385.005000;0
20260810 153600;4384.855000;4387.125000;4384.815000;4386.485000;0
20260810 153700;4386.355000;4387.245000;4385.975000;4386.925000;0
20260810 153800;4387.065000;4387.775000;4386.005000;4387.455000;0
20260810 153900;4387.555000;4388.395000;4386.945000;4387.565000;0
20260810 154000;4387.445000;4390.215000;4387.445000;4388.785000;0
20260810 154100;4388.895000;4389.545000;4388.605000;4388.935000;0
20260810 154200;4389.075000;4390.475000;4389.015000;4389.925000;0
20260810 154300;4389.765000;4389.985000;4389.005000;4389.225000;0
20260810 154400;4389.325000;4389.875000;4386.715000;4387.705000;0
20260810 154500;4387.745000;4388.405000;4386.855000;4387.485000;0
20260810 154600;4387.465000;4389.335000;4387.265000;4389.225000;0
20260810 154700;4389.085000;4390.335000;4388.675000;4390.075000;0
20260810 154800;4389.915000;4393.855000;4389.865000;4393.515000;0
20260810 154900;4393.675000;4394.595000;4393.135000;4393.855000;0
20260810 155000;4393.445000;4394.185000;4391.655000;4392.875000;0
20260810 155100;4393.005000;4394.825000;4392.865000;4394.815000;0
20260810 155200;4394.655000;4394.765000;4392.155000;4392.205000;0
20260810 155300;4391.995000;4392.455000;4390.975000;4391.905000;0
20260810 155400;4391.755000;4393.005000;4391.655000;4392.145000;0
20260810 155500;4391.995000;4392.385000;4389.015000;4389.535000;0
20260810 155600;4389.545000;4389.735000;4387.535000;4388.285000;0
20260810 155700;4388.155000;4388.835000;4387.615000;4387.925000;0
20260810 155800;4387.665000;4389.625000;4387.645000;4388.525000;0
20260810 155900;4388.195000;4388.515000;4387.035000;4388.015000;0
20260810 160000;4388.085000;4390.205000;4387.825000;4389.895000;0
20260810 160100;4389.765000;4389.935000;4388.175000;4388.175000;0
20260810 160200;4388.285000;4388.555000;4387.755000;4388.555000;0
20260810 160300;4388.675000;4388.695000;4388.005000;4388.335000;0
20260810 160400;4388.525000;4388.745000;4388.135000;4388.275000;0
20260810 160500;4388.135000;4388.325000;4387.985000;4388.325000;0
20260810 160600;4388.325000;4388.325000;4386.575000;4387.435000;0
20260810 160700;4387.585000;4387.585000;4386.485000;4386.715000;0
20260810 160800;4386.845000;4387.015000;4386.185000;4386.965000;0
20260810 160900;4387.085000;4387.275000;4385.555000;4385.575000;0
20260810 161000;4385.685000;4387.225000;4385.615000;4387.005000;0
20260810 161100;4387.185000;4387.395000;4386.775000;4387.225000;0
20260810 161200;4387.725000;4389.685000;4387.725000;4389.685000;0
20260810 161300;4389.585000;4390.475000;4388.965000;4389.795000;0
20260810 161400;4389.965000;4389.965000;4388.415000;4388.935000;0
20260810 161500;4389.035000;4390.025000;4388.905000;4389.755000;0
20260810 161600;4389.645000;4390.315000;4389.635000;4390.315000;0
20260810 161700;4390.185000;4390.445000;4389.785000;4390.345000;0
20260810 161800;4390.445000;4391.105000;4390.335000;4390.475000;0
20260810 161900;4390.475000;4390.475000;4389.215000;4389.765000;0
20260810 162000;4389.535000;4389.765000;4388.105000;4388.465000;0
20260810 162100;4388.065000;4388.245000;4387.615000;4387.685000;0
20260810 162200;4387.835000;4388.015000;4386.305000;4387.095000;0
20260810 162300;4386.935000;4387.145000;4386.935000;4386.975000;0
20260810 162400;4386.855000;4388.315000;4386.855000;4388.315000;0
20260810 162500;4388.145000;4388.545000;4388.145000;4388.405000;0
20260810 162600;4388.505000;4388.675000;4388.195000;4388.315000;0
20260810 162700;4388.465000;4389.865000;4388.465000;4389.865000;0
20260810 162800;4389.755000;4391.565000;4389.655000;4391.565000;0
20260810 162900;4391.695000;4391.715000;4390.605000;4390.825000;0
20260810 163000;4390.955000;4392.035000;4390.955000;4391.555000;0
20260810 163100;4391.415000;4391.455000;4390.585000;4390.675000;0
20260810 163200;4390.565000;4390.805000;4390.315000;4390.595000;0
20260810 163300;4390.695000;4391.185000;4390.515000;4390.865000;0
20260810 163400;4390.755000;4391.025000;4390.685000;4390.705000;0
20260810 163500;4390.545000;4391.165000;4390.545000;4390.875000;0
20260810 163600;4390.705000;4390.815000;4390.545000;4390.565000;0
20260810 163700;4390.695000;4390.825000;4389.965000;4390.685000;0
20260810 163800;4390.425000;4390.685000;4389.735000;4390.085000;0
20260810 163900;4389.975000;4390.145000;4389.695000;4389.905000;0
20260810 164000;4390.075000;4390.405000;4389.695000;4390.125000;0
20260810 164100;4390.295000;4391.215000;4390.295000;4390.985000;0
20260810 164200;4390.865000;4391.025000;4390.195000;4390.345000;0
20260810 164300;4390.525000;4390.895000;4389.815000;4389.975000;0
20260810 164400;4389.785000;4390.105000;4389.625000;4389.625000;0
20260810 164500;4389.735000;4390.115000;4389.485000;4390.045000;0
20260810 164600;4389.915000;4390.485000;4389.875000;4389.875000;0
20260810 164700;4390.005000;4390.085000;4389.035000;4389.035000;0
20260810 164800;4388.935000;4389.165000;4388.635000;4389.045000;0
20260810 164900;4389.005000;4389.135000;4388.685000;4388.805000;0
20260810 165000;4388.685000;4389.665000;4388.555000;4389.665000;0
20260810 165100;4389.985000;4390.435000;4389.385000;4389.735000;0
20260810 165200;4389.845000;4390.455000;4389.415000;4389.935000;0
20260810 165300;4390.055000;4390.145000;4389.775000;4389.775000;0
20260810 165400;4389.905000;4389.905000;4388.535000;4389.215000;0
20260810 165500;4389.325000;4389.395000;4388.855000;4389.075000;0
20260810 165600;4388.995000;4389.525000;4388.505000;4388.995000;0
20260810 165700;4388.885000;4389.555000;4388.565000;4388.905000;0
20260810 165800;4388.775000;4390.045000;4388.655000;4389.825000;0
20260810 165900;4389.855000;4390.135000;4388.425000;4388.425000;0
20260810 180000;4385.505000;4391.195000;4385.505000;4389.185000;0
20260810 180100;4389.215000;4390.535000;4388.965000;4389.215000;0
20260810 180200;4389.055000;4389.575000;4388.155000;4389.315000;0
20260810 180300;4389.355000;4389.425000;4387.945000;4388.525000;0
20260810 180400;4388.585000;4389.435000;4388.527000;4388.985000;0
20260810 180500;4389.105000;4390.215000;4388.785000;4389.635000;0
20260810 180600;4389.535000;4390.715000;4389.485000;4390.155000;0
20260810 180700;4390.025000;4391.252000;4389.655000;4391.065000;0
20260810 180800;4390.885000;4390.885000;4389.675000;4390.035000;0
20260810 180900;4389.925000;4390.905000;4389.620000;4390.795000;0
20260810 181000;4390.795000;4391.035000;4389.005000;4390.875000;0
20260810 181100;4390.975000;4392.745000;4390.605000;4391.197000;0
20260810 181200;4391.262000;4391.855000;4391.072000;4391.132000;0
20260810 181300;4391.072000;4391.407000;4390.647000;4391.365000;0
20260810 181400;4391.665000;4391.665000;4390.435000;4390.775000;0
20260810 181500;4390.815000;4391.815000;4390.765000;4391.695000;0
20260810 181600;4392.095000;4392.105000;4391.465000;4392.005000;0
20260810 181700;4391.595000;4392.175000;4391.325000;4391.825000;0
20260810 181800;4391.947000;4392.005000;4391.265000;4392.005000;0
20260810 181900;4391.845000;4391.985000;4391.125000;4391.865000;0
20260810 182000;4391.335000;4392.115000;4391.195000;4391.805000;0
20260810 182100;4391.925000;4392.595000;4391.925000;4392.155000;0
20260810 182200;4392.315000;4392.835000;4392.165000;4392.645000;0
20260810 182300;4392.655000;4393.135000;4392.075000;4392.575000;0
20260810 182400;4392.475000;4392.865000;4391.855000;4391.895000;0
20260810 182500;4391.895000;4392.485000;4390.865000;4391.545000;0
20260810 182600;4391.655000;4391.835000;4390.935000;4391.395000;0
20260810 182700;4391.405000;4391.475000;4390.915000;4391.335000;0
20260810 182800;4391.195000;4391.415000;4390.935000;4391.345000;0
20260810 182900;4391.295000;4391.455000;4390.605000;4391.055000;0
20260810 183000;4391.145000;4392.105000;4390.895000;4391.785000;0
20260810 183100;4391.945000;4392.055000;4391.235000;4391.755000;0
20260810 183200;4391.425000;4391.895000;4390.665000;4391.085000;0
20260810 183300;4390.935000;4392.415000;4390.735000;4392.165000;0
20260810 183400;4392.015000;4392.475000;4391.805000;4392.425000;0
20260810 183500;4392.425000;4392.585000;4392.045000;4392.345000;0
20260810 183600;4392.245000;4392.925000;4391.785000;4392.925000;0
20260810 183700;4392.315000;4392.975000;4392.195000;4392.565000;0
20260810 183800;4392.835000;4393.175000;4392.355000;4392.995000;0
20260810 183900;4393.035000;4393.285000;4392.425000;4393.005000;0
20260810 184000;4392.835000;4393.235000;4392.525000;4393.035000;0
20260810 184100;4392.765000;4393.135000;4392.645000;4392.935000;0
20260810 184200;4392.835000;4395.495000;4392.835000;4394.875000;0
20260810 184300;4394.725000;4395.885000;4394.605000;4395.645000;0
20260810 184400;4395.515000;4395.965000;4395.295000;4395.295000;0
20260810 184500;4395.175000;4396.235000;4393.715000;4396.015000;0
20260810 184600;4396.155000;4397.805000;4395.915000;4397.125000;0
20260810 184700;4397.255000;4398.215000;4396.965000;4398.115000;0
20260810 184800;4397.935000;4397.935000;4397.135000;4397.695000;0
20260810 184900;4397.555000;4397.705000;4397.285000;4397.455000;0
20260810 185000;4397.295000;4398.495000;4396.835000;4397.995000;0
20260810 185100;4398.175000;4399.410000;4398.075000;4398.775000;0
20260810 185200;4398.605000;4398.855000;4398.015000;4398.515000;0
20260810 185300;4398.385000;4399.185000;4398.365000;4399.175000;0
20260810 185400;4399.105000;4399.425000;4398.935000;4399.315000;0
20260810 185500;4399.155000;4400.665000;4398.465000;4398.525000;0
20260810 185600;4398.425000;4399.835000;4398.405000;4399.235000;0
20260810 185700;4399.215000;4400.515000;4399.195000;4399.865000;0
20260810 185800;4400.035000;4400.035000;4396.925000;4397.155000;0
20260810 185900;4396.905000;4397.805000;4396.765000;4397.805000;0
20260810 190000;4397.645000;4399.835000;4397.265000;4398.045000;0
20260810 190100;4397.925000;4398.565000;4397.835000;4398.035000;0
20260810 190200;4398.035000;4398.035000;4396.945000;4397.615000;0
20260810 190300;4397.775000;4398.045000;4396.395000;4396.675000;0
20260810 190400;4396.795000;4396.945000;4395.805000;4396.735000;0
20260810 190500;4396.735000;4399.085000;4396.495000;4399.065000;0
20260810 190600;4398.925000;4399.315000;4398.325000;4398.955000;0
20260810 190700;4399.105000;4400.165000;4398.975000;4399.355000;0
20260810 190800;4399.355000;4399.355000;4396.175000;4396.455000;0
20260810 190900;4396.455000;4396.485000;4394.035000;4394.505000;0
20260810 191000;4394.795000;4396.685000;4394.645000;4396.165000;0
20260810 191100;4396.445000;4396.785000;4395.825000;4395.925000;0
20260810 191200;4396.075000;4396.630000;4396.025000;4396.135000;0
20260810 191300;4396.035000;4397.250000;4396.005000;4396.995000;0
20260810 191400;4397.212000;4397.365000;4396.985000;4397.255000;0
20260810 191500;4397.305000;4397.305000;4395.975000;4396.355000;0
20260810 191600;4396.255000;4396.315000;4394.635000;4394.635000;0
20260810 191700;4394.945000;4396.465000;4394.835000;4395.335000;0
20260810 191800;4395.335000;4395.525000;4394.102000;4394.627000;0
20260810 191900;4394.612000;4394.730000;4394.185000;4394.730000;0
20260810 192000;4394.742000;4395.702000;4394.350000;4394.607000;0
20260810 192100;4394.527000;4395.040000;4394.527000;4394.835000;0
20260810 192200;4394.892000;4395.625000;4394.770000;4395.015000;0
20260810 192300;4394.942000;4395.120000;4394.535000;4394.785000;0
20260810 192400;4394.742000;4394.795000;4394.515000;4394.515000;0
20260810 192500;4394.705000;4395.287000;4394.415000;4394.992000;0
20260810 192600;4395.082000;4395.670000;4394.625000;4395.257000;0
20260810 192700;4395.147000;4395.172000;4394.775000;4394.835000;0
20260810 192800;4394.965000;4395.215000;4394.675000;4394.805000;0
20260810 192900;4394.695000;4395.365000;4394.435000;4395.230000;0
20260810 193000;4395.075000;4395.765000;4394.955000;4395.385000;0
20260810 193100;4395.465000;4395.702000;4395.105000;4395.525000;0
20260810 193200;4395.635000;4395.892000;4393.565000;4395.500000;0
20260810 193300;4395.365000;4395.425000;4394.885000;4394.985000;0
20260810 193400;4395.095000;4396.115000;4394.675000;4395.165000;0
20260810 193500;4395.025000;4397.230000;4394.945000;4397.142000;0
20260810 193600;4397.305000;4397.475000;4396.955000;4397.395000;0
20260810 193700;4397.225000;4398.645000;4397.225000;4398.525000;0
20260810 193800;4398.305000;4398.677000;4397.915000;4398.025000;0
20260810 193900;4398.165000;4398.695000;4397.975000;4398.625000;0
20260810 194000;4398.505000;4398.505000;4397.275000;4397.645000;0
20260810 194100;4397.765000;4398.585000;4397.385000;4398.105000;0
20260810 194200;4398.225000;4398.675000;4396.365000;4398.395000;0
20260810 194300;4398.245000;4398.647000;4398.055000;4398.155000;0
20260810 194400;4398.255000;4398.600000;4397.765000;4398.515000;0
20260810 194500;4398.395000;4399.145000;4396.435000;4396.895000;0
20260810 194600;4396.865000;4398.012000;4396.835000;4397.825000;0
20260810 194700;4398.045000;4398.605000;4397.655000;4398.045000;0
20260810 194800;4398.145000;4398.145000;4397.295000;4397.625000;0
20260810 194900;4397.712000;4397.895000;4397.045000;4397.685000;0
20260810 195000;4397.585000;4397.732000;4396.035000;4396.815000;0
20260810 195100;4396.935000;4398.072000;4396.935000;4397.535000;0
20260810 195200;4397.365000;4397.495000;4395.905000;4397.452000;0
20260810 195300;4397.317000;4397.317000;4396.605000;4397.145000;0
20260810 195400;4397.125000;4398.835000;4396.975000;4398.650000;0
20260810 195500;4398.215000;4400.495000;4398.145000;4399.695000;0
20260810 195600;4399.822000;4401.135000;4399.255000;4400.935000;0
20260810 195700;4401.065000;4401.362000;4400.245000;4400.705000;0
20260810 195800;4400.815000;4402.365000;4400.655000;4401.725000;0
20260810 195900;4401.595000;4402.617000;4401.365000;4402.055000;0
20260810 200000;4402.185000;4403.205000;4400.545000;4402.065000;0
20260810 200100;4401.755000;4402.425000;4398.695000;4398.855000;0
20260810 200200;4398.635000;4399.135000;4395.955000;4397.445000;0
20260810 200300;4397.315000;4402.305000;4397.215000;4401.965000;0
20260810 200400;4401.815000;4404.575000;4401.685000;4404.345000;0
20260810 200500;4404.135000;4404.315000;4402.575000;4403.315000;0
20260810 200600;4403.145000;4403.845000;4402.485000;4403.445000;0
20260810 200700;4403.265000;4404.245000;4403.205000;4403.895000;0
20260810 200800;4403.685000;4404.595000;4403.395000;4404.435000;0
20260810 200900;4404.625000;4406.145000;4403.995000;4405.765000;0
20260810 201000;4405.585000;4407.255000;4405.535000;4407.055000;0
20260810 201100;4406.925000;4408.865000;4406.465000;4407.495000;0
20260810 201200;4407.155000;4407.305000;4403.675000;4403.935000;0
20260810 201300;4403.835000;4405.515000;4403.835000;4404.865000;0
20260810 201400;4405.015000;4405.515000;4404.335000;4405.265000;0
20260810 201500;4405.135000;4405.885000;4403.925000;4405.665000;0
20260810 201600;4405.825000;4407.645000;4405.415000;4407.285000;0
20260810 201700;4407.325000;4407.735000;4405.265000;4405.265000;0
20260810 201800;4405.375000;4406.485000;4404.775000;4406.145000;0
20260810 201900;4406.255000;4406.705000;4405.365000;4405.675000;0
20260810 202000;4405.805000;4407.505000;4405.425000;4407.225000;0
20260810 202100;4407.435000;4408.685000;4407.135000;4408.475000;0
20260810 202200;4408.575000;4409.345000;4408.365000;4409.085000;0
20260810 202300;4409.235000;4411.045000;4408.795000;4410.695000;0
20260810 202400;4410.515000;4412.175000;4410.275000;4412.055000;0
20260810 202500;4411.935000;4414.285000;4411.595000;4413.875000;0
20260810 202600;4413.755000;4414.415000;4411.615000;4414.055000;0
20260810 202700;4414.185000;4414.385000;4412.805000;4413.295000;0
20260810 202800;4413.115000;4413.965000;4411.745000;4413.725000;0
20260810 202900;4413.855000;4415.585000;4413.075000;4413.675000;0
20260810 203000;4413.825000;4413.825000;4411.775000;4412.555000;0
20260810 203100;4412.435000;4412.825000;4410.915000;4412.545000;0
20260810 203200;4412.645000;4413.015000;4411.665000;4412.205000;0
20260810 203300;4412.085000;4412.955000;4411.805000;4412.285000;0
20260810 203400;4412.155000;4413.095000;4410.935000;4412.365000;0
20260810 203500;4412.485000;4413.025000;4411.525000;4413.025000;0
20260810 203600;4412.835000;4413.335000;4411.355000;4411.455000;0
20260810 203700;4411.585000;4412.085000;4410.945000;4411.245000;0
20260810 203800;4411.115000;4411.425000;4410.075000;4410.545000;0
20260810 203900;4410.685000;4411.535000;4408.355000;4411.455000;0
20260810 204000;4411.195000;4413.225000;4408.255000;4408.255000;0
20260810 204100;4408.385000;4409.295000;4407.105000;4408.775000;0
20260810 204200;4408.665000;4409.555000;4408.115000;4409.435000;0
20260810 204300;4409.595000;4411.935000;4409.245000;4410.865000;0
20260810 204400;4410.755000;4413.975000;4410.605000;4413.725000;0
20260810 204500;4413.855000;4414.405000;4413.015000;4414.405000;0
20260810 204600;4414.425000;4417.715000;4414.235000;4416.785000;0
20260810 204700;4416.905000;4418.915000;4412.445000;4412.605000;0
20260810 204800;4412.475000;4412.725000;4409.625000;4409.975000;0
20260810 204900;4410.095000;4412.755000;4409.625000;4412.755000;0
20260810 205000;4412.485000;4412.815000;4411.295000;4411.795000;0
20260810 205100;4411.605000;4412.755000;4411.565000;4411.695000;0
20260810 205200;4411.845000;4412.395000;4411.505000;4411.775000;0
20260810 205300;4411.945000;4412.715000;4411.795000;4411.815000;0
20260810 205400;4411.935000;4411.935000;4409.355000;4409.475000;0
20260810 205500;4409.655000;4410.675000;4409.455000;4410.565000;0
20260810 205600;4410.455000;4411.455000;4409.895000;4411.105000;0
20260810 205700;4411.255000;4411.635000;4410.755000;4411.485000;0
20260810 205800;4411.625000;4411.745000;4410.275000;4410.775000;0
20260810 205900;4410.755000;4410.755000;4407.915000;4408.975000;0
20260810 210000;4409.115000;4409.725000;4404.525000;4407.505000;0
20260810 210100;4407.795000;4408.105000;4396.840000;4398.865000;0
20260810 210200;4399.122000;4399.582000;4393.685000;4394.505000;0
20260810 210300;4394.795000;4397.885000;4393.445000;4397.315000;0
20260810 210400;4397.485000;4401.175000;4396.985000;4400.355000;0
20260810 210500;4399.955000;4402.425000;4398.695000;4402.285000;0
20260810 210600;4402.095000;4403.855000;4401.295000;4402.695000;0
20260810 210700;4402.495000;4407.945000;4402.035000;4407.945000;0
20260810 210800;4407.745000;4408.895000;4403.255000;4405.775000;0
20260810 210900;4405.755000;4409.045000;4404.715000;4408.375000;0
20260810 211000;4408.585000;4411.455000;4408.225000;4409.085000;0
20260810 211100;4409.025000;4414.935000;4408.955000;4414.775000;0
20260810 211200;4414.765000;4415.175000;4412.115000;4412.335000;0
20260810 211300;4412.335000;4414.875000;4411.795000;4413.205000;0
20260810 211400;4413.175000;4414.445000;4412.475000;4414.385000;0
20260810 211500;4414.285000;4416.475000;4412.325000;4416.265000;0
20260810 211600;4416.375000;4417.655000;4415.035000;4416.575000;0
20260810 211700;4416.535000;4419.475000;4415.455000;4415.745000;0
20260810 211800;4415.745000;4416.275000;4413.185000;4413.705000;0
20260810 211900;4413.565000;4415.345000;4413.355000;4414.675000;0
20260810 212000;4414.795000;4417.865000;4413.645000;4417.245000;0
20260810 212100;4417.445000;4419.975000;4417.135000;4418.725000;0
20260810 212200;4418.525000;4418.695000;4417.205000;4417.675000;0
20260810 212300;4417.845000;4417.945000;4414.885000;4415.165000;0
20260810 212400;4415.265000;4415.635000;4413.605000;4414.115000;0
20260810 212500;4414.195000;4415.445000;4413.155000;4414.835000;0
20260810 212600;4414.935000;4415.815000;4413.465000;4415.065000;0
20260810 212700;4415.165000;4415.515000;4413.915000;4414.535000;0
20260810 212800;4414.425000;4418.385000;4414.425000;4417.415000;0
20260810 212900;4417.565000;4419.155000;4416.955000;4419.095000;0
20260810 213000;4418.895000;4419.525000;4417.845000;4419.085000;0
20260810 213100;4419.335000;4421.135000;4418.505000;4420.275000;0
20260810 213200;4420.125000;4420.985000;4419.385000;4420.195000;0
20260810 213300;4420.195000;4421.585000;4419.635000;4419.975000;0
20260810 213400;4419.975000;4420.245000;4418.835000;4419.115000;0
20260810 213500;4419.285000;4420.065000;4418.195000;4419.205000;0
20260810 213600;4419.225000;4420.325000;4417.825000;4418.045000;0
20260810 213700;4417.845000;4419.385000;4415.995000;4419.005000;0
20260810 213800;4419.225000;4420.005000;4417.695000;4417.855000;0
20260810 213900;4417.825000;4419.435000;4417.115000;4419.155000;0
20260810 214000;4419.345000;4422.015000;4419.135000;4420.145000;0
20260810 214100;4420.255000;4420.255000;4416.715000;4417.365000;0
20260810 214200;4417.215000;4420.135000;4416.555000;4419.125000;0
20260810 214300;4419.015000;4420.735000;4418.085000;4419.115000;0
20260810 214400;4418.925000;4419.565000;4414.745000;4414.935000;0
20260810 214500;4414.855000;4419.025000;4414.225000;4418.505000;0
20260810 214600;4418.615000;4420.325000;4418.485000;4419.755000;0
20260810 214700;4419.635000;4422.635000;4419.415000;4421.565000;0
20260810 214800;4421.805000;4424.345000;4420.215000;4423.775000;0
20260810 214900;4423.875000;4427.115000;4423.425000;4426.445000;0
20260810 215000;4426.255000;4427.415000;4426.215000;4426.325000;0
20260810 215100;4426.555000;4427.115000;4425.285000;4425.415000;0
20260810 215200;4425.555000;4427.715000;4424.995000;4427.585000;0
20260810 215300;4427.775000;4430.645000;4427.345000;4430.065000;0
20260810 215400;4430.165000;4431.485000;4429.755000;4431.385000;0
20260810 215500;4431.465000;4433.885000;4429.175000;4429.485000;0
20260810 215600;4429.595000;4432.005000;4429.165000;4431.765000;0
20260810 215700;4431.635000;4432.455000;4430.025000;4430.635000;0
20260810 215800;4430.635000;4432.195000;4429.555000;4431.595000;0
20260810 215900;4431.595000;4432.045000;4428.695000;4429.235000;0
20260810 220000;4429.195000;4429.505000;4424.935000;4426.535000;0
20260810 220100;4426.435000;4426.885000;4424.575000;4425.295000;0
20260810 220200;4425.745000;4427.625000;4425.475000;4426.365000;0
20260810 220300;4426.255000;4426.255000;4423.605000;4423.985000;0
20260810 220400;4424.115000;4426.825000;4423.285000;4426.825000;0
20260810 220500;4426.655000;4427.365000;4425.025000;4425.715000;0
20260810 220600;4425.835000;4429.185000;4425.505000;4427.695000;0
20260810 220700;4427.695000;4428.175000;4423.925000;4424.225000;0
20260810 220800;4424.225000;4425.755000;4424.225000;4424.435000;0
20260810 220900;4424.475000;4425.155000;4421.535000;4423.145000;0
20260810 221000;4423.405000;4425.615000;4422.645000;4425.615000;0
20260810 221100;4425.365000;4427.265000;4425.295000;4427.065000;0
20260810 221200;4426.945000;4428.925000;4426.605000;4428.925000;0
20260810 221300;4428.815000;4432.605000;4428.815000;4432.275000;0
20260810 221400;4432.165000;4434.295000;4432.165000;4433.385000;0
20260810 221500;4433.695000;4434.475000;4433.385000;4434.455000;0
20260810 221600;4434.565000;4434.965000;4431.745000;4431.845000;0
20260810 221700;4431.845000;4433.045000;4431.825000;4432.435000;0
20260810 221800;4432.625000;4433.815000;4432.455000;4433.445000;0
20260810 221900;4433.325000;4433.325000;4431.435000;4431.655000;0
20260810 222000;4431.495000;4431.855000;4429.285000;4430.125000;0
20260810 222100;4429.915000;4431.375000;4429.415000;4429.915000;0
20260810 222200;4430.145000;4430.195000;4427.255000;4427.935000;0
20260810 222300;4428.055000;4428.065000;4426.925000;4427.105000;0
20260810 222400;4427.235000;4427.875000;4425.535000;4425.765000;0
20260810 222500;4425.635000;4428.845000;4425.615000;4427.645000;0
20260810 222600;4427.775000;4429.175000;4426.015000;4428.335000;0
20260810 222700;4428.445000;4429.925000;4428.085000;4429.005000;0
20260810 222800;4429.395000;4430.105000;4428.625000;4429.185000;0
20260810 222900;4429.185000;4429.315000;4427.895000;4428.205000;0
20260810 223000;4428.205000;4429.055000;4425.135000;4428.345000;0
20260810 223100;4428.345000;4428.345000;4425.225000;4425.395000;0
20260810 223200;4425.395000;4427.585000;4425.395000;4426.775000;0
20260810 223300;4426.865000;4426.875000;4423.675000;4426.305000;0
20260810 223400;4426.195000;4427.085000;4425.105000;4426.575000;0
20260810 223500;4426.575000;4426.575000;4423.135000;4423.225000;0
20260810 223600;4423.345000;4423.665000;4419.695000;4420.145000;0
20260810 223700;4420.035000;4420.145000;4417.865000;4418.805000;0
20260810 223800;4418.695000;4418.985000;4414.715000;4415.155000;0
20260810 223900;4414.975000;4416.025000;4413.415000;4415.615000;0
20260810 224000;4415.875000;4420.315000;4415.635000;4420.195000;0
20260810 224100;4420.295000;4420.555000;4417.735000;4419.745000;0
20260810 224200;4419.745000;4421.175000;4419.355000;4420.735000;0
20260810 224300;4420.865000;4420.865000;4417.925000;4419.705000;0
20260810 224400;4419.555000;4419.805000;4418.135000;4418.245000;0
20260810 224500;4418.245000;4419.055000;4417.345000;4417.395000;0
20260810 224600;4417.265000;4417.365000;4414.725000;4416.045000;0
20260810 224700;4415.875000;4417.535000;4414.465000;4415.545000;0
20260810 224800;4415.725000;4417.105000;4415.255000;4415.455000;0
20260810 224900;4415.775000;4416.435000;4414.665000;4414.685000;0
20260810 225000;4414.685000;4414.925000;4413.035000;4413.545000;0
20260810 225100;4413.705000;4414.155000;4411.535000;4411.855000;0
20260810 225200;4412.285000;4412.285000;4408.935000;4411.995000;0
20260810 225300;4412.265000;4412.435000;4410.125000;4410.245000;0
20260810 225400;4410.295000;4411.505000;4408.775000;4411.005000;0
20260810 225500;4411.005000;4411.115000;4407.525000;4409.825000;0
20260810 225600;4409.865000;4412.615000;4409.865000;4412.155000;0
20260810 225700;4411.975000;4412.035000;4409.055000;4410.775000;0
20260810 225800;4410.775000;4412.645000;4410.535000;4411.325000;0
20260810 225900;4411.255000;4411.615000;4409.955000;4410.445000;0
20260810 230000;4410.565000;4412.585000;4409.785000;4412.575000;0
20260810 230100;4412.465000;4413.225000;4411.315000;4412.185000;0
20260810 230200;4412.015000;4414.125000;4411.495000;4413.535000;0
20260810 230300;4413.635000;4413.635000;4411.425000;4412.665000;0
20260810 230400;4412.505000;4413.285000;4411.935000;4413.165000;0
20260810 230500;4412.945000;4413.855000;4412.725000;4413.425000;0
20260810 230600;4413.265000;4413.625000;4409.635000;4410.715000;0
20260810 230700;4410.855000;4412.235000;4410.785000;4411.355000;0
20260810 230800;4411.355000;4413.765000;4410.845000;4413.065000;0
20260810 230900;4413.065000;4414.685000;4412.915000;4413.545000;0
20260810 231000;4413.545000;4413.545000;4411.745000;4413.395000;0
20260810 231100;4413.405000;4413.405000;4411.795000;4413.135000;0
20260810 231200;4413.065000;4415.045000;4412.805000;4413.885000;0
20260810 231300;4413.795000;4414.565000;4412.955000;4413.545000;0
20260810 231400;4413.425000;4413.745000;4412.295000;4413.065000;0
20260810 231500;4413.225000;4415.455000;4413.025000;4414.505000;0
20260810 231600;4414.615000;4414.815000;4412.825000;4413.405000;0
20260810 231700;4413.285000;4413.995000;4412.585000;4413.915000;0
20260810 231800;4414.025000;4416.705000;4413.975000;4415.735000;0
20260810 231900;4415.695000;4417.075000;4415.695000;4416.805000;0
20260810 232000;4416.605000;4417.995000;4416.435000;4417.415000;0
20260810 232100;4417.265000;4417.265000;4415.925000;4416.135000;0
20260810 232200;4416.405000;4416.975000;4415.645000;4415.645000;0
20260810 232300;4415.905000;4416.245000;4414.065000;4415.235000;0
20260810 232400;4415.385000;4415.515000;4414.125000;4415.355000;0
20260810 232500;4415.245000;4415.985000;4414.955000;4415.455000;0
20260810 232600;4415.475000;4419.535000;4415.305000;4419.025000;0
20260810 232700;4418.835000;4420.385000;4418.595000;4419.695000;0
20260810 232800;4419.455000;4419.725000;4417.835000;4418.085000;0
20260810 232900;4418.255000;4420.465000;4417.895000;4420.105000;0
20260810 233000;4420.245000;4421.365000;4419.745000;4420.125000;0
20260810 233100;4420.355000;4421.035000;4419.135000;4419.135000;0
20260810 233200;4419.255000;4419.975000;4418.805000;4419.675000;0
20260810 233300;4419.535000;4419.895000;4418.585000;4418.595000;0
20260810 233400;4418.475000;4419.595000;4418.305000;4419.595000;0
20260810 233500;4419.485000;4420.085000;4418.855000;4419.295000;0
20260810 233600;4419.195000;4419.705000;4418.685000;4419.365000;0
20260810 233700;4419.265000;4420.005000;4419.265000;4419.455000;0
20260810 233800;4419.155000;4419.375000;4417.935000;4418.295000;0
20260810 233900;4418.485000;4418.815000;4418.185000;4418.495000;0
20260810 234000;4418.285000;4419.365000;4417.595000;4418.685000;0
20260810 234100;4418.685000;4419.455000;4418.265000;4419.415000;0
20260810 234200;4419.245000;4419.415000;4417.705000;4417.785000;0
20260810 234300;4417.705000;4418.475000;4416.105000;4416.655000;0
20260810 234400;4416.545000;4417.345000;4415.375000;4415.755000;0
20260810 234500;4415.925000;4417.475000;4415.715000;4417.305000;0
20260810 234600;4417.125000;4418.125000;4414.725000;4415.235000;0
20260810 234700;4415.215000;4416.365000;4414.985000;4415.555000;0
20260810 234800;4415.605000;4416.445000;4414.865000;4415.035000;0
20260810 234900;4415.305000;4415.405000;4413.805000;4414.575000;0
20260810 235000;4414.665000;4415.965000;4414.475000;4415.505000;0
20260810 235100;4415.445000;4416.175000;4414.635000;4414.635000;0
20260810 235200;4414.785000;4415.715000;4413.915000;4415.505000;0
20260810 235300;4415.335000;4418.645000;4415.315000;4417.585000;0
20260810 235400;4417.745000;4417.935000;4416.265000;4416.585000;0
20260810 235500;4416.585000;4417.625000;4416.475000;4417.285000;0
20260810 235600;4417.335000;4417.555000;4416.015000;4416.125000;0
20260810 235700;4416.125000;4416.885000;4415.875000;4416.575000;0
20260810 235800;4416.835000;4417.525000;4416.795000;4417.425000;0
20260810 235900;4417.395000;4417.655000;4415.855000;4416.555000;0
20260811 000000;4416.425000;4417.425000;4416.035000;4416.955000;0
20260811 000100;4417.085000;4419.115000;4417.085000;4419.065000;0
20260811 000200;4419.195000;4419.435000;4418.635000;4419.265000;0
20260811 000300;4419.265000;4419.625000;4417.555000;4417.875000;0
20260811 000400;4418.025000;4418.435000;4417.365000;4417.525000;0
20260811 000500;4417.525000;4418.155000;4417.515000;4417.635000;0
20260811 000600;4417.765000;4417.895000;4416.605000;4416.855000;0
20260811 000700;4416.855000;4417.955000;4414.185000;4414.765000;0
20260811 000800;4414.895000;4415.805000;4414.045000;4414.255000;0
20260811 000900;4414.425000;4414.825000;4413.595000;4413.735000;0
20260811 001000;4413.635000;4414.265000;4412.125000;4412.125000;0
20260811 001100;4412.405000;4413.545000;4411.725000;4412.515000;0
20260811 001200;4412.755000;4413.535000;4411.935000;4412.525000;0
20260811 001300;4412.525000;4413.525000;4412.405000;4412.765000;0
20260811 001400;4413.065000;4413.795000;4412.555000;4413.725000;0
20260811 001500;4413.725000;4414.695000;4412.205000;4413.505000;0
20260811 001600;4413.355000;4414.815000;4412.935000;4413.795000;0
20260811 001700;4413.905000;4414.005000;4413.165000;4413.535000;0
20260811 001800;4413.625000;4414.995000;4413.625000;4414.875000;0
20260811 001900;4415.015000;4415.705000;4412.635000;4412.865000;0
20260811 002000;4413.035000;4413.035000;4410.855000;4411.135000;0
20260811 002100;4411.245000;4412.185000;4409.615000;4412.065000;0
20260811 002200;4412.065000;4412.195000;4411.145000;4411.995000;0
20260811 002300;4411.995000;4412.615000;4411.725000;4412.105000;0
20260811 002400;4411.995000;4413.675000;4411.995000;4412.725000;0
20260811 002500;4412.845000;4413.165000;4411.845000;4412.575000;0
20260811 002600;4412.415000;4412.595000;4410.505000;4411.505000;0
20260811 002700;4411.505000;4412.225000;4411.105000;4411.625000;0
20260811 002800;4411.515000;4415.345000;4411.515000;4414.925000;0
20260811 002900;4415.275000;4415.285000;4414.425000;4414.995000;0
20260811 003000;4414.995000;4415.245000;4411.555000;4412.455000;0
20260811 003100;4412.455000;4416.255000;4410.745000;4416.045000;0
20260811 003200;4415.895000;4418.355000;4414.735000;4418.255000;0
20260811 003300;4418.375000;4420.135000;4417.565000;4419.605000;0
20260811 003400;4419.605000;4419.965000;4415.535000;4415.555000;0
20260811 003500;4415.445000;4415.805000;4412.125000;4413.125000;0
20260811 003600;4413.145000;4413.335000;4410.255000;4412.305000;0
20260811 003700;4412.165000;4413.245000;4411.185000;4411.945000;0
20260811 003800;4412.065000;4413.685000;4411.865000;4413.655000;0
20260811 003900;4413.585000;4413.835000;4412.995000;4413.705000;0
20260811 004000;4413.705000;4414.515000;4412.745000;4412.745000;0
20260811 004100;4412.855000;4412.935000;4411.435000;4411.435000;0
20260811 004200;4411.585000;4411.995000;4407.965000;4408.995000;0
20260811 004300;4409.045000;4409.995000;4408.515000;4409.025000;0
20260811 004400;4408.985000;4410.195000;4408.985000;4409.485000;0
20260811 004500;4409.515000;4409.815000;4408.545000;4409.575000;0
20260811 004600;4409.565000;4411.075000;4409.565000;4410.225000;0
20260811 004700;4410.365000;4410.825000;4409.635000;4410.425000;0
20260811 004800;4410.425000;4410.435000;4409.225000;4409.595000;0
20260811 004900;4409.485000;4409.925000;4407.095000;4407.615000;0
20260811 005000;4407.735000;4407.805000;4406.045000;4406.695000;0
20260811 005100;4406.905000;4407.695000;4406.815000;4407.205000;0
20260811 005200;4407.105000;4407.635000;4405.705000;4406.305000;0
20260811 005300;4406.495000;4407.775000;4405.235000;4407.575000;0
20260811 005400;4407.495000;4407.855000;4406.015000;4406.585000;0
20260811 005500;4406.585000;4406.725000;4404.125000;4404.505000;0
20260811 005600;4404.295000;4405.505000;4403.085000;4405.495000;0
20260811 005700;4405.735000;4406.165000;4404.775000;4405.805000;0
20260811 005800;4405.935000;4406.445000;4405.115000;4405.835000;0
20260811 005900;4406.045000;4409.005000;4405.695000;4408.535000;0
20260811 010000;4408.425000;4408.865000;4406.695000;4407.495000;0
20260811 010100;4407.735000;4407.735000;4405.495000;4405.725000;0
20260811 010200;4405.875000;4406.455000;4405.415000;4405.995000;0
20260811 010300;4406.105000;4406.575000;4405.565000;4405.735000;0
20260811 010400;4405.735000;4405.735000;4404.515000;4405.085000;0
20260811 010500;4404.945000;4405.355000;4402.355000;4402.585000;0
20260811 010600;4402.645000;4404.215000;4402.295000;4403.655000;0
20260811 010700;4403.545000;4404.325000;4402.885000;4403.875000;0
20260811 010800;4403.975000;4405.645000;4402.975000;4405.415000;0
20260811 010900;4405.425000;4406.295000;4404.825000;4405.725000;0
20260811 011000;4406.005000;4406.005000;4404.035000;4404.575000;0
20260811 011100;4404.425000;4405.095000;4401.185000;4401.685000;0
20260811 011200;4401.795000;4401.955000;4398.925000;4401.585000;0
20260811 011300;4401.745000;4402.685000;4401.405000;4401.875000;0
20260811 011400;4401.875000;4402.435000;4401.145000;4401.755000;0
20260811 011500;4401.755000;4401.855000;4400.645000;4400.945000;0
20260811 011600;4400.845000;4401.855000;4400.025000;4401.635000;0
20260811 011700;4401.535000;4401.705000;4398.475000;4399.555000;0
20260811 011800;4399.725000;4399.865000;4398.435000;4398.475000;0
20260811 011900;4398.625000;4398.845000;4397.565000;4398.725000;0
20260811 012000;4398.725000;4398.725000;4396.305000;4397.035000;0
20260811 012100;4397.155000;4397.755000;4395.925000;4396.735000;0
20260811 012200;4396.895000;4398.705000;4395.975000;4398.065000;0
20260811 012300;4398.015000;4399.535000;4397.405000;4397.855000;0
20260811 012400;4397.835000;4398.455000;4397.115000;4397.825000;0
20260811 012500;4397.825000;4397.995000;4394.035000;4394.195000;0
20260811 012600;4394.235000;4394.575000;4390.875000;4392.505000;0
20260811 012700;4392.355000;4393.705000;4391.825000;4393.245000;0
20260811 012800;4393.395000;4393.495000;4391.045000;4391.045000;0
20260811 012900;4391.175000;4393.005000;4390.345000;4392.045000;0
20260811 013000;4391.855000;4391.855000;4380.155000;4380.485000;0
20260811 013100;4380.235000;4380.955000;4375.925000;4377.585000;0
20260811 013200;4377.485000;4378.655000;4372.165000;4373.645000;0
20260811 013300;4373.645000;4380.455000;4373.295000;4380.055000;0
20260811 013400;4380.215000;4385.075000;4378.855000;4383.995000;0
20260811 013500;4384.005000;4384.695000;4381.625000;4383.235000;0
20260811 013600;4383.125000;4385.485000;4382.585000;4383.475000;0
20260811 013700;4383.575000;4385.645000;4380.855000;4381.995000;0
20260811 013800;4382.065000;4383.885000;4380.855000;4380.955000;0
20260811 013900;4381.065000;4381.835000;4376.875000;4379.255000;0
20260811 014000;4379.115000;4379.725000;4377.045000;4378.425000;0
20260811 014100;4378.275000;4378.625000;4375.905000;4376.965000;0
20260811 014200;4377.125000;4377.125000;4373.125000;4374.205000;0
20260811 014300;4374.085000;4374.925000;4373.025000;4374.925000;0
20260811 014400;4374.955000;4378.925000;4374.755000;4376.595000;0
20260811 014500;4376.475000;4377.675000;4373.825000;4374.265000;0
20260811 014600;4374.315000;4374.375000;4371.635000;4372.805000;0
20260811 014700;4373.125000;4377.595000;4372.125000;4377.595000;0
20260811 014800;4377.685000;4377.685000;4373.065000;4373.985000;0
20260811 014900;4374.315000;4374.935000;4371.665000;4371.855000;0
20260811 015000;4371.815000;4372.325000;4369.095000;4369.795000;0
20260811 015100;4369.665000;4370.955000;4367.995000;4369.245000;0
20260811 015200;4369.145000;4372.485000;4368.775000;4372.275000;0
20260811 015300;4372.275000;4373.115000;4369.985000;4371.425000;0
20260811 015400;4371.295000;4371.565000;4369.485000;4369.655000;0
20260811 015500;4369.835000;4369.865000;4367.685000;4368.575000;0
20260811 015600;4368.435000;4371.125000;4367.075000;4370.735000;0
20260811 015700;4370.415000;4374.635000;4370.415000;4372.415000;0
20260811 015800;4372.285000;4374.545000;4371.955000;4372.925000;0
20260811 015900;4372.875000;4375.435000;4372.685000;4375.245000;0
20260811 020000;4375.275000;4375.355000;4371.635000;4373.075000;0
20260811 020100;4373.075000;4377.415000;4372.875000;4376.695000;0
20260811 020200;4376.865000;4378.825000;4375.765000;4378.275000;0
20260811 020300;4378.035000;4380.135000;4378.035000;4379.715000;0
20260811 020400;4379.595000;4380.775000;4378.645000;4379.325000;0
20260811 020500;4379.325000;4379.585000;4377.915000;4378.375000;0
20260811 020600;4378.705000;4380.665000;4378.665000;4379.525000;0
20260811 020700;4379.525000;4381.555000;4379.115000;4380.575000;0
20260811 020800;4380.575000;4381.505000;4379.735000;4381.375000;0
20260811 020900;4381.255000;4382.205000;4381.145000;4382.085000;0
20260811 021000;4382.085000;4382.085000;4379.225000;4379.595000;0
20260811 021100;4379.445000;4381.015000;4376.955000;4381.015000;0
20260811 021200;4380.905000;4381.825000;4379.355000;4379.375000;0
20260811 021300;4379.535000;4379.994000;4377.735000;4378.245000;0
20260811 021400;4378.095000;4378.095000;4372.445000;4372.565000;0
20260811 021500;4372.515000;4373.905000;4371.505000;4372.865000;0
20260811 021600;4372.855000;4373.175000;4371.455000;4373.005000;0
20260811 021700;4373.175000;4375.395000;4373.175000;4374.915000;0
20260811 021800;4374.815000;4375.885000;4372.165000;4372.315000;0
20260811 021900;4372.465000;4374.425000;4369.285000;4369.635000;0
20260811 022000;4369.525000;4370.385000;4367.285000;4370.385000;0
20260811 022100;4370.385000;4371.515000;4368.405000;4368.825000;0
20260811 022200;4368.825000;4372.405000;4368.705000;4372.315000;0
20260811 022300;4372.315000;4374.185000;4372.065000;4372.365000;0
20260811 022400;4372.365000;4374.245000;4371.485000;4373.475000;0
20260811 022500;4373.365000;4373.645000;4371.235000;4371.905000;0
20260811 022600;4371.905000;4372.445000;4369.835000;4372.305000;0
20260811 022700;4372.115000;4372.555000;4370.865000;4370.945000;0
20260811 022800;4370.915000;4372.805000;4366.175000;4367.145000;0
20260811 022900;4367.365000;4367.925000;4361.835000;4363.195000;0
20260811 023000;4363.225000;4367.575000;4362.765000;4364.975000;0
20260811 023100;4364.905000;4365.205000;4361.465000;4362.015000;0
20260811 023200;4362.005000;4363.875000;4361.145000;4361.245000;0
20260811 023300;4361.365000;4361.835000;4359.295000;4361.385000;0
20260811 023400;4361.275000;4363.595000;4360.975000;4362.305000;0
20260811 023500;4362.305000;4365.115000;4361.875000;4361.875000;0
20260811 023600;4361.835000;4365.275000;4360.445000;4365.235000;0
20260811 023700;4365.055000;4367.905000;4364.715000;4366.335000;0
20260811 023800;4366.315000;4367.045000;4364.815000;4366.765000;0
20260811 023900;4366.865000;4367.915000;4366.415000;4367.785000;0
20260811 024000;4367.735000;4369.045000;4367.115000;4368.445000;0
20260811 024100;4368.585000;4368.925000;4367.245000;4367.245000;0
20260811 024200;4367.245000;4367.865000;4366.865000;4367.615000;0
20260811 024300;4367.615000;4367.615000;4365.025000;4366.025000;0
20260811 024400;4365.895000;4366.155000;4362.975000;4363.375000;0
20260811 024500;4363.535000;4364.215000;4362.445000;4364.155000;0
20260811 024600;4364.155000;4365.195000;4363.145000;4365.045000;0
20260811 024700;4364.955000;4366.545000;4364.925000;4366.135000;0
20260811 024800;4366.275000;4367.005000;4365.845000;4366.095000;0
20260811 024900;4366.215000;4366.545000;4365.585000;4366.415000;0
20260811 025000;4366.425000;4367.065000;4365.845000;4366.575000;0
20260811 025100;4366.545000;4367.385000;4365.985000;4366.355000;0
20260811 025200;4366.235000;4366.465000;4364.365000;4364.875000;0
20260811 025300;4364.885000;4365.675000;4362.385000;4362.435000;0
20260811 025400;4362.375000;4362.685000;4360.385000;4361.205000;0
20260811 025500;4361.385000;4363.005000;4359.255000;4362.365000;0
20260811 025600;4362.435000;4364.325000;4361.665000;4363.965000;0
20260811 025700;4364.055000;4364.555000;4363.355000;4364.035000;0
20260811 025800;4364.075000;4364.405000;4363.705000;4364.055000;0
20260811 025900;4363.965000;4365.825000;4363.215000;4365.825000;0
20260811 030000;4365.815000;4366.175000;4364.445000;4365.895000;0
20260811 030100;4365.925000;4367.515000;4364.485000;4364.665000;0
20260811 030200;4364.485000;4366.375000;4364.485000;4365.745000;0
20260811 030300;4365.755000;4366.195000;4361.655000;4361.895000;0
20260811 030400;4362.545000;4365.345000;4362.515000;4362.665000;0
20260811 030500;4362.705000;4364.805000;4362.285000;4362.345000;0
20260811 030600;4362.345000;4363.165000;4361.135000;4362.715000;0
20260811 030700;4362.665000;4363.765000;4361.965000;4362.015000;0
20260811 030800;4362.045000;4364.695000;4361.295000;4363.135000;0
20260811 030900;4363.125000;4363.705000;4361.085000;4361.585000;0
20260811 031000;4361.585000;4362.655000;4361.145000;4362.165000;0
20260811 031100;4362.105000;4362.665000;4361.125000;4361.645000;0
20260811 031200;4361.615000;4363.195000;4361.235000;4363.175000;0
20260811 031300;4363.195000;4364.175000;4362.685000;4364.175000;0
20260811 031400;4364.275000;4364.715000;4362.555000;4363.205000;0
20260811 031500;4363.175000;4363.505000;4361.175000;4361.985000;0
20260811 031600;4361.945000;4363.275000;4361.575000;4363.065000;0
20260811 031700;4362.925000;4363.345000;4360.515000;4360.795000;0
20260811 031800;4360.735000;4361.735000;4359.625000;4359.915000;0
20260811 031900;4360.125000;4360.805000;4357.685000;4359.715000;0
20260811 032000;4359.785000;4361.695000;4359.715000;4361.345000;0
20260811 032100;4361.235000;4361.745000;4358.925000;4360.255000;0
20260811 032200;4360.315000;4361.315000;4359.175000;4359.555000;0
20260811 032300;4359.295000;4359.505000;4357.455000;4358.875000;0
20260811 032400;4359.045000;4360.275000;4358.765000;4359.765000;0
20260811 032500;4359.835000;4361.325000;4359.235000;4361.315000;0
20260811 032600;4361.285000;4365.795000;4361.025000;4365.085000;0
20260811 032700;4365.035000;4365.255000;4363.635000;4363.875000;0
20260811 032800;4363.875000;4364.545000;4363.535000;4363.815000;0
20260811 032900;4363.765000;4363.825000;4362.515000;4362.885000;0
20260811 033000;4363.005000;4364.685000;4361.995000;4361.995000;0
20260811 033100;4362.065000;4362.235000;4358.445000;4360.615000;0
20260811 033200;4360.575000;4362.245000;4360.425000;4361.225000;0
20260811 033300;4361.195000;4362.755000;4360.885000;4360.955000;0
20260811 033400;4360.925000;4361.735000;4360.505000;4360.935000;0
20260811 033500;4360.965000;4362.475000;4360.705000;4362.475000;0
20260811 033600;4362.475000;4363.345000;4361.795000;4362.095000;0
20260811 033700;4362.095000;4362.375000;4360.585000;4361.305000;0
20260811 033800;4361.475000;4361.475000;4359.975000;4360.115000;0
20260811 033900;4360.015000;4360.465000;4358.935000;4358.935000;0
20260811 034000;4358.775000;4358.965000;4356.645000;4357.915000;0
20260811 034100;4357.645000;4358.635000;4356.835000;4357.085000;0
20260811 034200;4356.775000;4357.995000;4356.625000;4357.605000;0
20260811 034300;4357.505000;4358.075000;4356.875000;4357.595000;0
20260811 034400;4357.665000;4358.485000;4357.665000;4358.195000;0
20260811 034500;4358.485000;4358.805000;4357.365000;4358.185000;0
20260811 034600;4358.145000;4358.945000;4357.715000;4358.745000;0
20260811 034700;4358.745000;4359.145000;4357.445000;4358.815000;0
20260811 034800;4358.715000;4359.595000;4358.595000;4359.195000;0
20260811 034900;4359.165000;4359.505000;4358.275000;4359.115000;0
20260811 035000;4359.115000;4359.275000;4357.665000;4358.915000;0
20260811 035100;4358.835000;4361.115000;4358.025000;4360.445000;0
20260811 035200;4360.245000;4361.345000;4359.805000;4360.965000;0
20260811 035300;4361.055000;4361.325000;4359.255000;4359.955000;0
20260811 035400;4359.865000;4360.645000;4359.535000;4359.725000;0
20260811 035500;4359.555000;4359.795000;4358.565000;4358.605000;0
20260811 035600;4358.605000;4359.015000;4357.725000;4358.185000;0
20260811 035700;4358.175000;4358.435000;4356.605000;4358.265000;0
20260811 035800;4358.235000;4358.435000;4356.755000;4356.915000;0
20260811 035900;4356.865000;4357.605000;4356.325000;4357.405000;0
20260811 040000;4357.335000;4359.295000;4356.735000;4359.065000;0
20260811 040100;4359.015000;4361.095000;4358.775000;4359.805000;0
20260811 040200;4359.795000;4361.915000;4359.795000;4361.615000;0
20260811 040300;4361.615000;4363.845000;4361.615000;4363.775000;0
20260811 040400;4363.545000;4363.995000;4362.915000;4362.975000;0
20260811 040500;4362.775000;4365.285000;4362.225000;4365.245000;0
20260811 040600;4365.245000;4365.425000;4363.985000;4365.425000;0
20260811 040700;4365.285000;4366.605000;4365.155000;4365.625000;0
20260811 040800;4365.635000;4366.285000;4365.225000;4365.735000;0
20260811 040900;4365.705000;4366.105000;4364.515000;4365.375000;0
20260811 041000;4365.295000;4366.485000;4364.985000;4365.595000;0
20260811 041100;4365.565000;4366.445000;4365.045000;4365.555000;0
20260811 041200;4365.425000;4365.475000;4364.495000;4364.695000;0
20260811 041300;4364.575000;4364.915000;4363.795000;4364.405000;0
20260811 041400;4364.395000;4365.475000;4364.355000;4364.995000;0
20260811 041500;4364.745000;4365.485000;4364.065000;4364.555000;0
20260811 041600;4364.525000;4364.665000;4361.775000;4362.685000;0
20260811 041700;4362.585000;4363.115000;4360.975000;4361.285000;0
20260811 041800;4361.255000;4361.505000;4359.935000;4361.005000;0
20260811 041900;4361.455000;4362.825000;4360.905000;4362.015000;0
20260811 042000;4361.975000;4363.745000;4360.685000;4360.685000;0
20260811 042100;4360.945000;4361.835000;4358.935000;4361.415000;0
20260811 042200;4361.355000;4362.685000;4360.835000;4362.435000;0
20260811 042300;4362.405000;4363.925000;4361.705000;4363.015000;0
20260811 042400;4362.885000;4364.575000;4362.885000;4364.515000;0
20260811 042500;4364.435000;4365.205000;4363.755000;4365.205000;0
20260811 042600;4365.095000;4367.885000;4364.915000;4367.625000;0
20260811 042700;4367.735000;4368.535000;4367.215000;4367.685000;0
20260811 042800;4367.675000;4368.565000;4367.455000;4368.355000;0
20260811 042900;4368.455000;4369.505000;4368.125000;4368.995000;0
20260811 043000;4368.785000;4370.815000;4368.615000;4369.675000;0
20260811 043100;4369.645000;4371.375000;4369.435000;4371.335000;0
20260811 043200;4370.995000;4371.015000;4369.645000;4370.195000;0
20260811 043300;4370.075000;4372.365000;4368.675000;4370.695000;0
20260811 043400;4370.685000;4371.265000;4369.285000;4371.085000;0
20260811 043500;4371.065000;4371.985000;4370.625000;4371.785000;0
20260811 043600;4371.665000;4372.125000;4371.135000;4371.985000;0
20260811 043700;4371.945000;4373.085000;4371.445000;4372.825000;0
20260811 043800;4372.715000;4373.305000;4372.275000;4373.025000;0
20260811 043900;4373.125000;4374.955000;4372.915000;4374.555000;0
20260811 044000;4374.415000;4374.975000;4374.025000;4374.905000;0
20260811 044100;4374.845000;4375.415000;4374.185000;4374.865000;0
20260811 044200;4374.825000;4375.645000;4374.285000;4375.285000;0
20260811 044300;4375.305000;4375.855000;4375.075000;4375.495000;0
20260811 044400;4375.455000;4375.495000;4373.935000;4374.615000;0
20260811 044500;4374.655000;4375.095000;4374.385000;4374.615000;0
20260811 044600;4374.525000;4375.425000;4374.275000;4374.305000;0
20260811 044700;4374.355000;4374.725000;4373.635000;4373.635000;0
20260811 044800;4373.685000;4374.305000;4372.365000;4373.355000;0
20260811 044900;4373.075000;4374.305000;4372.615000;4374.135000;0
20260811 045000;4374.105000;4376.585000;4373.945000;4375.665000;0
20260811 045100;4375.545000;4376.475000;4374.355000;4374.585000;0
20260811 045200;4374.555000;4375.505000;4373.925000;4373.925000;0
20260811 045300;4374.035000;4374.195000;4372.325000;4372.595000;0
20260811 045400;4372.725000;4372.915000;4370.895000;4371.035000;0
20260811 045500;4371.015000;4372.405000;4371.015000;4371.465000;0
20260811 045600;4371.425000;4371.835000;4370.855000;4371.195000;0
20260811 045700;4371.195000;4371.195000;4370.295000;4370.835000;0
20260811 045800;4370.815000;4371.075000;4370.025000;4370.145000;0
20260811 045900;4370.155000;4370.245000;4368.875000;4369.035000;0
20260811 050000;4369.035000;4369.065000;4367.425000;4367.595000;0
20260811 050100;4367.405000;4368.875000;4367.395000;4368.355000;0
20260811 050200;4368.495000;4371.185000;4367.985000;4370.875000;0
20260811 050300;4370.875000;4371.615000;4369.965000;4370.345000;0
20260811 050400;4370.465000;4371.335000;4370.425000;4371.115000;0
20260811 050500;4371.065000;4372.255000;4370.965000;4371.975000;0
20260811 050600;4371.845000;4372.295000;4370.945000;4371.065000;0
20260811 050700;4371.195000;4372.125000;4370.945000;4371.415000;0
20260811 050800;4371.435000;4372.165000;4370.435000;4370.875000;0
20260811 050900;4370.875000;4371.495000;4370.075000;4370.175000;0
20260811 051000;4370.235000;4371.695000;4370.115000;4371.565000;0
20260811 051100;4371.565000;4372.825000;4370.955000;4371.255000;0
20260811 051200;4371.255000;4371.735000;4370.995000;4371.495000;0
20260811 051300;4371.535000;4372.655000;4371.065000;4372.255000;0
20260811 051400;4372.225000;4372.665000;4371.985000;4372.295000;0
20260811 051500;4372.425000;4373.005000;4371.475000;4372.325000;0
20260811 051600;4372.255000;4372.895000;4370.955000;4371.705000;0
20260811 051700;4371.705000;4372.515000;4371.265000;4372.515000;0
20260811 051800;4372.465000;4373.615000;4371.865000;4373.225000;0
20260811 051900;4373.285000;4374.015000;4372.655000;4373.875000;0
20260811 052000;4373.785000;4375.335000;4373.695000;4374.955000;0
20260811 052100;4374.955000;4375.185000;4371.725000;4371.725000;0
20260811 052200;4371.705000;4373.315000;4370.675000;4373.135000;0
20260811 052300;4373.235000;4373.595000;4372.215000;4373.045000;0
20260811 052400;4373.045000;4373.605000;4372.315000;4372.635000;0
20260811 052500;4372.645000;4372.675000;4370.995000;4371.765000;0
20260811 052600;4371.735000;4372.135000;4370.515000;4372.025000;0
20260811 052700;4372.385000;4375.025000;4371.285000;4375.025000;0
20260811 052800;4375.025000;4375.355000;4372.895000;4372.905000;0
20260811 052900;4372.835000;4373.755000;4371.645000;4371.745000;0
20260811 053000;4371.705000;4373.435000;4369.885000;4371.635000;0
20260811 053100;4371.855000;4373.765000;4370.225000;4373.765000;0
20260811 053200;4373.795000;4374.895000;4372.825000;4374.375000;0
20260811 053300;4374.435000;4374.595000;4372.825000;4373.145000;0
20260811 053400;4373.075000;4374.005000;4372.835000;4373.525000;0
20260811 053500;4373.525000;4373.595000;4372.565000;4373.185000;0
20260811 053600;4373.185000;4374.015000;4371.745000;4373.165000;0
20260811 053700;4373.205000;4373.975000;4372.615000;4373.975000;0
20260811 053800;4373.955000;4374.425000;4372.945000;4374.425000;0
20260811 053900;4374.435000;4374.515000;4372.745000;4373.185000;0
20260811 054000;4373.325000;4373.965000;4372.985000;4373.275000;0
20260811 054100;4373.275000;4374.135000;4373.275000;4374.055000;0
20260811 054200;4374.015000;4374.045000;4371.505000;4371.505000;0
20260811 054300;4371.455000;4372.635000;4370.655000;4371.905000;0
20260811 054400;4371.955000;4371.955000;4370.345000;4370.345000;0
20260811 054500;4370.345000;4371.005000;4370.175000;4370.545000;0
20260811 054600;4370.585000;4372.405000;4370.545000;4372.295000;0
20260811 054700;4372.345000;4372.505000;4371.765000;4372.445000;0
20260811 054800;4372.405000;4374.385000;4372.315000;4374.045000;0
20260811 054900;4374.085000;4374.205000;4373.235000;4373.685000;0
20260811 055000;4373.635000;4373.805000;4371.855000;4372.215000;0
20260811 055100;4372.275000;4372.505000;4371.405000;4371.505000;0
20260811 055200;4371.525000;4371.945000;4371.045000;4371.575000;0
20260811 055300;4371.505000;4372.925000;4371.375000;4372.725000;0
20260811 055400;4372.855000;4372.855000;4371.115000;4371.595000;0
20260811 055500;4371.535000;4372.195000;4371.135000;4371.195000;0
20260811 055600;4370.995000;4371.785000;4370.855000;4371.615000;0
20260811 055700;4371.725000;4372.455000;4371.715000;4372.105000;0
20260811 055800;4372.085000;4372.825000;4371.925000;4372.175000;0
20260811 055900;4372.145000;4372.435000;4371.575000;4372.225000;0
20260811 060000;4372.375000;4373.975000;4372.055000;4373.265000;0
20260811 060100;4373.365000;4373.925000;4372.955000;4373.135000;0
20260811 060200;4373.235000;4373.585000;4370.995000;4371.375000;0
20260811 060300;4371.525000;4372.605000;4371.065000;4372.365000;0
20260811 060400;4372.475000;4373.115000;4372.095000;4372.095000;0
20260811 060500;4372.215000;4373.215000;4371.285000;4373.215000;0
20260811 060600;4373.165000;4374.385000;4373.015000;4373.735000;0
20260811 060700;4373.855000;4374.585000;4372.295000;4372.335000;0
20260811 060800;4372.485000;4374.005000;4372.485000;4373.415000;0
20260811 060900;4373.545000;4373.815000;4373.035000;4373.425000;0
20260811 061000;4373.405000;4375.825000;4373.365000;4375.095000;0
20260811 061100;4375.125000;4375.415000;4374.505000;4374.935000;0
20260811 061200;4375.075000;4375.075000;4373.165000;4373.475000;0
20260811 061300;4373.475000;4373.595000;4372.905000;4373.395000;0
20260811 061400;4373.455000;4373.575000;4372.865000;4372.925000;0
20260811 061500;4372.945000;4373.925000;4372.875000;4373.405000;0
20260811 061600;4373.555000;4374.265000;4373.315000;4374.045000;0
20260811 061700;4374.175000;4374.915000;4373.945000;4374.685000;0
20260811 061800;4374.655000;4374.655000;4372.735000;4373.675000;0
20260811 061900;4373.575000;4373.785000;4372.335000;4372.335000;0
20260811 062000;4372.335000;4372.905000;4372.175000;4372.645000;0
20260811 062100;4372.625000;4373.515000;4372.595000;4373.185000;0
20260811 062200;4373.165000;4376.925000;4373.135000;4375.735000;0
20260811 062300;4375.755000;4377.815000;4375.645000;4375.985000;0
20260811 062400;4375.985000;4377.505000;4375.695000;4377.475000;0
20260811 062500;4377.395000;4380.325000;4376.375000;4379.435000;0
20260811 062600;4379.425000;4381.235000;4378.235000;4378.535000;0
20260811 062700;4378.445000;4379.255000;4378.045000;4378.675000;0
20260811 062800;4378.755000;4381.665000;4378.565000;4378.855000;0
20260811 062900;4378.775000;4378.965000;4377.745000;4378.115000;0
20260811 063000;4378.065000;4379.935000;4378.005000;4379.775000;0
20260811 063100;4379.775000;4380.775000;4379.275000;4380.665000;0
20260811 063200;4380.665000;4380.775000;4378.845000;4379.575000;0
20260811 063300;4379.485000;4379.555000;4377.945000;4378.615000;0
20260811 063400;4378.645000;4379.265000;4377.945000;4379.105000;0
20260811 063500;4379.095000;4379.535000;4378.355000;4378.495000;0
20260811 063600;4378.495000;4379.595000;4378.495000;4379.005000;0
20260811 063700;4379.015000;4379.245000;4378.655000;4379.135000;0
20260811 063800;4379.125000;4379.805000;4378.685000;4378.745000;0
20260811 063900;4378.925000;4378.925000;4377.485000;4377.805000;0
20260811 064000;4377.805000;4378.095000;4377.455000;4377.935000;0
20260811 064100;4377.805000;4378.295000;4377.645000;4377.875000;0
20260811 064200;4377.985000;4378.395000;4376.985000;4377.215000;0
20260811 064300;4377.215000;4377.925000;4376.835000;4377.705000;0
20260811 064400;4377.725000;4378.145000;4377.265000;4377.595000;0
20260811 064500;4377.555000;4378.545000;4377.465000;4377.985000;0
20260811 064600;4377.525000;4379.785000;4377.355000;4379.635000;0
20260811 064700;4379.575000;4380.205000;4379.215000;4379.735000;0
20260811 064800;4379.675000;4379.795000;4379.305000;4379.415000;0
20260811 064900;4379.415000;4380.965000;4378.615000;4380.965000;0
20260811 065000;4380.865000;4381.675000;4380.365000;4381.015000;0
20260811 065100;4381.065000;4381.455000;4380.435000;4380.835000;0
20260811 065200;4380.845000;4381.235000;4380.385000;4381.065000;0
20260811 065300;4381.065000;4381.065000;4380.135000;4380.595000;0
20260811 065400;4380.455000;4380.985000;4380.145000;4380.545000;0
20260811 065500;4380.545000;4381.365000;4379.795000;4379.865000;0
20260811 065600;4379.885000;4380.245000;4379.435000;4379.715000;0
20260811 065700;4379.715000;4380.085000;4378.785000;4379.085000;0
20260811 065800;4379.085000;4379.695000;4378.945000;4379.285000;0
20260811 065900;4379.245000;4382.335000;4379.215000;4382.125000;0
20260811 070000;4382.255000;4382.325000;4380.455000;4380.455000;0
20260811 070100;4380.365000;4390.605000;4380.345000;4389.885000;0
20260811 070200;4389.875000;4391.685000;4387.015000;4389.785000;0
20260811 070300;4389.665000;4392.825000;4386.865000;4392.695000;0
20260811 070400;4392.795000;4392.795000;4389.315000;4390.975000;0
20260811 070500;4391.125000;4392.275000;4390.315000;4391.765000;0
20260811 070600;4391.625000;4391.805000;4388.545000;4389.405000;0
20260811 070700;4389.325000;4391.825000;4388.915000;4390.825000;0
20260811 070800;4390.895000;4391.725000;4389.795000;4391.435000;0
20260811 070900;4391.395000;4391.875000;4389.525000;4390.435000;0
20260811 071000;4390.475000;4391.515000;4389.475000;4390.855000;0
20260811 071100;4390.975000;4391.275000;4389.115000;4389.725000;0
20260811 071200;4389.725000;4391.685000;4387.765000;4391.625000;0
20260811 071300;4391.625000;4392.365000;4390.745000;4391.255000;0
20260811 071400;4391.335000;4391.425000;4390.165000;4391.225000;0
20260811 071500;4391.215000;4391.845000;4390.555000;4391.435000;0
20260811 071600;4391.605000;4392.265000;4389.955000;4390.705000;0
20260811 071700;4390.585000;4390.685000;4388.435000;4389.285000;0
20260811 071800;4389.455000;4390.085000;4388.915000;4389.525000;0
20260811 071900;4389.455000;4390.475000;4387.965000;4389.835000;0
20260811 072000;4389.895000;4391.075000;4388.045000;4388.095000;0
20260811 072100;4388.025000;4388.505000;4386.895000;4386.985000;0
20260811 072200;4386.895000;4387.035000;4385.945000;4386.475000;0
20260811 072300;4386.545000;4386.785000;4385.385000;4385.775000;0
20260811 072400;4385.725000;4386.685000;4385.715000;4385.995000;0
20260811 072500;4386.075000;4386.435000;4385.055000;4385.555000;0
20260811 072600;4385.555000;4388.475000;4385.435000;4387.925000;0
20260811 072700;4387.925000;4387.925000;4386.635000;4386.635000;0
20260811 072800;4386.645000;4387.655000;4386.555000;4387.615000;0
20260811 072900;4387.655000;4388.065000;4386.325000;4387.185000;0
20260811 073000;4387.545000;4387.955000;4386.915000;4387.385000;0
20260811 073100;4387.365000;4387.855000;4386.215000;4387.095000;0
20260811 073200;4387.025000;4387.145000;4385.145000;4386.075000;0
20260811 073300;4386.145000;4386.665000;4385.555000;4385.855000;0
20260811 073400;4385.855000;4386.845000;4385.715000;4386.105000;0
20260811 073500;4386.125000;4386.545000;4385.655000;4386.305000;0
20260811 073600;4386.335000;4386.905000;4385.425000;4386.675000;0
20260811 073700;4386.615000;4386.615000;4385.035000;4385.535000;0
20260811 073800;4385.535000;4385.755000;4384.165000;4384.365000;0
20260811 073900;4384.275000;4384.605000;4383.255000;4384.325000;0
20260811 074000;4384.465000;4385.275000;4383.845000;4384.225000;0
20260811 074100;4384.195000;4384.195000;4383.055000;4383.355000;0
20260811 074200;4383.285000;4384.055000;4382.855000;4383.945000;0
20260811 074300;4383.765000;4385.935000;4383.765000;4385.135000;0
20260811 074400;4385.115000;4386.245000;4385.085000;4386.225000;0
20260811 074500;4386.115000;4388.065000;4385.625000;4387.865000;0
20260811 074600;4387.905000;4388.895000;4385.405000;4387.545000;0
20260811 074700;4387.565000;4388.335000;4386.995000;4387.305000;0
20260811 074800;4387.355000;4387.725000;4386.105000;4386.365000;0
20260811 074900;4386.555000;4387.655000;4385.945000;4387.435000;0
20260811 075000;4387.365000;4388.005000;4386.515000;4386.745000;0
20260811 075100;4386.485000;4387.275000;4384.785000;4386.815000;0
20260811 075200;4386.915000;4389.295000;4386.635000;4388.765000;0
20260811 075300;4388.815000;4389.695000;4386.885000;4387.425000;0
20260811 075400;4387.415000;4388.345000;4386.025000;4387.445000;0
20260811 075500;4387.395000;4387.395000;4385.555000;4386.835000;0
20260811 075600;4386.885000;4388.005000;4386.665000;4387.105000;0
20260811 075700;4387.065000;4388.195000;4386.895000;4388.165000;0
20260811 075800;4388.145000;4388.525000;4387.485000;4387.785000;0
20260811 075900;4387.825000;4388.105000;4387.195000;4387.575000;0
20260811 080000;4387.555000;4387.705000;4384.755000;4385.655000;0
20260811 080100;4385.645000;4386.115000;4384.235000;4385.185000;0
20260811 080200;4385.195000;4385.815000;4383.625000;4383.845000;0
20260811 080300;4383.805000;4386.645000;4383.765000;4386.455000;0
20260811 080400;4386.505000;4386.595000;4384.455000;4385.045000;0
20260811 080500;4385.055000;4389.815000;4384.825000;4389.605000;0
20260811 080600;4389.565000;4392.075000;4388.535000;4391.415000;0
20260811 080700;4391.415000;4392.895000;4389.995000;4392.575000;0
20260811 080800;4392.575000;4395.155000;4392.215000;4394.195000;0
20260811 080900;4394.295000;4394.755000;4392.735000;4393.475000;0
20260811 081000;4393.585000;4395.755000;4393.235000;4393.915000;0
20260811 081100;4393.955000;4395.245000;4391.535000;4392.115000;0
20260811 081200;4392.035000;4395.385000;4391.975000;4395.015000;0
20260811 081300;4395.155000;4397.425000;4395.025000;4395.855000;0
20260811 081400;4395.855000;4397.355000;4395.735000;4396.795000;0
20260811 081500;4396.825000;4397.705000;4394.615000;4395.485000;0
20260811 081600;4395.455000;4396.085000;4394.275000;4394.675000;0
20260811 081700;4394.595000;4394.975000;4392.665000;4393.055000;0
20260811 081800;4393.375000;4395.515000;4392.955000;4394.735000;0
20260811 081900;4394.735000;4396.875000;4394.585000;4395.715000;0
20260811 082000;4395.495000;4398.045000;4395.125000;4397.875000;0
20260811 082100;4397.875000;4399.685000;4397.385000;4398.145000;0
20260811 082200;4398.145000;4399.445000;4392.825000;4394.005000;0
20260811 082300;4394.105000;4394.615000;4388.335000;4388.635000;0
20260811 082400;4388.565000;4390.285000;4387.815000;4388.985000;0
20260811 082500;4389.035000;4390.365000;4387.155000;4389.335000;0
20260811 082600;4389.065000;4390.835000;4388.145000;4390.725000;0
20260811 082700;4390.595000;4392.935000;4389.925000;4391.075000;0
20260811 082800;4390.865000;4393.065000;4389.355000;4392.665000;0
20260811 082900;4392.675000;4392.745000;4390.795000;4391.125000;0
20260811 083000;4391.175000;4391.975000;4389.255000;4391.435000;0
20260811 083100;4391.635000;4392.845000;4391.055000;4391.735000;0
20260811 083200;4391.785000;4395.135000;4391.515000;4394.525000;0
20260811 083300;4394.435000;4394.865000;4391.515000;4391.615000;0
20260811 083400;4391.585000;4391.725000;4388.645000;4389.965000;0
20260811 083500;4389.805000;4391.305000;4389.035000;4390.215000;0
20260811 083600;4390.105000;4391.935000;4388.965000;4391.605000;0
20260811 083700;4391.655000;4391.985000;4389.935000;4389.935000;0
20260811 083800;4389.915000;4391.165000;4388.815000;4390.505000;0
20260811 083900;4390.515000;4391.045000;4388.765000;4389.695000;0
20260811 084000;4389.795000;4390.755000;4389.645000;4390.675000;0
20260811 084100;4390.675000;4395.215000;4390.675000;4395.215000;0
20260811 084200;4395.135000;4396.045000;4394.525000;4394.655000;0
20260811 084300;4394.645000;4395.675000;4393.745000;4395.515000;0
20260811 084400;4395.275000;4398.365000;4394.695000;4398.365000;0
20260811 084500;4398.335000;4400.055000;4397.695000;4399.335000;0
20260811 084600;4399.175000;4399.175000;4396.065000;4396.175000;0
20260811 084700;4396.125000;4397.435000;4395.215000;4396.935000;0
20260811 084800;4396.905000;4398.125000;4395.455000;4395.755000;0
20260811 084900;4395.715000;4397.435000;4395.355000;4397.225000;0
20260811 085000;4397.195000;4397.395000;4395.865000;4395.975000;0
20260811 085100;4395.945000;4397.845000;4395.395000;4395.775000;0
20260811 085200;4395.795000;4395.905000;4393.335000;4393.925000;0
20260811 085300;4393.925000;4394.445000;4392.815000;4393.835000;0
20260811 085400;4393.715000;4394.125000;4392.675000;4393.415000;0
20260811 085500;4393.445000;4394.035000;4392.665000;4393.795000;0
20260811 085600;4393.765000;4394.145000;4393.055000;4394.145000;0
20260811 085700;4394.155000;4394.165000;4392.645000;4394.155000;0
20260811 085800;4394.015000;4394.625000;4393.185000;4393.605000;0
20260811 085900;4393.425000;4393.425000;4391.965000;4392.265000;0
20260811 090000;4392.385000;4397.815000;4391.755000;4396.725000;0
20260811 090100;4396.735000;4397.755000;4394.955000;4396.525000;0
20260811 090200;4396.605000;4398.635000;4395.445000;4397.555000;0
20260811 090300;4397.595000;4399.085000;4396.795000;4397.315000;0
20260811 090400;4397.465000;4397.695000;4391.925000;4392.525000;0
20260811 090500;4392.645000;4394.725000;4392.425000;4394.325000;0
20260811 090600;4394.415000;4394.875000;4393.475000;4393.945000;0
20260811 090700;4394.015000;4395.425000;4393.535000;4395.075000;0
20260811 090800;4395.135000;4396.895000;4395.045000;4396.045000;0
20260811 090900;4395.625000;4398.835000;4395.205000;4398.785000;0
20260811 091000;4398.805000;4400.445000;4398.055000;4399.175000;0
20260811 091100;4399.225000;4400.765000;4398.845000;4399.215000;0
20260811 091200;4399.075000;4399.415000;4397.915000;4398.985000;0
20260811 091300;4399.015000;4399.015000;4397.705000;4398.095000;0
20260811 091400;4398.105000;4398.285000;4393.555000;4393.615000;0
20260811 091500;4393.565000;4393.565000;4391.075000;4392.485000;0
20260811 091600;4392.585000;4392.585000;4389.295000;4391.105000;0
20260811 091700;4391.055000;4393.315000;4390.395000;4392.925000;0
20260811 091800;4393.035000;4394.745000;4392.375000;4393.945000;0
20260811 091900;4394.075000;4395.335000;4393.685000;4394.065000;0
20260811 092000;4394.075000;4397.845000;4394.055000;4396.615000;0
20260811 092100;4396.555000;4399.625000;4395.515000;4399.605000;0
20260811 092200;4399.565000;4400.645000;4398.305000;4400.295000;0
20260811 092300;4400.355000;4400.615000;4397.665000;4397.855000;0
20260811 092400;4397.785000;4398.555000;4396.485000;4397.775000;0
20260811 092500;4397.775000;4397.955000;4395.645000;4397.495000;0
20260811 092600;4397.555000;4399.665000;4397.375000;4399.375000;0
20260811 092700;4399.605000;4399.725000;4397.645000;4399.385000;0
20260811 092800;4399.495000;4399.865000;4398.185000;4398.185000;0
20260811 092900;4398.405000;4399.155000;4396.715000;4397.735000;0
20260811 093000;4397.715000;4399.895000;4396.895000;4398.515000;0
20260811 093100;4398.515000;4398.515000;4398.515000;4398.515000;0
20260811 093000;4398.415000;4398.415000;4398.415000;4398.415000;0
20260811 093100;4398.265000;4398.465000;4395.435000;4396.345000;0
20260811 093200;4396.295000;4398.075000;4393.745000;4394.925000;0
20260811 093300;4394.885000;4396.035000;4391.735000;4392.015000;0
20260811 093400;4392.145000;4392.505000;4389.825000;4392.095000;0
20260811 093500;4392.255000;4392.395000;4388.705000;4390.065000;0
20260811 093600;4390.015000;4395.215000;4389.265000;4395.085000;0
20260811 093700;4395.175000;4399.305000;4394.415000;4398.365000;0
20260811 093800;4398.415000;4399.085000;4394.145000;4396.135000;0
20260811 093900;4396.025000;4399.535000;4395.585000;4399.515000;0
20260811 094000;4399.365000;4399.365000;4399.365000;4399.365000;0
20260811 093900;4399.515000;4399.515000;4399.515000;4399.515000;0
20260811 094000;4399.525000;4401.245000;4398.405000;4400.895000;0
20260811 094100;4401.045000;4401.775000;4399.015000;4400.145000;0
20260811 094200;4400.075000;4401.135000;4399.165000;4400.715000;0
20260811 094300;4400.835000;4400.985000;4398.445000;4399.505000;0
20260811 094400;4399.615000;4400.655000;4398.085000;4399.595000;0
20260811 094500;4399.895000;4403.945000;4399.615000;4402.085000;0
20260811 094600;4401.955000;4403.945000;4401.205000;4402.475000;0
20260811 094700;4402.575000;4403.145000;4396.985000;4397.165000;0
20260811 094800;4397.165000;4397.165000;4392.415000;4393.305000;0
20260811 094900;4393.455000;4395.765000;4392.525000;4394.675000;0
20260811 095000;4395.005000;4396.495000;4392.335000;4392.545000;0
20260811 095100;4392.345000;4394.995000;4390.645000;4390.785000;0
20260811 095200;4390.825000;4393.035000;4389.865000;4392.635000;0
20260811 095300;4392.625000;4392.765000;4388.625000;4388.785000;0
20260811 095400;4388.985000;4389.025000;4384.245000;4387.035000;0
20260811 095500;4387.065000;4391.575000;4386.565000;4391.575000;0
20260811 095600;4391.515000;4394.485000;4391.055000;4393.295000;0
20260811 095700;4393.575000;4394.255000;4391.525000;4391.755000;0
20260811 095800;4391.725000;4391.745000;4388.355000;4388.935000;0
20260811 095900;4388.825000;4390.455000;4388.545000;4388.965000;0
20260811 100000;4388.965000;4389.735000;4385.625000;4388.445000;0
20260811 100100;4388.345000;4389.535000;4387.145000;4389.245000;0
20260811 100200;4389.275000;4389.275000;4383.025000;4385.035000;0
20260811 100300;4385.015000;4385.015000;4382.245000;4382.895000;0
20260811 100400;4382.965000;4385.155000;4380.965000;4384.775000;0
20260811 100500;4384.965000;4386.905000;4382.935000;4385.125000;0
20260811 100600;4385.235000;4386.005000;4383.075000;4384.415000;0
20260811 100700;4384.495000;4385.985000;4383.015000;4384.565000;0
20260811 100800;4384.385000;4384.915000;4382.645000;4382.885000;0
20260811 100900;4382.885000;4384.865000;4382.475000;4384.365000;0
20260811 101000;4384.355000;4386.395000;4384.275000;4385.465000;0
20260811 101100;4385.455000;4387.005000;4385.135000;4385.455000;0
20260811 101200;4385.605000;4385.675000;4381.885000;4384.895000;0
20260811 101300;4384.795000;4386.685000;4384.585000;4386.665000;0
20260811 101400;4386.555000;4386.855000;4384.675000;4386.855000;0
20260811 101500;4386.825000;4387.465000;4384.845000;4385.795000;0
20260811 101600;4385.645000;4387.325000;4385.115000;4387.175000;0
20260811 101700;4387.165000;4390.115000;4386.905000;4389.035000;0
20260811 101800;4388.995000;4389.155000;4382.505000;4383.725000;0
20260811 101900;4383.675000;4385.645000;4382.755000;4385.505000;0
20260811 102000;4385.435000;4389.335000;4385.285000;4388.035000;0
20260811 102100;4388.065000;4388.545000;4385.855000;4386.135000;0
20260811 102200;4386.035000;4386.385000;4383.455000;4383.465000;0
20260811 102300;4383.345000;4384.035000;4381.365000;4383.545000;0
20260811 102400;4383.535000;4385.495000;4382.985000;4384.245000;0
20260811 102500;4384.155000;4384.495000;4381.725000;4381.845000;0
20260811 102600;4382.085000;4385.025000;4381.845000;4384.795000;0
20260811 102700;4384.705000;4387.545000;4384.155000;4385.065000;0
20260811 102800;4385.065000;4387.665000;4384.835000;4387.195000;0
20260811 102900;4387.375000;4387.375000;4383.275000;4383.875000;0
20260811 103000;4383.875000;4387.535000;4383.875000;4386.315000;0
20260811 103100;4386.155000;4388.275000;4385.825000;4387.325000;0
20260811 103200;4387.255000;4387.715000;4385.745000;4386.315000;0
20260811 103300;4386.405000;4387.695000;4386.155000;4387.685000;0
20260811 103400;4387.685000;4390.775000;4387.375000;4390.485000;0
20260811 103500;4390.455000;4391.195000;4389.135000;4390.945000;0
20260811 103600;4391.155000;4391.975000;4390.015000;4390.165000;0
20260811 103700;4390.135000;4392.345000;4389.935000;4391.645000;0
20260811 103800;4391.755000;4392.515000;4390.925000;4391.815000;0
20260811 103900;4391.665000;4392.895000;4391.215000;4391.745000;0
20260811 104000;4391.415000;4392.365000;4391.025000;4391.305000;0
20260811 104100;4391.475000;4393.085000;4390.535000;4393.085000;0
20260811 104200;4393.005000;4395.025000;4392.785000;4393.685000;0
20260811 104300;4393.795000;4395.115000;4393.235000;4393.445000;0
20260811 104400;4393.335000;4393.995000;4392.785000;4393.225000;0
20260811 104500;4393.255000;4394.295000;4392.895000;4393.515000;0
20260811 104600;4393.515000;4395.855000;4392.655000;4393.835000;0
20260811 104700;4393.865000;4394.325000;4393.085000;4394.215000;0
20260811 104800;4394.185000;4394.715000;4393.695000;4394.395000;0
20260811 104900;4394.315000;4394.315000;4392.435000;4393.355000;0
20260811 105000;4393.395000;4393.525000;4391.625000;4393.145000;0
20260811 105100;4393.165000;4395.275000;4392.865000;4394.105000;0
20260811 105200;4394.155000;4395.025000;4393.385000;4394.285000;0
20260811 105300;4394.295000;4394.355000;4392.395000;4392.395000;0
20260811 105400;4392.265000;4395.275000;4391.805000;4395.035000;0
20260811 105500;4395.095000;4397.865000;4395.055000;4395.965000;0
20260811 105600;4395.995000;4397.375000;4395.585000;4395.835000;0
20260811 105700;4395.825000;4396.045000;4393.265000;4393.725000;0
20260811 105800;4393.725000;4394.155000;4392.775000;4393.625000;0
20260811 105900;4393.705000;4394.285000;4393.065000;4393.935000;0
20260811 110000;4394.035000;4397.595000;4392.955000;4397.525000;0
20260811 110100;4397.365000;4397.805000;4396.515000;4396.675000;0
20260811 110200;4396.645000;4397.265000;4395.965000;4397.015000;0
20260811 110300;4396.835000;4398.005000;4396.305000;4397.645000;0
20260811 110400;4397.435000;4398.665000;4396.515000;4396.695000;0
20260811 110500;4396.705000;4397.205000;4396.105000;4396.505000;0
20260811 110600;4396.505000;4396.695000;4394.225000;4394.435000;0
20260811 110700;4394.415000;4394.985000;4393.065000;4393.065000;0
20260811 110800;4393.045000;4393.045000;4390.015000;4390.575000;0
20260811 110900;4390.625000;4391.575000;4389.745000;4391.015000;0
20260811 111000;4390.905000;4391.775000;4389.075000;4390.485000;0
20260811 111100;4390.505000;4392.055000;4390.395000;4391.615000;0
20260811 111200;4391.685000;4393.615000;4391.685000;4393.615000;0
20260811 111300;4393.635000;4395.735000;4393.205000;4393.205000;0
20260811 111400;4393.205000;4393.455000;4391.635000;4392.095000;0
20260811 111500;4391.985000;4392.055000;4389.295000;4390.095000;0
20260811 111600;4390.185000;4390.655000;4388.415000;4388.515000;0
20260811 111700;4388.695000;4389.115000;4386.565000;4387.815000;0
20260811 111800;4387.735000;4388.145000;4382.785000;4383.075000;0
20260811 111900;4383.135000;4386.335000;4381.945000;4386.115000;0
20260811 112000;4386.125000;4386.445000;4384.685000;4385.965000;0
20260811 112100;4385.845000;4387.715000;4385.845000;4386.885000;0
20260811 112200;4386.905000;4388.555000;4386.025000;4387.825000;0
20260811 112300;4387.985000;4389.575000;4386.615000;4387.535000;0
20260811 112400;4387.535000;4387.645000;4383.215000;4383.765000;0
20260811 112500;4383.775000;4385.505000;4383.005000;4384.515000;0
20260811 112600;4384.405000;4384.505000;4381.855000;4383.555000;0
20260811 112700;4383.485000;4385.665000;4383.245000;4385.305000;0
20260811 112800;4385.305000;4387.545000;4385.165000;4385.655000;0
20260811 112900;4385.675000;4387.315000;4385.375000;4386.575000;0
20260811 113000;4386.635000;4386.865000;4383.765000;4384.295000;0
20260811 113100;4384.245000;4385.065000;4383.725000;4384.855000;0
20260811 113200;4384.875000;4385.885000;4383.605000;4385.085000;0
20260811 113300;4384.965000;4385.855000;4383.705000;4385.455000;0
20260811 113400;4385.415000;4385.815000;4376.375000;4377.605000;0
20260811 113500;4377.745000;4379.145000;4376.535000;4377.695000;0
20260811 113600;4377.735000;4377.955000;4374.515000;4377.595000;0
20260811 113700;4377.555000;4377.785000;4374.945000;4376.845000;0
20260811 113800;4376.865000;4377.155000;4373.715000;4374.815000;0
20260811 113900;4374.885000;4375.035000;4371.475000;4371.485000;0
20260811 114000;4371.375000;4373.195000;4369.295000;4372.965000;0
20260811 114100;4373.015000;4373.015000;4368.855000;4371.395000;0
20260811 114200;4371.525000;4373.485000;4370.815000;4373.225000;0
20260811 114300;4373.165000;4375.255000;4372.155000;4374.995000;0
20260811 114400;4374.885000;4376.095000;4374.535000;4375.815000;0
20260811 114500;4375.775000;4376.375000;4374.875000;4376.165000;0
20260811 114600;4376.125000;4377.805000;4375.545000;4377.355000;0
20260811 114700;4377.355000;4377.875000;4375.555000;4375.845000;0
20260811 114800;4375.845000;4376.735000;4375.495000;4376.015000;0
20260811 114900;4376.175000;4376.775000;4375.345000;4375.985000;0
20260811 115000;4376.015000;4377.795000;4375.685000;4377.235000;0
20260811 115100;4377.205000;4377.205000;4375.205000;4376.355000;0
20260811 115200;4376.375000;4377.035000;4376.185000;4376.575000;0
20260811 115300;4376.675000;4377.255000;4376.025000;4376.505000;0
20260811 115400;4376.445000;4380.415000;4375.685000;4380.315000;0
20260811 115500;4380.265000;4381.735000;4379.985000;4380.105000;0
20260811 115600;4380.065000;4381.995000;4380.025000;4381.995000;0
20260811 115700;4381.865000;4382.475000;4379.885000;4379.885000;0
20260811 115800;4379.835000;4380.895000;4379.535000;4380.805000;0
20260811 115900;4380.965000;4383.705000;4380.965000;4383.655000;0
20260811 120000;4383.665000;4384.705000;4383.215000;4383.965000;0
20260811 120100;4383.865000;4384.165000;4382.515000;4383.195000;0
20260811 120200;4383.195000;4383.625000;4382.095000;4383.025000;0
20260811 120300;4383.045000;4383.685000;4382.485000;4383.395000;0
20260811 120400;4383.225000;4383.605000;4380.285000;4380.715000;0
20260811 120500;4380.845000;4381.125000;4379.875000;4380.875000;0
20260811 120600;4380.765000;4381.055000;4379.235000;4379.315000;0
20260811 120700;4379.375000;4380.115000;4378.535000;4378.845000;0
20260811 120800;4378.865000;4380.185000;4378.785000;4380.115000;0
20260811 120900;4380.055000;4381.395000;4379.125000;4380.015000;0
20260811 121000;4380.085000;4380.915000;4379.695000;4380.235000;0
20260811 121100;4380.205000;4381.475000;4379.625000;4380.515000;0
20260811 121200;4380.515000;4381.485000;4379.135000;4379.305000;0
20260811 121300;4379.345000;4379.575000;4378.415000;4379.295000;0
20260811 121400;4379.125000;4379.935000;4379.065000;4379.295000;0
20260811 121500;4379.415000;4380.365000;4379.105000;4380.195000;0
20260811 121600;4379.945000;4380.685000;4379.625000;4380.385000;0
20260811 121700;4380.315000;4381.165000;4379.955000;4380.655000;0
20260811 121800;4380.625000;4381.015000;4379.525000;4379.835000;0
20260811 121900;4379.934000;4379.996000;4378.245000;4378.515000;0
20260811 122000;4378.365000;4380.245000;4378.265000;4379.675000;0
20260811 122100;4379.785000;4380.985000;4379.385000;4380.465000;0
20260811 122200;4380.355000;4382.325000;4380.115000;4382.135000;0
20260811 122300;4382.225000;4382.755000;4381.715000;4381.755000;0
20260811 122400;4381.775000;4382.155000;4380.835000;4381.275000;0
20260811 122500;4381.365000;4381.645000;4380.625000;4380.805000;0
20260811 122600;4380.765000;4381.385000;4380.405000;4380.415000;0
20260811 122700;4380.425000;4382.945000;4380.395000;4382.635000;0
20260811 122800;4382.765000;4383.305000;4382.035000;4382.135000;0
20260811 122900;4382.015000;4382.885000;4381.675000;4382.845000;0
20260811 123000;4382.845000;4382.915000;4381.075000;4382.275000;0
20260811 123100;4382.475000;4382.475000;4380.635000;4381.125000;0
20260811 123200;4381.095000;4381.955000;4379.105000;4379.325000;0
20260811 123300;4379.305000;4380.815000;4379.305000;4380.775000;0
20260811 123400;4380.785000;4382.315000;4380.715000;4382.255000;0
20260811 123500;4382.215000;4384.495000;4382.075000;4383.935000;0
20260811 123600;4383.955000;4384.795000;4383.765000;4383.805000;0
20260811 123700;4383.845000;4384.115000;4383.215000;4383.525000;0
20260811 123800;4383.545000;4383.605000;4382.695000;4383.065000;0
20260811 123900;4383.065000;4383.965000;4382.665000;4383.795000;0
20260811 124000;4383.795000;4383.805000;4382.795000;4383.525000;0
20260811 124100;4383.525000;4384.685000;4383.415000;4384.225000;0
20260811 124200;4384.385000;4384.855000;4383.945000;4384.125000;0
20260811 124300;4384.045000;4385.625000;4383.905000;4384.595000;0
20260811 124400;4384.495000;4384.905000;4384.305000;4384.635000;0
20260811 124500;4384.635000;4385.325000;4384.495000;4384.775000;0
20260811 124600;4384.745000;4385.155000;4383.185000;4383.245000;0
20260811 124700;4383.225000;4383.325000;4382.385000;4382.845000;0
20260811 124800;4382.875000;4383.405000;4382.425000;4382.805000;0
20260811 124900;4382.815000;4383.065000;4381.955000;4382.615000;0
20260811 125000;4382.635000;4383.085000;4381.205000;4382.095000;0
20260811 125100;4382.215000;4382.215000;4380.955000;4382.195000;0
20260811 125200;4382.205000;4382.285000;4381.205000;4381.305000;0
20260811 125300;4381.305000;4381.855000;4380.875000;4381.195000;0
20260811 125400;4381.195000;4382.135000;4380.965000;4382.005000;0
20260811 125500;4382.115000;4382.875000;4381.625000;4382.155000;0
20260811 125600;4382.245000;4383.005000;4381.835000;4382.615000;0
20260811 125700;4382.725000;4384.785000;4382.725000;4384.485000;0
20260811 125800;4384.585000;4385.025000;4383.165000;4383.565000;0
20260811 125900;4383.565000;4384.105000;4383.155000;4383.155000;0
20260811 130000;4383.265000;4384.205000;4383.115000;4383.585000;0
20260811 130100;4383.635000;4385.145000;4382.815000;4384.745000;0
20260811 130200;4384.715000;4385.345000;4382.255000;4382.905000;0
20260811 130300;4382.905000;4383.605000;4382.355000;4383.185000;0
20260811 130400;4383.295000;4383.815000;4382.905000;4383.435000;0
20260811 130500;4383.475000;4383.885000;4382.045000;4382.095000;0
20260811 130600;4382.065000;4383.105000;4381.515000;4382.535000;0
20260811 130700;4382.565000;4383.795000;4382.485000;4383.105000;0
20260811 130800;4383.095000;4385.665000;4383.075000;4384.505000;0
20260811 130900;4384.505000;4384.715000;4383.635000;4384.525000;0
20260811 131000;4384.375000;4384.505000;4383.215000;4383.585000;0
20260811 131100;4383.555000;4383.725000;4382.625000;4382.955000;0
20260811 131200;4382.965000;4383.495000;4381.575000;4382.225000;0
20260811 131300;4382.265000;4382.495000;4381.125000;4382.245000;0
20260811 131400;4382.385000;4382.885000;4380.945000;4380.945000;0
20260811 131500;4381.025000;4381.485000;4380.395000;4381.095000;0
20260811 131600;4380.985000;4381.375000;4380.005000;4380.035000;0
20260811 131700;4380.035000;4383.615000;4379.915000;4383.285000;0
20260811 131800;4383.265000;4383.605000;4381.885000;4382.135000;0
20260811 131900;4381.985000;4383.145000;4381.595000;4383.085000;0
20260811 132000;4383.025000;4384.165000;4382.675000;4383.865000;0
20260811 132100;4383.865000;4384.035000;4382.365000;4383.305000;0
20260811 132200;4383.325000;4383.605000;4379.865000;4380.655000;0
20260811 132300;4380.725000;4381.015000;4379.685000;4380.485000;0
20260811 132400;4380.035000;4381.115000;4379.825000;4380.885000;0
20260811 132500;4380.865000;4381.755000;4380.025000;4380.365000;0
20260811 132600;4380.455000;4381.685000;4379.955000;4381.065000;0
20260811 132700;4381.015000;4381.015000;4379.025000;4379.555000;0
20260811 132800;4379.685000;4380.325000;4378.805000;4379.885000;0
20260811 132900;4380.355000;4383.305000;4380.355000;4381.105000;0
20260811 133000;4381.095000;4381.835000;4378.455000;4379.075000;0
20260811 133100;4379.075000;4379.675000;4377.925000;4378.175000;0
20260811 133200;4378.195000;4378.515000;4377.215000;4378.185000;0
20260811 133300;4378.045000;4378.195000;4377.275000;4377.575000;0
20260811 133400;4377.575000;4378.695000;4375.945000;4376.595000;0
20260811 133500;4376.565000;4377.185000;4375.745000;4377.125000;0
20260811 133600;4376.765000;4377.065000;4375.445000;4375.465000;0
20260811 133700;4375.465000;4375.465000;4374.085000;4375.015000;0
20260811 133800;4375.035000;4376.995000;4374.935000;4376.605000;0
20260811 133900;4376.765000;4376.915000;4375.735000;4376.785000;0
20260811 134000;4376.815000;4377.955000;4376.815000;4377.185000;0
20260811 134100;4377.025000;4377.575000;4376.425000;4376.815000;0
20260811 134200;4376.855000;4378.165000;4376.735000;4377.125000;0
20260811 134300;4377.265000;4377.895000;4376.695000;4376.955000;0
20260811 134400;4376.935000;4377.905000;4375.985000;4376.045000;0
20260811 134500;4375.915000;4376.035000;4374.995000;4375.195000;0
20260811 134600;4375.135000;4376.445000;4374.745000;4375.965000;0
20260811 134700;4375.585000;4376.815000;4375.155000;4376.785000;0
20260811 134800;4376.605000;4377.155000;4376.545000;4376.985000;0
20260811 134900;4376.855000;4377.475000;4376.245000;4376.275000;0
20260811 135000;4376.285000;4376.705000;4375.835000;4376.365000;0
20260811 135100;4376.365000;4376.415000;4375.025000;4375.415000;0
20260811 135200;4375.325000;4375.695000;4374.965000;4375.305000;0
20260811 135300;4375.435000;4375.435000;4373.685000;4373.765000;0
20260811 135400;4373.975000;4373.975000;4372.625000;4372.625000;0
20260811 135500;4372.755000;4373.135000;4372.295000;4372.635000;0
20260811 135600;4372.495000;4373.295000;4371.445000;4371.465000;0
20260811 135700;4371.365000;4371.805000;4368.685000;4371.155000;0
20260811 135800;4371.035000;4371.495000;4370.705000;4371.075000;0
20260811 135900;4370.945000;4371.105000;4368.955000;4369.065000;0
20260811 140000;4369.165000;4369.165000;4366.495000;4367.965000;0
20260811 140100;4367.805000;4368.145000;4366.815000;4366.975000;0
20260811 140200;4366.975000;4367.085000;4363.395000;4365.065000;0
20260811 140300;4365.025000;4366.835000;4364.555000;4366.105000;0
20260811 140400;4366.315000;4366.455000;4364.105000;4364.995000;0
20260811 140500;4364.995000;4366.445000;4364.625000;4364.785000;0
20260811 140600;4364.745000;4366.685000;4363.755000;4363.935000;0
20260811 140700;4363.935000;4364.255000;4362.785000;4363.495000;0
20260811 140800;4363.585000;4364.195000;4360.795000;4361.515000;0
20260811 140900;4361.465000;4362.045000;4360.915000;4361.295000;0
20260811 141000;4361.265000;4363.085000;4360.095000;4363.075000;0
20260811 141100;4363.035000;4364.025000;4361.725000;4363.725000;0
20260811 141200;4363.675000;4363.975000;4361.985000;4362.245000;0
20260811 141300;4362.245000;4363.865000;4362.245000;4362.715000;0
20260811 141400;4362.715000;4364.015000;4362.295000;4363.635000;0
20260811 141500;4363.495000;4365.735000;4363.435000;4365.415000;0
20260811 141600;4365.385000;4365.915000;4364.195000;4364.885000;0
20260811 141700;4364.885000;4365.645000;4364.095000;4364.935000;0
20260811 141800;4364.935000;4366.345000;4364.915000;4366.125000;0
20260811 141900;4366.215000;4367.235000;4366.155000;4366.605000;0
20260811 142000;4366.715000;4366.715000;4363.505000;4363.635000;0
20260811 142100;4363.635000;4363.855000;4361.805000;4362.925000;0
20260811 142200;4363.015000;4363.835000;4362.535000;4363.675000;0
20260811 142300;4363.675000;4364.925000;4363.635000;4363.865000;0
20260811 142400;4363.735000;4364.465000;4363.495000;4364.095000;0
20260811 142500;4364.125000;4365.425000;4364.125000;4365.125000;0
20260811 142600;4365.105000;4365.105000;4364.175000;4364.385000;0
20260811 142700;4364.285000;4364.945000;4363.285000;4363.755000;0
20260811 142800;4363.915000;4364.115000;4362.915000;4363.145000;0
20260811 142900;4363.105000;4363.235000;4360.255000;4361.125000;0
20260811 143000;4361.145000;4362.645000;4360.985000;4362.465000;0
20260811 143100;4362.555000;4364.425000;4362.145000;4364.315000;0
20260811 143200;4364.305000;4364.975000;4363.575000;4364.695000;0
20260811 143300;4364.635000;4365.895000;4364.575000;4365.775000;0
20260811 143400;4365.835000;4367.825000;4365.805000;4367.535000;0
20260811 143500;4367.515000;4368.455000;4367.245000;4368.355000;0
20260811 143600;4368.335000;4369.315000;4367.755000;4369.225000;0
20260811 143700;4369.115000;4370.075000;4368.945000;4369.595000;0
20260811 143800;4369.535000;4370.995000;4369.535000;4370.975000;0
20260811 143900;4370.935000;4370.995000;4370.015000;4370.505000;0
20260811 144000;4370.335000;4370.355000;4368.895000;4369.225000;0
20260811 144100;4369.235000;4369.475000;4368.625000;4369.105000;0
20260811 144200;4369.205000;4369.985000;4369.165000;4369.675000;0
20260811 144300;4369.675000;4370.505000;4369.485000;4370.255000;0
20260811 144400;4370.255000;4371.645000;4370.165000;4370.895000;0
20260811 144500;4370.895000;4371.965000;4370.645000;4371.405000;0
20260811 144600;4371.415000;4372.525000;4371.025000;4372.125000;0
20260811 144700;4372.085000;4372.395000;4371.385000;4371.415000;0
20260811 144800;4371.455000;4372.015000;4371.295000;4371.995000;0
20260811 144900;4372.065000;4372.065000;4371.075000;4371.265000;0
20260811 145000;4371.285000;4372.005000;4371.195000;4371.395000;0
20260811 145100;4371.305000;4372.075000;4371.245000;4371.615000;0
20260811 145200;4371.755000;4372.195000;4371.165000;4371.675000;0
20260811 145300;4371.745000;4372.075000;4371.465000;4371.755000;0
20260811 145400;4371.735000;4372.075000;4371.585000;4371.585000;0
20260811 145500;4371.525000;4371.785000;4369.895000;4370.305000;0
20260811 145600;4370.165000;4371.215000;4369.935000;4371.075000;0
20260811 145700;4371.075000;4371.325000;4370.705000;4370.725000;0
20260811 145800;4370.775000;4371.355000;4370.725000;4371.055000;0
20260811 145900;4371.145000;4371.605000;4370.695000;4371.325000;0
20260811 150000;4371.285000;4372.075000;4370.445000;4370.455000;0
20260811 150100;4370.565000;4371.395000;4369.895000;4369.945000;0
20260811 150200;4369.965000;4370.935000;4369.615000;4370.075000;0
20260811 150300;4370.135000;4371.065000;4370.135000;4370.725000;0
20260811 150400;4370.725000;4370.835000;4366.655000;4366.785000;0
20260811 150500;4366.865000;4366.895000;4364.995000;4365.595000;0
20260811 150600;4365.595000;4366.315000;4364.035000;4364.415000;0
20260811 150700;4364.425000;4365.025000;4364.055000;4364.355000;0
20260811 150800;4364.285000;4366.185000;4363.535000;4363.995000;0
20260811 150900;4364.145000;4365.005000;4363.295000;4364.555000;0
20260811 151000;4364.605000;4366.165000;4363.925000;4365.635000;0
20260811 151100;4365.635000;4366.595000;4365.635000;4366.275000;0
20260811 151200;4366.275000;4367.235000;4364.495000;4365.435000;0
20260811 151300;4365.585000;4366.455000;4364.955000;4365.165000;0
20260811 151400;4365.065000;4365.445000;4363.245000;4363.735000;0
20260811 151500;4363.735000;4364.165000;4363.225000;4363.475000;0
20260811 151600;4363.355000;4364.375000;4363.165000;4364.295000;0
20260811 151700;4364.255000;4364.535000;4362.585000;4362.765000;0
20260811 151800;4362.765000;4363.485000;4362.165000;4362.695000;0
20260811 151900;4362.595000;4362.805000;4361.155000;4362.715000;0
20260811 152000;4362.715000;4364.465000;4361.965000;4363.945000;0
20260811 152100;4363.945000;4364.245000;4362.675000;4363.115000;0
20260811 152200;4363.115000;4364.025000;4362.825000;4363.885000;0
20260811 152300;4363.795000;4366.385000;4363.775000;4365.765000;0
20260811 152400;4365.745000;4368.975000;4365.145000;4368.555000;0
20260811 152500;4368.555000;4369.465000;4366.905000;4368.725000;0
20260811 152600;4368.765000;4369.925000;4368.735000;4369.325000;0
20260811 152700;4369.455000;4369.455000;4368.385000;4369.315000;0
20260811 152800;4369.275000;4370.195000;4369.275000;4369.735000;0
20260811 152900;4369.765000;4370.695000;4369.675000;4370.165000;0
20260811 153000;4370.395000;4371.305000;4370.125000;4371.095000;0
20260811 153100;4371.095000;4371.985000;4370.805000;4371.745000;0
20260811 153200;4371.735000;4374.085000;4371.735000;4372.715000;0
20260811 153300;4372.735000;4373.345000;4370.335000;4370.605000;0
20260811 153400;4370.625000;4371.595000;4370.495000;4371.125000;0
20260811 153500;4371.125000;4371.455000;4368.835000;4368.845000;0
20260811 153600;4368.865000;4369.275000;4368.265000;4369.095000;0
20260811 153700;4369.135000;4369.515000;4368.195000;4368.375000;0
20260811 153800;4368.445000;4369.965000;4368.395000;4369.465000;0
20260811 153900;4369.515000;4370.665000;4369.085000;4370.405000;0
20260811 154000;4370.375000;4370.385000;4369.615000;4370.005000;0
20260811 154100;4369.935000;4369.975000;4368.965000;4369.095000;0
20260811 154200;4369.025000;4369.285000;4368.265000;4368.345000;0
20260811 154300;4368.345000;4368.845000;4367.155000;4367.195000;0
20260811 154400;4367.075000;4367.875000;4366.195000;4367.345000;0
20260811 154500;4367.435000;4368.565000;4367.005000;4367.265000;0
20260811 154600;4367.425000;4368.135000;4367.235000;4367.265000;0
20260811 154700;4367.265000;4367.605000;4366.545000;4366.595000;0
20260811 154800;4366.565000;4368.275000;4366.405000;4368.275000;0
20260811 154900;4368.195000;4370.345000;4368.155000;4369.845000;0
20260811 155000;4369.785000;4370.465000;4369.325000;4369.325000;0
20260811 155100;4369.195000;4370.055000;4368.305000;4368.785000;0
20260811 155200;4368.785000;4368.955000;4366.115000;4366.525000;0
20260811 155300;4366.625000;4367.035000;4366.335000;4366.755000;0
20260811 155400;4366.685000;4369.425000;4366.415000;4369.395000;0
20260811 155500;4369.145000;4370.825000;4369.065000;4370.775000;0
20260811 155600;4370.775000;4372.935000;4370.685000;4372.235000;0
20260811 155700;4372.235000;4372.555000;4371.635000;4371.945000;0
20260811 155800;4372.135000;4372.795000;4371.945000;4372.705000;0
20260811 155900;4372.665000;4373.225000;4370.225000;4370.705000;0
20260811 160000;4370.595000;4370.915000;4369.915000;4370.115000;0
20260811 160100;4370.075000;4370.075000;4369.345000;4369.705000;0
20260811 160200;4369.675000;4369.675000;4368.395000;4368.475000;0
20260811 160300;4368.805000;4369.565000;4368.505000;4369.155000;0
20260811 160400;4369.155000;4369.625000;4368.785000;4369.605000;0
20260811 160500;4369.735000;4370.265000;4369.385000;4369.495000;0
20260811 160600;4369.625000;4369.695000;4369.265000;4369.405000;0
20260811 160700;4369.405000;4369.795000;4368.835000;4369.535000;0
20260811 160800;4369.685000;4369.955000;4369.415000;4369.775000;0
20260811 160900;4369.965000;4370.825000;4369.885000;4370.345000;0
20260811 161000;4370.075000;4370.955000;4369.955000;4370.565000;0
20260811 161100;4370.565000;4370.565000;4370.055000;4370.265000;0
20260811 161200;4370.245000;4370.565000;4370.205000;4370.415000;0
20260811 161300;4370.445000;4370.645000;4370.415000;4370.475000;0
20260811 161400;4370.545000;4370.705000;4370.055000;4370.165000;0
20260811 161500;4370.185000;4370.225000;4369.355000;4369.445000;0
20260811 161600;4369.435000;4369.435000;4368.595000;4368.935000;0
20260811 161700;4368.805000;4368.815000;4368.225000;4368.235000;0
20260811 161800;4368.315000;4368.415000;4367.695000;4367.775000;0
20260811 161900;4367.775000;4368.155000;4367.655000;4368.045000;0
20260811 162000;4368.015000;4368.135000;4367.455000;4367.815000;0
20260811 162100;4367.845000;4368.255000;4367.705000;4367.705000;0
20260811 162200;4367.755000;4368.605000;4367.715000;4368.505000;0
20260811 162300;4368.495000;4368.935000;4368.375000;4368.525000;0
20260811 162400;4368.705000;4369.645000;4368.685000;4369.645000;0
20260811 162500;4369.755000;4370.165000;4369.755000;4370.145000;0
20260811 162600;4369.865000;4370.105000;4369.405000;4370.045000;0
20260811 162700;4370.075000;4370.915000;4370.035000;4370.605000;0
20260811 162800;4370.685000;4370.875000;4369.485000;4369.495000;0
20260811 162900;4369.515000;4370.115000;4368.955000;4369.985000;0
20260811 163000;4370.095000;4370.215000;4369.545000;4370.115000;0
20260811 163100;4369.775000;4369.905000;4369.445000;4369.905000;0
20260811 163200;4369.875000;4370.235000;4369.705000;4369.855000;0
20260811 163300;4369.765000;4369.895000;4369.315000;4369.325000;0
20260811 163400;4369.405000;4369.565000;4369.135000;4369.485000;0
20260811 163500;4369.565000;4369.645000;4368.705000;4369.215000;0
20260811 163600;4369.145000;4369.205000;4368.745000;4368.865000;0
20260811 163700;4368.865000;4369.015000;4368.585000;4368.905000;0
20260811 163800;4368.905000;4369.545000;4368.895000;4369.525000;0
20260811 163900;4369.505000;4369.505000;4369.095000;4369.265000;0
20260811 164000;4369.125000;4369.125000;4368.695000;4368.925000;0
20260811 164100;4368.965000;4368.965000;4368.065000;4368.245000;0
20260811 164200;4368.165000;4368.215000;4367.605000;4367.745000;0
20260811 164300;4367.835000;4367.835000;4367.285000;4367.315000;0
20260811 164400;4367.405000;4367.705000;4367.235000;4367.365000;0
20260811 164500;4367.235000;4367.595000;4366.965000;4367.005000;0
20260811 164600;4367.155000;4367.285000;4367.005000;4367.035000;0
20260811 164700;4367.145000;4367.145000;4366.755000;4366.885000;0
20260811 164800;4366.745000;4367.375000;4366.745000;4367.375000;0
20260811 164900;4367.265000;4367.275000;4366.875000;4367.185000;0
20260811 165000;4367.285000;4367.505000;4367.185000;4367.355000;0
20260811 165100;4367.085000;4367.165000;4366.835000;4367.115000;0
20260811 165200;4367.015000;4367.615000;4366.935000;4367.375000;0
20260811 165300;4367.215000;4367.705000;4366.825000;4367.025000;0
20260811 165400;4367.155000;4367.665000;4367.155000;4367.465000;0
20260811 165500;4367.625000;4368.375000;4367.625000;4368.365000;0
20260811 165600;4368.525000;4368.535000;4367.925000;4368.015000;0
20260811 165700;4368.135000;4368.135000;4367.285000;4367.555000;0
20260811 165800;4367.405000;4367.915000;4367.325000;4367.715000;0
20260811 165900;4367.435000;4369.215000;4365.425000;4368.655000;0
20260811 180000;4369.565000;4372.335000;4368.155000;4371.395000;0
20260811 180100;4371.265000;4371.265000;4370.055000;4370.595000;0
20260811 180200;4371.085000;4371.805000;4370.585000;4371.445000;0
20260811 180300;4371.595000;4371.725000;4370.145000;4370.565000;0
20260811 180400;4370.795000;4372.985000;4370.585000;4372.255000;0
20260811 180500;4372.145000;4373.395000;4371.725000;4373.185000;0
20260811 180600;4373.305000;4374.245000;4373.145000;4373.155000;0
20260811 180700;4373.445000;4374.155000;4373.445000;4374.155000;0
20260811 180800;4374.265000;4374.265000;4373.235000;4373.655000;0
20260811 180900;4373.735000;4374.455000;4373.485000;4374.115000;0
20260811 181000;4374.065000;4375.045000;4373.775000;4374.515000;0
20260811 181100;4374.625000;4374.845000;4374.185000;4374.475000;0
20260811 181200;4374.375000;4375.195000;4374.175000;4374.955000;0
20260811 181300;4375.165000;4375.415000;4374.375000;4375.115000;0
20260811 181400;4375.145000;4375.305000;4373.665000;4373.855000;0
20260811 181500;4373.605000;4374.415000;4373.085000;4373.975000;0
20260811 181600;4373.865000;4374.375000;4373.275000;4374.155000;0
20260811 181700;4374.005000;4374.405000;4373.395000;4374.035000;0
20260811 181800;4374.185000;4375.125000;4373.845000;4374.895000;0
20260811 181900;4375.035000;4375.105000;4373.935000;4374.525000;0
20260811 182000;4374.985000;4376.015000;4374.395000;4375.835000;0
20260811 182100;4375.735000;4376.245000;4374.965000;4375.535000;0
20260811 182200;4375.665000;4376.585000;4375.075000;4376.475000;0
20260811 182300;4376.335000;4376.385000;4375.005000;4375.045000;0
20260811 182400;4375.395000;4376.685000;4375.095000;4376.015000;0
20260811 182500;4376.165000;4376.685000;4374.295000;4376.255000;0
20260811 182600;4376.395000;4376.835000;4375.825000;4375.965000;0
20260811 182700;4376.195000;4376.555000;4375.465000;4376.365000;0
20260811 182800;4376.475000;4377.015000;4376.045000;4376.045000;0
20260811 182900;4376.145000;4376.755000;4375.665000;4376.355000;0
20260811 183000;4376.255000;4376.785000;4375.925000;4376.375000;0
20260811 183100;4376.195000;4377.682000;4376.155000;4377.105000;0
20260811 183200;4377.355000;4377.945000;4376.655000;4377.175000;0
20260811 183300;4377.075000;4377.785000;4376.225000;4376.425000;0
20260811 183400;4376.285000;4377.415000;4376.075000;4376.715000;0
20260811 183500;4376.705000;4377.325000;4375.445000;4375.795000;0
20260811 183600;4375.925000;4377.065000;4375.775000;4376.605000;0
20260811 183700;4376.485000;4376.855000;4375.785000;4376.465000;0
20260811 183800;4376.615000;4376.990000;4375.825000;4376.447000;0
20260811 183900;4376.365000;4376.455000;4375.815000;4376.075000;0
20260811 184000;4376.295000;4376.465000;4375.375000;4375.845000;0
20260811 184100;4375.745000;4376.005000;4375.515000;4375.995000;0
20260811 184200;4375.865000;4375.995000;4375.375000;4375.665000;0
20260811 184300;4375.775000;4375.775000;4374.525000;4374.885000;0
20260811 184400;4375.045000;4375.885000;4374.785000;4375.885000;0
20260811 184500;4376.035000;4377.525000;4375.935000;4377.025000;0
20260811 184600;4376.925000;4377.735000;4376.295000;4376.705000;0
20260811 184700;4376.475000;4377.045000;4376.345000;4376.785000;0
20260811 184800;4376.745000;4378.145000;4376.145000;4376.145000;0
20260811 184900;4376.045000;4376.045000;4373.665000;4374.695000;0
20260811 185000;4374.465000;4375.345000;4373.415000;4373.745000;0
20260811 185100;4373.855000;4373.955000;4370.605000;4370.815000;0
20260811 185200;4371.075000;4373.155000;4370.665000;4371.885000;0
20260811 185300;4371.895000;4373.815000;4371.715000;4373.555000;0
20260811 185400;4373.665000;4374.815000;4371.715000;4373.575000;0
20260811 185500;4373.805000;4374.645000;4370.755000;4370.925000;0
20260811 185600;4371.025000;4371.595000;4368.215000;4368.215000;0
20260811 185700;4368.415000;4369.405000;4366.765000;4368.955000;0
20260811 185800;4368.385000;4369.555000;4368.225000;4368.945000;0
20260811 185900;4369.015000;4369.405000;4367.555000;4367.975000;0
20260811 190000;4368.445000;4368.525000;4366.925000;4367.505000;0
20260811 190100;4367.665000;4367.675000;4366.525000;4366.695000;0
20260811 190200;4366.895000;4367.325000;4365.075000;4366.195000;0
20260811 190300;4366.205000;4368.125000;4365.275000;4366.875000;0
20260811 190400;4366.555000;4367.345000;4362.305000;4363.585000;0
20260811 190500;4363.415000;4365.445000;4362.885000;4363.005000;0
20260811 190600;4362.995000;4365.035000;4361.495000;4364.755000;0
20260811 190700;4364.535000;4368.635000;4364.435000;4367.605000;0
20260811 190800;4367.465000;4367.465000;4364.345000;4364.925000;0
20260811 190900;4364.855000;4364.855000;4363.105000;4363.635000;0
20260811 191000;4363.795000;4365.265000;4363.795000;4364.915000;0
20260811 191100;4364.805000;4368.095000;4364.445000;4367.355000;0
20260811 191200;4367.515000;4367.515000;4366.125000;4367.405000;0
20260811 191300;4367.295000;4369.485000;4366.085000;4366.545000;0
20260811 191400;4366.435000;4366.435000;4365.025000;4366.195000;0
20260811 191500;4365.945000;4367.515000;4364.715000;4365.745000;0
20260811 191600;4365.875000;4371.205000;4365.875000;4370.665000;0
20260811 191700;4370.315000;4370.545000;4369.375000;4369.465000;0
20260811 191800;4369.225000;4370.995000;4368.885000;4370.945000;0
20260811 191900;4370.925000;4371.725000;4370.525000;4370.675000;0
20260811 192000;4370.915000;4372.605000;4370.915000;4372.535000;0
20260811 192100;4372.655000;4372.775000;4371.155000;4371.875000;0
20260811 192200;4371.735000;4373.165000;4371.225000;4372.975000;0
20260811 192300;4372.815000;4374.235000;4372.225000;4372.475000;0
20260811 192400;4372.375000;4373.295000;4371.305000;4372.645000;0
20260811 192500;4372.475000;4372.925000;4369.535000;4370.125000;0
20260811 192600;4370.315000;4370.795000;4367.715000;4370.795000;0
20260811 192700;4370.645000;4370.825000;4369.775000;4369.855000;0
20260811 192800;4370.025000;4373.035000;4369.855000;4372.455000;0
20260811 192900;4372.195000;4373.905000;4371.985000;4372.525000;0
20260811 193000;4372.425000;4372.555000;4371.095000;4371.515000;0
20260811 193100;4371.665000;4371.765000;4370.185000;4370.875000;0
20260811 193200;4371.195000;4371.325000;4367.635000;4367.845000;0
20260811 193300;4367.735000;4368.015000;4366.085000;4367.025000;0
20260811 193400;4366.835000;4367.935000;4366.535000;4367.935000;0
20260811 193500;4367.955000;4367.955000;4366.675000;4366.955000;0
20260811 193600;4366.785000;4367.205000;4366.785000;4367.185000;0
20260811 193700;4367.335000;4367.885000;4367.235000;4367.635000;0
20260811 193800;4367.515000;4368.145000;4367.515000;4367.815000;0
20260811 193900;4367.745000;4367.745000;4366.755000;4367.115000;0
20260811 194000;4366.965000;4367.475000;4366.815000;4367.475000;0
20260811 194100;4367.205000;4367.485000;4367.185000;4367.485000;0
20260811 194200;4367.585000;4367.885000;4367.575000;4367.825000;0
20260811 194300;4367.705000;4367.705000;4366.615000;4366.875000;0
20260811 194400;4366.725000;4367.825000;4366.725000;4367.345000;0
20260811 194500;4367.195000;4369.725000;4367.195000;4369.585000;0
20260811 194600;4369.555000;4369.675000;4368.675000;4369.315000;0
20260811 194700;4369.175000;4369.565000;4369.045000;4369.045000;0
20260811 194800;4369.085000;4369.085000;4367.485000;4367.855000;0
20260811 194900;4367.965000;4368.475000;4367.585000;4367.855000;0
20260811 195000;4368.345000;4368.895000;4368.275000;4368.545000;0
20260811 195100;4368.435000;4369.055000;4367.975000;4368.895000;0
20260811 195200;4368.775000;4368.775000;4367.725000;4368.625000;0
20260811 195300;4368.515000;4369.305000;4367.945000;4368.665000;0
20260811 195400;4368.845000;4369.675000;4368.505000;4369.675000;0
20260811 195500;4369.555000;4370.115000;4369.375000;4369.985000;0
20260811 195600;4370.125000;4371.385000;4369.875000;4370.855000;0
20260811 195700;4370.705000;4370.985000;4369.935000;4370.345000;0
20260811 195800;4370.355000;4371.585000;4370.225000;4371.295000;0
20260811 195900;4371.185000;4371.295000;4370.675000;4371.165000;0
20260811 200000;4371.255000;4371.435000;4367.865000;4368.595000;0
20260811 200100;4368.675000;4368.855000;4366.495000;4367.345000;0
20260811 200200;4367.355000;4368.665000;4366.065000;4368.485000;0
20260811 200300;4368.205000;4370.305000;4367.995000;4370.125000;0
20260811 200400;4370.235000;4370.285000;4367.705000;4368.495000;0
20260811 200500;4368.365000;4370.355000;4368.245000;4369.215000;0
20260811 200600;4369.105000;4369.715000;4368.565000;4369.355000;0
20260811 200700;4369.105000;4370.085000;4367.565000;4368.925000;0
20260811 200800;4368.895000;4370.795000;4368.795000;4370.225000;0
20260811 200900;4370.105000;4370.845000;4369.805000;4370.735000;0
20260811 201000;4370.625000;4371.465000;4370.085000;4370.395000;0
20260811 201100;4370.515000;4371.005000;4370.155000;4370.495000;0
20260811 201200;4370.625000;4374.415000;4370.115000;4374.415000;0
20260811 201300;4374.295000;4376.745000;4373.975000;4376.385000;0
20260811 201400;4376.535000;4379.175000;4375.905000;4377.995000;0
20260811 201500;4377.785000;4378.225000;4373.665000;4374.725000;0
20260811 201600;4374.875000;4375.815000;4374.075000;4374.685000;0
20260811 201700;4374.575000;4376.085000;4374.375000;4376.065000;0
20260811 201800;4375.485000;4377.665000;4375.485000;4376.515000;0
20260811 201900;4376.455000;4379.505000;4376.225000;4379.485000;0
20260811 202000;4379.335000;4380.085000;4378.825000;4379.085000;0
20260811 202100;4378.525000;4379.325000;4377.895000;4379.135000;0
20260811 202200;4378.915000;4379.695000;4377.475000;4377.615000;0
20260811 202300;4377.735000;4378.565000;4377.355000;4378.545000;0
20260811 202400;4378.415000;4378.705000;4377.905000;4378.255000;0
20260811 202500;4378.485000;4378.925000;4377.955000;4378.655000;0
20260811 202600;4378.545000;4378.815000;4377.605000;4377.705000;0
20260811 202700;4378.015000;4379.135000;4377.365000;4378.375000;0
20260811 202800;4378.805000;4379.905000;4378.485000;4379.545000;0
20260811 202900;4379.445000;4380.865000;4379.035000;4380.315000;0
20260811 203000;4380.445000;4381.885000;4379.865000;4379.975000;0
20260811 203100;4379.905000;4380.685000;4378.735000;4380.075000;0
20260811 203200;4379.965000;4382.895000;4379.965000;4382.305000;0
20260811 203300;4381.835000;4382.335000;4380.835000;4381.305000;0
20260811 203400;4381.085000;4381.835000;4380.515000;4380.995000;0
20260811 203500;4380.775000;4381.875000;4380.695000;4381.415000;0
20260811 203600;4381.305000;4383.265000;4381.155000;4382.425000;0
20260811 203700;4382.305000;4382.705000;4381.275000;4381.325000;0
20260811 203800;4381.455000;4381.655000;4380.615000;4380.915000;0
20260811 203900;4380.955000;4382.155000;4380.375000;4380.945000;0
20260811 204000;4381.065000;4383.045000;4381.065000;4382.665000;0
20260811 204100;4382.375000;4382.525000;4381.235000;4381.975000;0
20260811 204200;4382.145000;4382.475000;4381.205000;4381.585000;0
20260811 204300;4381.285000;4381.915000;4380.615000;4381.825000;0
20260811 204400;4381.925000;4382.695000;4381.355000;4382.365000;0
20260811 204500;4382.585000;4382.955000;4381.205000;4381.365000;0
20260811 204600;4381.245000;4382.145000;4380.625000;4381.745000;0
20260811 204700;4381.585000;4382.125000;4380.925000;4381.335000;0
20260811 204800;4381.225000;4381.935000;4380.655000;4381.385000;0
20260811 204900;4381.495000;4382.115000;4380.645000;4380.925000;0
20260811 205000;4381.085000;4381.755000;4380.485000;4380.585000;0
20260811 205100;4380.485000;4380.525000;4379.435000;4380.105000;0
20260811 205200;4379.885000;4380.965000;4379.875000;4380.005000;0
20260811 205300;4379.855000;4380.355000;4379.375000;4379.685000;0
20260811 205400;4379.545000;4379.745000;4377.865000;4377.955000;0
20260811 205500;4378.105000;4378.815000;4377.505000;4377.735000;0
20260811 205600;4377.705000;4378.965000;4377.355000;4378.955000;0
20260811 205700;4378.815000;4379.895000;4378.585000;4379.495000;0
20260811 205800;4379.335000;4380.545000;4379.325000;4379.635000;0
20260811 205900;4379.555000;4381.365000;4378.885000;4380.285000;0
20260811 210000;4380.555000;4383.935000;4377.905000;4378.465000;0
20260811 210100;4378.365000;4381.635000;4378.125000;4379.535000;0
20260811 210200;4379.735000;4382.985000;4378.025000;4380.165000;0
20260811 210300;4380.015000;4385.085000;4380.015000;4383.805000;0
20260811 210400;4384.145000;4384.845000;4382.505000;4384.305000;0
20260811 210500;4384.295000;4386.365000;4381.895000;4386.095000;0
20260811 210600;4386.195000;4387.335000;4385.635000;4387.225000;0
20260811 210700;4387.355000;4387.445000;4383.825000;4385.165000;0
20260811 210800;4384.775000;4387.065000;4384.615000;4385.455000;0
20260811 210900;4385.595000;4387.145000;4385.235000;4387.075000;0
20260811 211000;4386.945000;4389.145000;4386.565000;4388.195000;0
20260811 211100;4388.265000;4389.645000;4387.345000;4389.385000;0
20260811 211200;4389.435000;4390.295000;4389.005000;4390.125000;0
20260811 211300;4389.995000;4390.385000;4388.985000;4389.575000;0
20260811 211400;4389.435000;4390.245000;4389.075000;4389.835000;0
20260811 211500;4389.725000;4390.075000;4386.325000;4387.655000;0
20260811 211600;4387.545000;4389.465000;4387.435000;4389.015000;0
20260811 211700;4388.905000;4391.655000;4388.745000;4389.845000;0
20260811 211800;4389.835000;4389.835000;4387.715000;4388.035000;0
20260811 211900;4388.085000;4391.385000;4387.725000;4391.085000;0
20260811 212000;4391.265000;4393.895000;4390.655000;4393.135000;0
20260811 212100;4393.325000;4393.615000;4389.925000;4391.003000;0
20260811 212200;4390.905000;4391.165000;4389.105000;4389.455000;0
20260811 212300;4389.635000;4390.965000;4388.935000;4390.115000;0
20260811 212400;4389.955000;4390.635000;4389.365000;4390.385000;0
20260811 212500;4390.225000;4390.805000;4390.005000;4390.155000;0
20260811 212600;4390.025000;4390.575000;4389.415000;4389.855000;0
20260811 212700;4389.715000;4391.845000;4389.695000;4390.975000;0
20260811 212800;4391.165000;4391.185000;4389.735000;4390.535000;0
20260811 212900;4390.845000;4390.845000;4389.545000;4390.215000;0
20260811 213000;4390.425000;4390.975000;4389.265000;4389.365000;0
20260811 213100;4389.255000;4390.115000;4388.705000;4389.205000;0
20260811 213200;4389.055000;4389.175000;4386.545000;4387.505000;0
20260811 213300;4387.725000;4387.805000;4385.725000;4386.475000;0
20260811 213400;4386.585000;4387.675000;4386.315000;4386.665000;0
20260811 213500;4386.795000;4387.255000;4385.015000;4385.665000;0
20260811 213600;4385.795000;4388.765000;4385.565000;4388.735000;0
20260811 213700;4388.675000;4391.105000;4386.195000;4386.335000;0
20260811 213800;4386.235000;4386.615000;4385.325000;4386.435000;0
20260811 213900;4386.515000;4387.365000;4386.155000;4387.205000;0
20260811 214000;4387.205000;4388.075000;4386.845000;4387.505000;0
20260811 214100;4387.735000;4389.085000;4386.775000;4388.145000;0
20260811 214200;4388.275000;4390.205000;4387.935000;4389.965000;0
20260811 214300;4390.025000;4392.155000;4389.175000;4391.565000;0
20260811 214400;4391.745000;4393.045000;4390.735000;4392.875000;0
20260811 214500;4392.865000;4393.215000;4391.195000;4391.375000;0
20260811 214600;4391.235000;4391.975000;4390.695000;4391.825000;0
20260811 214700;4392.005000;4394.305000;4391.645000;4393.755000;0
20260811 214800;4393.605000;4395.905000;4393.605000;4395.325000;0
20260811 214900;4395.185000;4395.635000;4394.445000;4395.025000;0
20260811 215000;4394.885000;4396.785000;4394.825000;4396.715000;0
20260811 215100;4396.675000;4397.225000;4395.045000;4395.045000;0
20260811 215200;4395.365000;4396.605000;4394.855000;4396.255000;0
20260811 215300;4396.115000;4396.725000;4394.795000;4394.905000;0
20260811 215400;4394.905000;4395.735000;4394.575000;4394.695000;0
20260811 215500;4395.005000;4395.095000;4393.865000;4394.175000;0
20260811 215600;4394.175000;4394.935000;4392.945000;4393.335000;0
20260811 215700;4393.265000;4395.245000;4393.235000;4395.075000;0
20260811 215800;4394.875000;4395.505000;4394.665000;4394.945000;0
20260811 215900;4395.115000;4396.935000;4394.875000;4396.065000;0
20260811 220000;4396.275000;4396.645000;4393.955000;4394.715000;0
20260811 220100;4394.835000;4396.175000;4394.575000;4395.895000;0
20260811 220200;4395.905000;4396.515000;4395.875000;4396.155000;0
20260811 220300;4396.185000;4396.535000;4393.725000;4393.935000;0
20260811 220400;4393.905000;4396.615000;4393.905000;4396.235000;0
20260811 220500;4396.405000;4396.405000;4395.565000;4395.745000;0
20260811 220600;4395.855000;4396.645000;4395.185000;4396.105000;0
20260811 220700;4396.095000;4396.555000;4394.895000;4395.445000;0
20260811 220800;4395.555000;4396.835000;4394.985000;4396.805000;0
20260811 220900;4396.835000;4397.775000;4396.255000;4396.895000;0
20260811 221000;4396.855000;4399.575000;4396.755000;4398.505000;0
20260811 221100;4398.505000;4398.595000;4397.815000;4398.285000;0
20260811 221200;4398.325000;4400.065000;4397.535000;4400.005000;0
20260811 221300;4399.955000;4401.245000;4398.835000;4401.075000;0
20260811 221400;4401.115000;4404.465000;4401.025000;4401.445000;0
20260811 221500;4401.445000;4401.465000;4399.075000;4399.495000;0
20260811 221600;4399.385000;4401.615000;4399.095000;4401.555000;0
20260811 221700;4401.565000;4402.815000;4400.885000;4401.325000;0
20260811 221800;4401.325000;4402.225000;4400.995000;4401.295000;0
20260811 221900;4401.265000;4401.605000;4400.295000;4401.465000;0
20260811 222000;4401.465000;4402.824000;4400.705000;4401.515000;0
20260811 222100;4401.615000;4401.875000;4400.945000;4401.735000;0
20260811 222200;4401.735000;4403.015000;4400.845000;4402.705000;0
20260811 222300;4402.735000;4403.335000;4400.625000;4403.335000;0
20260811 222400;4403.205000;4403.335000;4401.705000;4401.995000;0
20260811 222500;4402.145000;4402.995000;4401.715000;4401.995000;0
20260811 222600;4401.955000;4402.395000;4401.675000;4401.755000;0
20260811 222700;4401.855000;4402.515000;4401.425000;4401.875000;0
20260811 222800;4401.925000;4402.405000;4401.505000;4402.215000;0
20260811 222900;4402.055000;4402.375000;4400.745000;4401.785000;0
20260811 223000;4401.955000;4403.255000;4400.045000;4400.695000;0
20260811 223100;4400.525000;4400.875000;4399.465000;4399.735000;0
20260811 223200;4399.575000;4399.765000;4397.755000;4398.685000;0
20260811 223300;4398.585000;4399.355000;4398.095000;4398.225000;0
20260811 223400;4398.525000;4399.085000;4397.745000;4398.205000;0
20260811 223500;4398.365000;4398.705000;4397.585000;4398.595000;0
20260811 223600;4398.755000;4398.905000;4397.575000;4398.065000;0
20260811 223700;4398.065000;4398.115000;4397.375000;4397.715000;0
20260811 223800;4397.985000;4399.735000;4397.725000;4398.985000;0
20260811 223900;4398.955000;4399.665000;4398.165000;4399.015000;0
20260811 224000;4399.545000;4401.975000;4398.825000;4401.185000;0
20260811 224100;4401.355000;4403.135000;4400.895000;4402.715000;0
20260811 224200;4402.645000;4406.905000;4402.375000;4406.275000;0
20260811 224300;4406.475000;4408.045000;4405.095000;4405.465000;0
20260811 224400;4405.565000;4406.695000;4404.325000;4405.275000;0
20260811 224500;4405.175000;4408.085000;4405.025000;4407.545000;0
20260811 224600;4407.525000;4408.865000;4407.525000;4408.055000;0
20260811 224700;4408.185000;4411.015000;4407.765000;4410.625000;0
20260811 224800;4410.615000;4410.615000;4407.855000;4408.705000;0
20260811 224900;4408.805000;4409.975000;4408.295000;4409.495000;0
20260811 225000;4409.605000;4412.405000;4409.145000;4412.115000;0
20260811 225100;4412.115000;4412.825000;4411.185000;4411.855000;0
20260811 225200;4411.955000;4412.905000;4410.895000;4412.905000;0
20260811 225300;4413.105000;4413.965000;4412.305000;4413.365000;0
20260811 225400;4413.395000;4414.225000;4413.095000;4413.165000;0
20260811 225500;4413.225000;4413.415000;4411.515000;4412.205000;0
20260811 225600;4412.205000;4412.335000;4410.785000;4411.665000;0
20260811 225700;4411.665000;4412.525000;4410.615000;4411.015000;0
20260811 225800;4410.885000;4412.785000;4410.655000;4411.135000;0
20260811 225900;4411.255000;4411.995000;4410.545000;4410.905000;0
20260811 230000;4410.755000;4412.105000;4410.555000;4411.525000;0
20260811 230100;4411.405000;4413.415000;4411.395000;4411.985000;0
20260811 230200;4411.985000;4413.925000;4411.335000;4411.335000;0
20260811 230300;4411.275000;4411.635000;4409.635000;4409.955000;0
20260811 230400;4410.055000;4410.055000;4408.265000;4409.445000;0
20260811 230500;4409.445000;4409.445000;4408.175000;4409.065000;0
20260811 230600;4409.205000;4410.485000;4409.165000;4410.005000;0
20260811 230700;4410.005000;4413.985000;4409.495000;4413.825000;0
20260811 230800;4414.045000;4415.445000;4411.805000;4412.505000;0
20260811 230900;4412.515000;4413.545000;4412.275000;4412.975000;0
20260811 231000;4413.045000;4413.845000;4413.045000;4413.595000;0
20260811 231100;4413.595000;4414.215000;4413.425000;4413.725000;0
20260811 231200;4413.685000;4414.435000;4413.105000;4413.595000;0
20260811 231300;4413.765000;4413.845000;4412.805000;4413.155000;0
20260811 231400;4413.125000;4413.405000;4410.015000;4410.135000;0
20260811 231500;4410.315000;4410.515000;4409.155000;4409.635000;0
20260811 231600;4409.665000;4409.705000;4407.435000;4407.435000;0
20260811 231700;4407.375000;4407.745000;4406.185000;4406.825000;0
20260811 231800;4406.725000;4407.565000;4406.105000;4406.305000;0
20260811 231900;4406.435000;4407.295000;4406.255000;4406.905000;0
20260811 232000;4406.685000;4407.065000;4405.505000;4405.935000;0
20260811 232100;4405.765000;4406.805000;4405.425000;4405.785000;0
20260811 232200;4405.775000;4405.775000;4404.795000;4404.915000;0
20260811 232300;4405.155000;4406.945000;4404.145000;4406.265000;0
20260811 232400;4406.435000;4407.255000;4406.065000;4406.385000;0
20260811 232500;4406.495000;4407.775000;4406.075000;4406.295000;0
20260811 232600;4406.115000;4407.605000;4405.985000;4406.905000;0
20260811 232700;4407.125000;4407.195000;4405.665000;4406.455000;0
20260811 232800;4406.525000;4407.965000;4406.435000;4407.705000;0
20260811 232900;4407.655000;4407.665000;4406.445000;4407.135000;0
20260811 233000;4407.035000;4408.475000;4406.135000;4407.235000;0
20260811 233100;4407.245000;4407.665000;4406.475000;4406.835000;0
20260811 233200;4406.835000;4406.995000;4405.355000;4405.355000;0
20260811 233300;4405.455000;4406.455000;4405.305000;4406.105000;0
20260811 233400;4405.835000;4405.905000;4404.615000;4405.435000;0
20260811 233500;4405.255000;4405.655000;4404.815000;4405.655000;0
20260811 233600;4405.515000;4406.275000;4404.825000;4405.615000;0
20260811 233700;4405.805000;4406.225000;4403.695000;4404.375000;0
20260811 233800;4404.225000;4404.885000;4403.935000;4403.935000;0
20260811 233900;4403.815000;4404.385000;4403.355000;4403.725000;0
20260811 234000;4403.725000;4403.905000;4403.155000;4403.465000;0
20260811 234100;4403.655000;4403.925000;4402.835000;4403.215000;0
20260811 234200;4403.665000;4403.765000;4402.705000;4402.815000;0
20260811 234300;4402.955000;4403.285000;4400.955000;4402.485000;0
20260811 234400;4402.675000;4403.335000;4401.125000;4401.125000;0
20260811 234500;4401.025000;4401.945000;4400.915000;4401.635000;0
20260811 234600;4401.515000;4402.845000;4401.225000;4402.065000;0
20260811 234700;4402.065000;4402.435000;4401.685000;4402.095000;0
20260811 234800;4402.095000;4402.535000;4401.405000;4402.395000;0
20260811 234900;4402.395000;4402.935000;4401.795000;4402.335000;0
20260811 235000;4402.445000;4402.445000;4401.575000;4402.205000;0
20260811 235100;4402.085000;4402.915000;4401.785000;4402.905000;0
20260811 235200;4402.765000;4403.475000;4402.005000;4402.985000;0
20260811 235300;4403.025000;4403.025000;4401.705000;4402.225000;0
20260811 235400;4402.085000;4402.385000;4400.375000;4401.805000;0
20260811 235500;4401.805000;4402.505000;4400.745000;4401.435000;0
20260811 235600;4401.575000;4401.915000;4400.855000;4400.855000;0
20260811 235700;4400.885000;4402.105000;4400.885000;4401.855000;0
20260811 235800;4401.655000;4401.985000;4401.455000;4401.745000;0
20260811 235900;4401.605000;4402.075000;4401.415000;4401.845000;0
20260812 000000;4401.805000;4402.455000;4401.755000;4401.975000;0
20260812 000100;4401.975000;4402.095000;4401.225000;4401.635000;0
20260812 000200;4401.605000;4402.065000;4401.145000;4401.625000;0
20260812 000300;4401.615000;4401.875000;4401.415000;4401.825000;0
20260812 000400;4401.825000;4402.965000;4401.815000;4402.765000;0
20260812 000500;4402.735000;4402.935000;4401.395000;4401.535000;0
20260812 000600;4401.405000;4401.735000;4400.905000;4401.215000;0
20260812 000700;4401.215000;4401.225000;4400.855000;4400.895000;0
20260812 000800;4401.105000;4401.365000;4400.205000;4400.365000;0
20260812 000900;4400.525000;4400.565000;4399.315000;4399.785000;0
20260812 001000;4399.535000;4399.935000;4397.695000;4397.765000;0
20260812 001100;4397.865000;4399.245000;4397.525000;4398.295000;0
20260812 001200;4398.295000;4398.295000;4396.565000;4397.235000;0
20260812 001300;4397.235000;4397.235000;4396.185000;4396.635000;0
20260812 001400;4396.455000;4397.475000;4396.385000;4397.355000;0
20260812 001500;4397.205000;4397.205000;4395.325000;4395.675000;0
20260812 001600;4395.525000;4396.315000;4395.105000;4396.145000;0
20260812 001700;4396.305000;4396.815000;4395.605000;4396.025000;0
20260812 001800;4396.025000;4396.865000;4395.635000;4395.965000;0
20260812 001900;4396.155000;4396.355000;4395.615000;4396.075000;0
20260812 002000;4396.075000;4396.905000;4395.965000;4396.765000;0
20260812 002100;4396.795000;4398.375000;4396.725000;4397.075000;0
20260812 002200;4397.075000;4398.155000;4397.005000;4397.255000;0
20260812 002300;4397.255000;4397.595000;4396.935000;4397.435000;0
20260812 002400;4397.405000;4397.675000;4396.515000;4397.305000;0
20260812 002500;4397.305000;4397.855000;4397.065000;4397.555000;0
20260812 002600;4397.435000;4398.685000;4397.375000;4397.835000;0
20260812 002700;4398.045000;4398.445000;4397.585000;4397.655000;0
20260812 002800;4397.645000;4398.115000;4397.545000;4398.045000;0
20260812 002900;4398.095000;4398.865000;4398.045000;4398.555000;0
20260812 003000;4398.635000;4398.995000;4397.335000;4397.405000;0
20260812 003100;4397.335000;4397.815000;4396.825000;4397.375000;0
20260812 003200;4397.415000;4397.745000;4397.155000;4397.445000;0
20260812 003300;4397.325000;4397.675000;4397.215000;4397.485000;0
20260812 003400;4397.545000;4398.855000;4396.935000;4398.525000;0
20260812 003500;4398.535000;4399.255000;4397.775000;4398.375000;0
20260812 003600;4398.375000;4398.805000;4397.465000;4398.785000;0
20260812 003700;4398.785000;4399.625000;4398.405000;4399.305000;0
20260812 003800;4399.515000;4399.695000;4398.365000;4398.895000;0
20260812 003900;4398.755000;4399.215000;4398.245000;4398.695000;0
20260812 004000;4398.705000;4398.705000;4395.025000;4395.855000;0
20260812 004100;4395.955000;4397.225000;4395.805000;4397.145000;0
20260812 004200;4397.115000;4398.015000;4396.845000;4397.545000;0
20260812 004300;4397.375000;4399.125000;4397.015000;4398.975000;0
20260812 004400;4398.975000;4399.755000;4398.805000;4399.535000;0
20260812 004500;4399.595000;4399.845000;4399.075000;4399.415000;0
20260812 004600;4399.395000;4400.415000;4399.365000;4400.105000;0
20260812 004700;4400.015000;4401.255000;4400.015000;4401.035000;0
20260812 004800;4400.865000;4401.595000;4400.395000;4401.095000;0
20260812 004900;4400.985000;4402.205000;4400.895000;4401.275000;0
20260812 005000;4401.135000;4401.645000;4400.845000;4400.935000;0
20260812 005100;4400.835000;4401.605000;4400.485000;4401.365000;0
20260812 005200;4401.365000;4401.445000;4399.965000;4400.515000;0
20260812 005300;4400.515000;4400.715000;4399.985000;4400.085000;0
20260812 005400;4399.805000;4400.155000;4399.385000;4399.465000;0
20260812 005500;4399.285000;4400.105000;4399.195000;4399.225000;0
20260812 005600;4399.225000;4399.785000;4398.905000;4399.715000;0
20260812 005700;4399.715000;4400.555000;4399.465000;4400.395000;0
20260812 005800;4400.295000;4400.665000;4400.055000;4400.435000;0
20260812 005900;4400.435000;4401.025000;4400.095000;4400.755000;0
20260812 010000;4400.895000;4401.325000;4400.615000;4401.075000;0
20260812 010100;4401.075000;4401.385000;4400.625000;4400.625000;0
20260812 010200;4400.435000;4401.915000;4400.195000;4400.375000;0
20260812 010300;4400.445000;4401.085000;4399.765000;4400.505000;0
20260812 010400;4400.495000;4402.005000;4400.485000;4401.425000;0
20260812 010500;4401.555000;4402.945000;4401.295000;4402.365000;0
20260812 010600;4402.365000;4402.575000;4401.565000;4401.755000;0
20260812 010700;4401.595000;4402.925000;4400.625000;4402.745000;0
20260812 010800;4402.745000;4403.595000;4402.695000;4403.325000;0
20260812 010900;4403.325000;4404.425000;4402.645000;4404.365000;0
20260812 011000;4404.285000;4404.285000;4403.305000;4403.755000;0
20260812 011100;4403.755000;4404.735000;4403.655000;4403.905000;0
20260812 011200;4403.745000;4404.785000;4403.545000;4403.675000;0
20260812 011300;4403.905000;4404.005000;4401.645000;4401.815000;0
20260812 011400;4401.575000;4402.095000;4400.345000;4400.565000;0
20260812 011500;4400.465000;4400.665000;4398.865000;4398.965000;0
20260812 011600;4399.075000;4399.075000;4398.035000;4398.505000;0
20260812 011700;4398.245000;4398.325000;4397.565000;4397.945000;0
20260812 011800;4398.095000;4398.425000;4396.665000;4397.355000;0
20260812 011900;4397.595000;4398.435000;4397.465000;4398.205000;0
20260812 012000;4398.315000;4398.715000;4395.215000;4395.395000;0
20260812 012100;4395.445000;4396.575000;4395.305000;4395.435000;0
20260812 012200;4395.685000;4395.735000;4392.155000;4392.645000;0
20260812 012300;4392.285000;4393.685000;4392.285000;4393.155000;0
20260812 012400;4393.155000;4394.355000;4393.155000;4393.835000;0
20260812 012500;4393.825000;4394.965000;4393.285000;4394.615000;0
20260812 012600;4394.735000;4395.655000;4394.025000;4394.915000;0
20260812 012700;4395.005000;4395.525000;4394.345000;4394.605000;0
20260812 012800;4394.605000;4394.925000;4393.075000;4393.525000;0
20260812 012900;4393.525000;4393.655000;4392.225000;4392.225000;0
20260812 013000;4391.685000;4392.785000;4388.895000;4392.605000;0
20260812 013100;4392.495000;4396.885000;4392.335000;4396.225000;0
20260812 013200;4395.995000;4396.495000;4392.965000;4394.285000;0
20260812 013300;4394.285000;4394.335000;4392.205000;4392.565000;0
20260812 013400;4392.465000;4393.545000;4391.225000;4392.265000;0
20260812 013500;4392.125000;4392.675000;4390.345000;4392.535000;0
20260812 013600;4392.535000;4394.745000;4391.385000;4393.205000;0
20260812 013700;4393.355000;4393.875000;4392.065000;4392.625000;0
20260812 013800;4392.775000;4394.545000;4392.025000;4393.945000;0
20260812 013900;4393.795000;4394.155000;4393.145000;4393.425000;0
20260812 014000;4393.425000;4394.045000;4392.705000;4393.885000;0
20260812 014100;4393.735000;4394.215000;4390.395000;4391.215000;0
20260812 014200;4391.085000;4391.275000;4388.935000;4389.135000;0
20260812 014300;4389.275000;4390.435000;4388.325000;4389.705000;0
20260812 014400;4389.705000;4390.265000;4387.505000;4387.665000;0
20260812 014500;4387.715000;4387.985000;4385.225000;4386.895000;0
20260812 014600;4386.705000;4387.775000;4385.955000;4387.745000;0
20260812 014700;4387.825000;4388.745000;4386.185000;4386.285000;0
20260812 014800;4386.255000;4386.415000;4384.945000;4385.505000;0
20260812 014900;4385.665000;4386.255000;4384.895000;4385.035000;0
20260812 015000;4385.145000;4387.135000;4384.835000;4385.435000;0
20260812 015100;4385.465000;4385.815000;4384.785000;4385.515000;0
20260812 015200;4385.515000;4385.605000;4383.635000;4384.655000;0
20260812 015300;4384.775000;4386.525000;4384.415000;4386.525000;0
20260812 015400;4386.385000;4388.725000;4386.335000;4388.485000;0
20260812 015500;4388.385000;4390.785000;4388.005000;4390.175000;0
20260812 015600;4390.115000;4390.775000;4388.375000;4390.025000;0
20260812 015700;4389.965000;4392.985000;4389.795000;4392.645000;0
20260812 015800;4392.625000;4393.855000;4391.585000;4391.695000;0
20260812 015900;4391.695000;4392.055000;4390.585000;4390.805000;0
20260812 020000;4390.725000;4392.385000;4390.065000;4392.035000;0
20260812 020100;4392.185000;4392.535000;4390.155000;4390.815000;0
20260812 020200;4390.555000;4390.645000;4387.875000;4388.165000;0
20260812 020300;4388.275000;4388.405000;4387.095000;4387.505000;0
20260812 020400;4387.395000;4388.745000;4387.375000;4387.605000;0
20260812 020500;4387.605000;4388.295000;4385.905000;4386.625000;0
20260812 020600;4386.625000;4387.145000;4385.985000;4387.145000;0
20260812 020700;4387.025000;4387.565000;4385.125000;4385.785000;0
20260812 020800;4385.675000;4386.385000;4384.985000;4385.425000;0
20260812 020900;4385.315000;4386.415000;4385.025000;4386.105000;0
20260812 021000;4385.925000;4387.285000;4384.825000;4384.875000;0
20260812 021100;4384.875000;4387.075000;4384.875000;4386.395000;0
20260812 021200;4386.395000;4387.155000;4385.365000;4386.265000;0
20260812 021300;4386.115000;4387.115000;4385.735000;4387.085000;0
20260812 021400;4387.215000;4388.095000;4386.715000;4386.825000;0
20260812 021500;4386.805000;4387.535000;4385.375000;4387.125000;0
20260812 021600;4387.125000;4387.875000;4386.705000;4387.625000;0
20260812 021700;4387.905000;4389.655000;4387.855000;4389.625000;0
20260812 021800;4389.625000;4390.175000;4388.925000;4389.855000;0
20260812 021900;4389.965000;4389.985000;4388.115000;4388.955000;0
20260812 022000;4388.955000;4388.955000;4387.945000;4388.565000;0
20260812 022100;4388.565000;4390.035000;4387.885000;4389.585000;0
20260812 022200;4389.585000;4390.215000;4387.665000;4387.735000;0
20260812 022300;4387.735000;4388.545000;4387.615000;4388.105000;0
20260812 022400;4387.995000;4389.095000;4387.745000;4388.755000;0
20260812 022500;4388.755000;4389.515000;4388.375000;4389.235000;0
20260812 022600;4389.335000;4389.785000;4388.315000;4388.315000;0
20260812 022700;4388.205000;4388.315000;4386.675000;4388.125000;0
20260812 022800;4388.225000;4389.185000;4387.365000;4389.115000;0
20260812 022900;4389.135000;4389.635000;4388.335000;4389.375000;0
20260812 023000;4389.485000;4389.715000;4388.735000;4389.435000;0
20260812 023100;4389.435000;4390.025000;4388.315000;4389.055000;0
20260812 023200;4388.925000;4389.765000;4388.385000;4388.995000;0
20260812 023300;4388.855000;4389.615000;4388.045000;4389.265000;0
20260812 023400;4389.265000;4389.865000;4388.765000;4389.165000;0
20260812 023500;4389.425000;4390.105000;4388.485000;4388.485000;0
20260812 023600;4388.485000;4390.025000;4388.225000;4389.885000;0
20260812 023700;4389.995000;4393.005000;4389.785000;4392.355000;0
20260812 023800;4392.175000;4393.845000;4391.585000;4392.675000;0
20260812 023900;4392.615000;4394.675000;4392.615000;4393.565000;0
20260812 024000;4393.465000;4396.775000;4393.155000;4396.485000;0
20260812 024100;4396.485000;4397.025000;4395.605000;4396.315000;0
20260812 024200;4396.295000;4396.345000;4395.395000;4395.395000;0
20260812 024300;4395.525000;4396.505000;4395.255000;4396.305000;0
20260812 024400;4396.075000;4396.275000;4393.565000;4394.235000;0
20260812 024500;4394.235000;4398.175000;4394.225000;4398.125000;0
20260812 024600;4398.015000;4398.725000;4397.045000;4397.295000;0
20260812 024700;4397.295000;4398.425000;4396.815000;4398.015000;0
20260812 024800;4398.165000;4399.515000;4397.705000;4398.715000;0
20260812 024900;4398.715000;4400.605000;4398.715000;4399.885000;0
20260812 025000;4399.885000;4401.165000;4399.465000;4400.965000;0
20260812 025100;4400.785000;4402.705000;4400.425000;4402.705000;0
20260812 025200;4402.425000;4402.875000;4401.675000;4402.225000;0
20260812 025300;4402.225000;4402.225000;4400.315000;4401.105000;0
20260812 025400;4401.105000;4401.895000;4400.755000;4400.935000;0
20260812 025500;4400.935000;4404.815000;4400.935000;4404.365000;0
20260812 025600;4404.285000;4406.135000;4403.765000;4405.905000;0
20260812 025700;4405.855000;4405.995000;4404.135000;4404.275000;0
20260812 025800;4404.235000;4404.425000;4402.755000;4402.755000;0
20260812 025900;4402.905000;4403.525000;4402.585000;4403.045000;0
20260812 030000;4402.935000;4405.765000;4402.875000;4405.355000;0
20260812 030100;4405.495000;4405.495000;4401.685000;4402.115000;0
20260812 030200;4402.065000;4403.855000;4402.025000;4403.855000;0
20260812 030300;4404.385000;4404.395000;4402.055000;4402.055000;0
20260812 030400;4402.015000;4402.675000;4400.805000;4401.005000;0
20260812 030500;4401.065000;4401.585000;4400.695000;4400.965000;0
20260812 030600;4400.995000;4402.375000;4400.995000;4401.715000;0
20260812 030700;4401.665000;4402.995000;4401.245000;4402.175000;0
20260812 030800;4402.195000;4402.365000;4401.145000;4401.335000;0
20260812 030900;4401.415000;4402.195000;4400.795000;4402.045000;0
20260812 031000;4402.095000;4403.225000;4402.055000;4403.145000;0
20260812 031100;4403.185000;4404.375000;4403.185000;4404.185000;0
20260812 031200;4404.265000;4405.155000;4403.795000;4404.935000;0
20260812 031300;4404.905000;4405.775000;4404.715000;4404.715000;0
20260812 031400;4404.535000;4405.015000;4401.165000;4401.345000;0
20260812 031500;4401.455000;4401.455000;4400.155000;4400.315000;0
20260812 031600;4400.375000;4400.595000;4399.195000;4399.195000;0
20260812 031700;4399.105000;4399.745000;4398.815000;4399.105000;0
20260812 031800;4399.125000;4399.345000;4398.395000;4399.345000;0
20260812 031900;4399.355000;4399.605000;4398.585000;4399.025000;0
20260812 032000;4399.005000;4399.205000;4397.985000;4398.335000;0
20260812 032100;4398.375000;4399.125000;4398.375000;4398.785000;0
20260812 032200;4398.865000;4399.625000;4398.785000;4399.305000;0
20260812 032300;4399.335000;4399.665000;4399.035000;4399.365000;0
20260812 032400;4399.235000;4400.285000;4399.065000;4399.795000;0
20260812 032500;4399.935000;4400.555000;4399.435000;4400.495000;0
20260812 032600;4400.585000;4400.705000;4400.115000;4400.145000;0
20260812 032700;4400.205000;4402.655000;4400.135000;4401.765000;0
20260812 032800;4401.765000;4402.595000;4401.475000;4401.905000;0
20260812 032900;4401.775000;4402.725000;4401.775000;4402.335000;0
20260812 033000;4402.335000;4403.125000;4401.755000;4402.305000;0
20260812 033100;4402.305000;4402.395000;4401.265000;4401.415000;0
20260812 033200;4401.395000;4403.705000;4401.275000;4403.545000;0
20260812 033300;4403.675000;4404.115000;4403.135000;4403.845000;0
20260812 033400;4403.965000;4405.485000;4403.715000;4403.715000;0
20260812 033500;4403.715000;4404.745000;4403.195000;4404.525000;0
20260812 033600;4404.675000;4405.905000;4404.245000;4405.095000;0
20260812 033700;4404.965000;4405.285000;4404.585000;4405.055000;0
20260812 033800;4404.895000;4405.835000;4404.565000;4405.135000;0
20260812 033900;4405.135000;4407.285000;4405.135000;4407.285000;0
20260812 034000;4407.235000;4407.255000;4405.585000;4405.705000;0
20260812 034100;4405.735000;4406.745000;4405.605000;4406.235000;0
20260812 034200;4406.195000;4408.265000;4406.125000;4408.105000;0
20260812 034300;4408.075000;4408.175000;4407.215000;4407.325000;0
20260812 034400;4407.315000;4408.215000;4406.975000;4407.635000;0
20260812 034500;4407.605000;4408.265000;4406.175000;4406.435000;0
20260812 034600;4406.415000;4407.385000;4405.805000;4407.225000;0
20260812 034700;4407.285000;4407.595000;4406.455000;4406.655000;0
20260812 034800;4406.705000;4409.335000;4406.705000;4409.315000;0
20260812 034900;4409.215000;4409.635000;4408.015000;4408.595000;0
20260812 035000;4408.495000;4409.145000;4407.445000;4407.775000;0
20260812 035100;4407.915000;4409.775000;4407.485000;4408.545000;0
20260812 035200;4408.705000;4409.685000;4408.035000;4409.445000;0
20260812 035300;4409.465000;4409.875000;4408.225000;4408.425000;0
20260812 035400;4408.245000;4408.945000;4408.165000;4408.545000;0
20260812 035500;4408.605000;4408.765000;4406.575000;4406.825000;0
20260812 035600;4406.785000;4406.785000;4404.925000;4405.035000;0
20260812 035700;4405.105000;4405.435000;4404.915000;4404.965000;0
20260812 035800;4405.055000;4406.035000;4404.575000;4404.725000;0
20260812 035900;4404.675000;4406.145000;4404.465000;4406.035000;0
20260812 040000;4406.065000;4407.025000;4405.615000;4406.105000;0
20260812 040100;4406.205000;4407.985000;4405.895000;4407.885000;0
20260812 040200;4407.975000;4409.125000;4407.585000;4408.605000;0
20260812 040300;4408.745000;4409.495000;4408.165000;4409.435000;0
20260812 040400;4409.395000;4410.075000;4408.035000;4408.405000;0
20260812 040500;4408.385000;4409.385000;4407.905000;4409.325000;0
20260812 040600;4409.335000;4410.045000;4409.295000;4410.045000;0
20260812 040700;4410.075000;4410.285000;4408.125000;4408.855000;0
20260812 040800;4408.705000;4408.835000;4407.795000;4408.285000;0
20260812 040900;4408.245000;4408.385000;4407.085000;4407.155000;0
20260812 041000;4407.265000;4409.205000;4407.165000;4408.295000;0
20260812 041100;4408.205000;4408.785000;4407.705000;4408.335000;0
20260812 041200;4408.335000;4408.695000;4408.065000;4408.455000;0
20260812 041300;4408.525000;4408.925000;4407.855000;4408.435000;0
20260812 041400;4408.445000;4408.905000;4407.845000;4408.355000;0
20260812 041500;4408.195000;4408.435000;4406.415000;4406.605000;0
20260812 041600;4406.635000;4407.075000;4406.375000;4406.655000;0
20260812 041700;4406.605000;4406.985000;4406.325000;4406.715000;0
20260812 041800;4406.795000;4408.005000;4406.645000;4407.405000;0
20260812 041900;4407.455000;4408.205000;4407.115000;4407.145000;0
20260812 042000;4407.105000;4409.075000;4407.085000;4408.455000;0
20260812 042100;4408.445000;4408.855000;4407.695000;4407.945000;0
20260812 042200;4407.985000;4409.245000;4407.685000;4408.905000;0
20260812 042300;4408.845000;4409.145000;4408.145000;4408.795000;0
20260812 042400;4408.815000;4408.815000;4408.055000;4408.095000;0
20260812 042500;4408.055000;4408.335000;4407.465000;4407.835000;0
20260812 042600;4407.815000;4407.815000;4406.295000;4406.625000;0
20260812 042700;4406.655000;4407.135000;4406.045000;4406.575000;0
20260812 042800;4406.625000;4406.845000;4405.445000;4406.035000;0
20260812 042900;4406.055000;4407.415000;4405.535000;4406.875000;0
20260812 043000;4406.865000;4407.395000;4405.985000;4406.585000;0
20260812 043100;4406.555000;4406.825000;4405.785000;4406.245000;0
20260812 043200;4406.265000;4406.835000;4405.375000;4405.715000;0
20260812 043300;4405.835000;4406.745000;4404.905000;4404.905000;0
20260812 043400;4405.105000;4405.775000;4404.865000;4405.525000;0
20260812 043500;4405.635000;4405.715000;4404.835000;4404.835000;0
20260812 043600;4404.915000;4405.685000;4404.615000;4405.565000;0
20260812 043700;4405.685000;4406.345000;4405.255000;4405.785000;0
20260812 043800;4405.775000;4406.365000;4404.565000;4405.995000;0
20260812 043900;4406.005000;4406.035000;4405.525000;4405.775000;0
20260812 044000;4405.785000;4405.995000;4404.765000;4405.015000;0
20260812 044100;4405.045000;4405.395000;4404.315000;4405.105000;0
20260812 044200;4405.085000;4406.085000;4404.955000;4405.575000;0
20260812 044300;4405.525000;4406.095000;4404.905000;4405.135000;0
20260812 044400;4405.165000;4405.865000;4405.025000;4405.865000;0
20260812 044500;4405.795000;4405.795000;4404.455000;4404.715000;0
20260812 044600;4404.625000;4405.395000;4404.405000;4405.055000;0
20260812 044700;4405.165000;4405.195000;4402.575000;4402.905000;0
20260812 044800;4403.015000;4403.865000;4402.565000;4403.795000;0
20260812 044900;4403.795000;4404.185000;4403.545000;4404.055000;0
20260812 045000;4403.995000;4404.875000;4403.965000;4404.485000;0
20260812 045100;4404.515000;4404.685000;4403.005000;4403.455000;0
20260812 045200;4403.375000;4403.865000;4403.285000;4403.285000;0
20260812 045300;4403.085000;4403.905000;4403.085000;4403.875000;0
20260812 045400;4403.915000;4403.965000;4403.105000;4403.115000;0
20260812 045500;4403.115000;4403.295000;4402.385000;4402.685000;0
20260812 045600;4402.735000;4403.425000;4402.585000;4403.425000;0
20260812 045700;4403.495000;4403.495000;4401.665000;4401.815000;0
20260812 045800;4401.845000;4402.695000;4401.575000;4402.455000;0
20260812 045900;4402.485000;4402.595000;4401.535000;4401.665000;0
20260812 050000;4401.805000;4402.985000;4401.685000;4402.555000;0
20260812 050100;4402.615000;4403.485000;4402.105000;4403.295000;0
20260812 050200;4403.335000;4405.085000;4403.335000;4405.085000;0
20260812 050300;4405.005000;4407.595000;4404.635000;4407.195000;0
20260812 050400;4407.235000;4407.855000;4406.715000;4407.185000;0
20260812 050500;4407.205000;4407.435000;4406.545000;4406.885000;0
20260812 050600;4406.775000;4407.925000;4406.745000;4407.065000;0
20260812 050700;4407.085000;4408.135000;4406.745000;4407.645000;0
20260812 050800;4407.665000;4408.625000;4407.455000;4407.705000;0
20260812 050900;4407.205000;4408.705000;4407.085000;4408.595000;0
20260812 051000;4408.575000;4411.245000;4407.795000;4409.805000;0
20260812 051100;4409.695000;4411.375000;4409.675000;4410.945000;0
20260812 051200;4410.905000;4411.535000;4410.725000;4410.985000;0
20260812 051300;4411.015000;4412.945000;4410.345000;4412.495000;0
20260812 051400;4412.475000;4412.945000;4411.525000;4412.765000;0
20260812 051500;4412.925000;4417.665000;4412.215000;4417.665000;0
20260812 051600;4417.665000;4417.665000;4414.695000;4415.715000;0
20260812 051700;4415.645000;4415.805000;4414.495000;4415.315000;0
20260812 051800;4415.285000;4415.325000;4414.155000;4415.065000;0
20260812 051900;4414.915000;4415.635000;4414.405000;4415.325000;0
20260812 052000;4415.325000;4415.725000;4413.465000;4414.025000;0
20260812 052100;4414.075000;4414.245000;4413.245000;4413.545000;0
20260812 052200;4413.635000;4417.405000;4413.125000;4417.285000;0
20260812 052300;4417.245000;4421.685000;4416.995000;4421.055000;0
20260812 052400;4421.035000;4423.985000;4419.455000;4423.425000;0
20260812 052500;4423.305000;4423.305000;4418.775000;4418.935000;0
20260812 052600;4419.185000;4420.265000;4417.245000;4417.425000;0
20260812 052700;4417.465000;4417.515000;4414.985000;4415.075000;0
20260812 052800;4415.075000;4416.185000;4414.585000;4415.095000;0
20260812 052900;4415.145000;4415.905000;4412.745000;4412.905000;0
20260812 053000;4412.875000;4414.265000;4412.245000;4413.305000;0
20260812 053100;4413.255000;4413.665000;4412.165000;4412.375000;0
20260812 053200;4412.315000;4415.715000;4411.705000;4415.175000;0
20260812 053300;4415.055000;4415.555000;4413.595000;4413.665000;0
20260812 053400;4413.555000;4414.545000;4413.425000;4413.925000;0
20260812 053500;4414.095000;4414.365000;4412.525000;4412.965000;0
20260812 053600;4412.965000;4413.605000;4412.485000;4413.535000;0
20260812 053700;4413.525000;4415.905000;4413.505000;4415.775000;0
20260812 053800;4415.755000;4415.755000;4414.555000;4415.275000;0
20260812 053900;4415.185000;4416.165000;4414.985000;4415.825000;0
20260812 054000;4415.735000;4416.815000;4415.545000;4415.915000;0
20260812 054100;4415.865000;4416.785000;4414.595000;4415.615000;0
20260812 054200;4415.635000;4416.095000;4415.185000;4415.385000;0
20260812 054300;4415.435000;4415.655000;4413.615000;4414.465000;0
20260812 054400;4414.485000;4414.705000;4413.035000;4413.525000;0
20260812 054500;4413.505000;4413.695000;4412.315000;4413.075000;0
20260812 054600;4413.045000;4413.605000;4412.525000;4413.275000;0
20260812 054700;4413.295000;4413.825000;4413.075000;4413.145000;0
20260812 054800;4413.095000;4414.295000;4412.445000;4413.165000;0
20260812 054900;4413.225000;4413.505000;4412.205000;4412.685000;0
20260812 055000;4412.915000;4416.325000;4412.915000;4416.155000;0
20260812 055100;4416.155000;4416.155000;4412.805000;4413.055000;0
20260812 055200;4412.965000;4413.425000;4411.235000;4411.525000;0
20260812 055300;4411.735000;4411.875000;4411.105000;4411.475000;0
20260812 055400;4411.445000;4411.745000;4410.515000;4411.625000;0
20260812 055500;4411.685000;4412.905000;4411.295000;4411.935000;0
20260812 055600;4411.835000;4412.435000;4411.475000;4412.435000;0
20260812 055700;4412.415000;4415.585000;4412.385000;4414.955000;0
20260812 055800;4414.865000;4415.575000;4414.625000;4415.145000;0
20260812 055900;4414.955000;4416.225000;4414.485000;4415.525000;0
20260812 060000;4415.665000;4416.005000;4415.175000;4415.785000;0
20260812 060100;4415.715000;4416.185000;4414.595000;4414.785000;0
20260812 060200;4414.785000;4415.935000;4414.465000;4414.485000;0
20260812 060300;4414.475000;4415.775000;4414.395000;4415.755000;0
20260812 060400;4415.755000;4415.755000;4414.505000;4414.805000;0
20260812 060500;4414.855000;4416.755000;4414.855000;4416.335000;0
20260812 060600;4416.335000;4417.465000;4416.165000;4417.065000;0
20260812 060700;4416.945000;4417.085000;4415.465000;4416.295000;0
20260812 060800;4416.385000;4416.615000;4415.265000;4415.545000;0
20260812 060900;4415.435000;4419.035000;4415.295000;4417.805000;0
20260812 061000;4417.785000;4418.625000;4417.605000;4418.385000;0
20260812 061100;4418.345000;4418.525000;4417.145000;4418.455000;0
20260812 061200;4418.405000;4419.205000;4417.485000;4418.915000;0
20260812 061300;4418.925000;4419.185000;4417.915000;4418.995000;0
20260812 061400;4418.815000;4418.975000;4416.985000;4417.735000;0
20260812 061500;4417.995000;4418.985000;4417.285000;4418.885000;0
20260812 061600;4418.845000;4418.895000;4417.405000;4417.675000;0
20260812 061700;4417.675000;4418.825000;4417.675000;4418.105000;0
20260812 061800;4417.985000;4418.805000;4417.805000;4418.675000;0
20260812 061900;4418.725000;4419.645000;4418.475000;4419.305000;0
20260812 062000;4419.245000;4420.155000;4419.095000;4419.825000;0
20260812 062100;4419.785000;4420.185000;4418.835000;4418.985000;0
20260812 062200;4419.075000;4419.835000;4418.825000;4419.575000;0
20260812 062300;4419.615000;4419.855000;4419.045000;4419.615000;0
20260812 062400;4419.675000;4419.715000;4418.515000;4418.935000;0
20260812 062500;4418.995000;4419.195000;4417.845000;4418.745000;0
20260812 062600;4418.735000;4419.885000;4418.335000;4419.455000;0
20260812 062700;4419.465000;4420.595000;4419.275000;4420.265000;0
20260812 062800;4420.415000;4420.825000;4419.685000;4420.125000;0
20260812 062900;4419.885000;4420.265000;4419.255000;4419.455000;0
20260812 063000;4419.165000;4419.595000;4417.915000;4418.245000;0
20260812 063100;4418.285000;4419.465000;4417.645000;4419.435000;0
20260812 063200;4419.375000;4419.375000;4417.255000;4418.425000;0
20260812 063300;4418.185000;4418.185000;4416.935000;4417.275000;0
20260812 063400;4417.265000;4417.265000;4416.795000;4416.945000;0
20260812 063500;4416.925000;4416.925000;4415.435000;4415.825000;0
20260812 063600;4415.785000;4416.205000;4415.485000;4416.095000;0
20260812 063700;4415.805000;4416.185000;4415.355000;4415.545000;0
20260812 063800;4415.635000;4415.735000;4413.865000;4413.935000;0
20260812 063900;4413.935000;4414.055000;4412.625000;4413.745000;0
20260812 064000;4413.815000;4414.785000;4413.165000;4414.225000;0
20260812 064100;4414.245000;4414.435000;4413.305000;4413.875000;0
20260812 064200;4413.845000;4414.155000;4413.015000;4413.205000;0
20260812 064300;4413.205000;4413.895000;4413.205000;4413.715000;0
20260812 064400;4413.765000;4414.975000;4413.765000;4414.605000;0
20260812 064500;4414.505000;4415.355000;4413.735000;4415.305000;0
20260812 064600;4415.385000;4415.575000;4415.065000;4415.445000;0
20260812 064700;4415.475000;4415.475000;4413.495000;4414.035000;0
20260812 064800;4414.065000;4414.305000;4410.535000;4410.785000;0
20260812 064900;4409.695000;4411.175000;4406.805000;4409.175000;0
20260812 065000;4409.185000;4410.085000;4408.005000;4408.895000;0
20260812 065100;4408.995000;4409.985000;4408.595000;4409.735000;0
20260812 065200;4409.765000;4410.645000;4409.285000;4409.495000;0
20260812 065300;4409.665000;4410.735000;4409.575000;4410.565000;0
20260812 065400;4410.455000;4410.875000;4410.225000;4410.425000;0
20260812 065500;4410.485000;4412.125000;4409.645000;4410.125000;0
20260812 065600;4410.225000;4411.395000;4409.575000;4411.095000;0
20260812 065700;4411.035000;4411.245000;4410.505000;4410.955000;0
20260812 065800;4410.915000;4412.195000;4410.765000;4412.005000;0
20260812 065900;4411.995000;4412.575000;4411.835000;4412.545000;0
20260812 070000;4412.615000;4414.785000;4412.415000;4414.005000;0
20260812 070100;4413.955000;4415.105000;4412.895000;4412.915000;0
20260812 070200;4412.965000;4413.655000;4412.545000;4412.855000;0
20260812 070300;4412.835000;4413.265000;4412.135000;4412.225000;0
20260812 070400;4412.255000;4412.335000;4410.585000;4410.915000;0
20260812 070500;4411.075000;4411.075000;4408.995000;4410.185000;0
20260812 070600;4410.155000;4410.565000;4409.245000;4410.035000;0
20260812 070700;4410.125000;4410.695000;4409.745000;4409.805000;0
20260812 070800;4409.815000;4411.495000;4409.815000;4411.165000;0
20260812 070900;4411.115000;4411.305000;4410.245000;4410.435000;0
20260812 071000;4410.465000;4410.905000;4410.045000;4410.055000;0
20260812 071100;4410.045000;4410.875000;4409.345000;4410.015000;0
20260812 071200;4410.015000;4410.205000;4409.405000;4409.955000;0
20260812 071300;4409.985000;4411.115000;4407.745000;4408.035000;0
20260812 071400;4408.155000;4409.065000;4407.725000;4407.725000;0
20260812 071500;4407.725000;4408.695000;4407.725000;4408.255000;0
20260812 071600;4408.275000;4409.805000;4408.255000;4409.165000;0
20260812 071700;4409.405000;4409.405000;4408.665000;4408.925000;0
20260812 071800;4408.905000;4410.085000;4408.835000;4410.085000;0
20260812 071900;4410.065000;4410.075000;4408.915000;4410.055000;0
20260812 072000;4410.055000;4410.605000;4409.945000;4410.335000;0
20260812 072100;4410.375000;4410.535000;4410.195000;4410.255000;0
20260812 072200;4410.225000;4410.575000;4409.705000;4409.805000;0
20260812 072300;4409.885000;4410.875000;4409.695000;4410.815000;0
20260812 072400;4410.785000;4411.425000;4410.485000;4410.685000;0
20260812 072500;4410.625000;4411.785000;4409.735000;4410.685000;0
20260812 072600;4410.725000;4411.765000;4410.245000;4411.625000;0
20260812 072700;4411.565000;4412.725000;4411.405000;4412.645000;0
20260812 072800;4412.645000;4413.185000;4412.175000;4412.655000;0
20260812 072900;4412.635000;4416.615000;4412.425000;4414.935000;0
20260812 073000;4414.945000;4415.795000;4414.245000;4414.425000;0
20260812 073100;4414.445000;4415.505000;4414.355000;4415.445000;0
20260812 073200;4415.415000;4415.415000;4414.215000;4414.975000;0
20260812 073300;4414.905000;4415.385000;4413.965000;4414.365000;0
20260812 073400;4414.375000;4414.535000;4412.745000;4413.155000;0
20260812 073500;4413.025000;4413.645000;4412.875000;4413.145000;0
20260812 073600;4413.195000;4413.455000;4411.385000;4412.075000;0
20260812 073700;4412.035000;4412.155000;4410.415000;4410.695000;0
20260812 073800;4410.675000;4411.765000;4410.015000;4411.575000;0
20260812 073900;4411.515000;4411.605000;4411.025000;4411.465000;0
20260812 074000;4411.465000;4413.725000;4411.395000;4412.985000;0
20260812 074100;4413.095000;4413.545000;4412.585000;4413.175000;0
20260812 074200;4413.195000;4413.195000;4411.975000;4412.365000;0
20260812 074300;4412.325000;4413.015000;4412.065000;4412.585000;0
20260812 074400;4412.575000;4413.375000;4412.405000;4413.135000;0
20260812 074500;4413.105000;4414.095000;4412.635000;4413.815000;0
20260812 074600;4413.775000;4414.015000;4413.145000;4413.425000;0
20260812 074700;4413.465000;4414.005000;4413.465000;4413.755000;0
20260812 074800;4413.785000;4413.795000;4412.585000;4412.645000;0
20260812 074900;4412.585000;4413.335000;4412.145000;4413.235000;0
20260812 075000;4413.265000;4413.735000;4412.905000;4413.005000;0
20260812 075100;4413.035000;4413.965000;4412.555000;4413.215000;0
20260812 075200;4413.595000;4413.625000;4412.775000;4413.515000;0
20260812 075300;4413.445000;4414.135000;4413.325000;4413.855000;0
20260812 075400;4413.815000;4414.225000;4413.345000;4414.055000;0
20260812 075500;4414.015000;4414.775000;4413.675000;4413.935000;0
20260812 075600;4413.965000;4415.315000;4413.735000;4413.845000;0
20260812 075700;4413.905000;4413.905000;4412.315000;4412.845000;0
20260812 075800;4412.795000;4413.685000;4412.615000;4413.685000;0
20260812 075900;4413.655000;4413.695000;4412.495000;4412.655000;0
20260812 080000;4412.525000;4412.915000;4411.925000;4412.325000;0
20260812 080100;4412.235000;4412.335000;4410.885000;4411.055000;0
20260812 080200;4411.075000;4411.925000;4410.105000;4410.705000;0
20260812 080300;4410.715000;4410.795000;4408.865000;4408.915000;0
20260812 080400;4408.855000;4409.075000;4407.695000;4408.485000;0
20260812 080500;4408.395000;4408.615000;4406.865000;4407.295000;0
20260812 080600;4407.165000;4408.055000;4406.755000;4407.645000;0
20260812 080700;4407.445000;4408.825000;4407.445000;4408.695000;0
20260812 080800;4408.695000;4409.165000;4407.495000;4408.085000;0
20260812 080900;4408.005000;4408.665000;4406.635000;4407.125000;0
20260812 081000;4407.045000;4408.405000;4406.555000;4406.885000;0
20260812 081100;4406.865000;4408.985000;4406.115000;4408.855000;0
20260812 081200;4408.855000;4409.225000;4407.505000;4407.545000;0
20260812 081300;4407.435000;4408.115000;4407.005000;4408.065000;0
20260812 081400;4408.025000;4408.555000;4407.895000;4408.515000;0
20260812 081500;4408.395000;4408.915000;4407.435000;4407.565000;0
20260812 081600;4407.595000;4408.265000;4406.585000;4406.995000;0
20260812 081700;4407.025000;4408.035000;4406.375000;4407.685000;0
20260812 081800;4407.605000;4408.105000;4406.755000;4408.065000;0
20260812 081900;4408.275000;4408.705000;4406.645000;4408.075000;0
20260812 082000;4408.275000;4409.295000;4406.665000;4407.835000;0
20260812 082100;4407.855000;4409.465000;4406.675000;4407.495000;0
20260812 082200;4407.635000;4407.885000;4404.765000;4406.995000;0
20260812 082300;4407.025000;4408.565000;4406.705000;4408.035000;0
20260812 082400;4407.865000;4407.885000;4406.465000;4406.465000;0
20260812 082500;4406.345000;4406.455000;4404.355000;4405.515000;0
20260812 082600;4405.535000;4408.945000;4405.535000;4408.515000;0
20260812 082700;4408.415000;4412.865000;4408.375000;4412.605000;0
20260812 082800;4412.765000;4415.415000;4410.895000;4415.365000;0
20260812 082900;4415.395000;4425.025000;4413.545000;4424.505000;0
20260812 083000;4425.695000;4425.695000;4425.695000;4425.695000;0
20260812 082900;4426.235000;4426.235000;4426.235000;4426.235000;0
20260812 083000;4426.795000;4431.465000;4381.295000;4393.665000;0
20260812 083100;4393.875000;4409.855000;4387.355000;4408.405000;0
20260812 083200;4408.335000;4418.455000;4407.275000;4417.145000;0
20260812 083300;4417.115000;4423.185000;4416.515000;4421.625000;0
20260812 083400;4421.715000;4431.605000;4421.135000;4424.905000;0
20260812 083500;4424.835000;4424.895000;4415.425000;4416.365000;0
20260812 083600;4416.475000;4422.105000;4416.365000;4420.575000;0
20260812 083700;4420.445000;4426.245000;4420.325000;4425.725000;0
20260812 083800;4425.875000;4426.295000;4419.905000;4423.765000;0
20260812 083900;4423.505000;4429.805000;4422.965000;4428.675000;0
20260812 084000;4428.805000;4429.055000;4423.515000;4428.805000;0
20260812 084100;4428.795000;4429.355000;4424.225000;4427.285000;0
20260812 084200;4427.315000;4431.625000;4426.505000;4431.435000;0
20260812 084300;4431.275000;4438.105000;4431.275000;4434.585000;0
20260812 084400;4434.685000;4434.765000;4428.255000;4428.425000;0
20260812 084500;4428.415000;4428.415000;4419.995000;4422.445000;0
20260812 084600;4422.335000;4422.335000;4419.935000;4421.145000;0
20260812 084700;4421.115000;4421.535000;4416.095000;4420.965000;0
20260812 084800;4420.995000;4424.035000;4420.295000;4423.235000;0
20260812 084900;4423.135000;4423.985000;4420.285000;4421.355000;0
20260812 085000;4421.455000;4426.645000;4420.855000;4424.315000;0
20260812 085100;4424.295000;4426.525000;4423.865000;4425.745000;0
20260812 085200;4425.865000;4426.355000;4422.095000;4424.235000;0
20260812 085300;4424.175000;4428.565000;4422.775000;4427.155000;0
20260812 085400;4427.155000;4428.565000;4426.555000;4427.505000;0
20260812 085500;4427.545000;4429.375000;4427.175000;4429.055000;0
20260812 085600;4429.085000;4429.565000;4426.275000;4429.465000;0
20260812 085700;4429.465000;4433.595000;4429.415000;4429.735000;0
20260812 085800;4429.685000;4436.335000;4429.515000;4434.065000;0
20260812 085900;4434.015000;4438.105000;4432.685000;4437.295000;0
20260812 090000;4437.285000;4441.245000;4430.005000;4431.145000;0
20260812 090100;4431.175000;4432.665000;4426.205000;4427.435000;0
20260812 090200;4427.595000;4434.225000;4427.595000;4432.975000;0
20260812 090300;4433.025000;4435.515000;4430.025000;4430.455000;0
20260812 090400;4430.495000;4433.665000;4429.125000;4432.025000;0
20260812 090500;4432.045000;4434.225000;4429.605000;4430.315000;0
20260812 090600;4430.415000;4433.065000;4429.755000;4432.925000;0
20260812 090700;4432.855000;4433.625000;4427.475000;4429.255000;0
20260812 090800;4429.165000;4431.925000;4428.565000;4431.135000;0
20260812 090900;4431.065000;4431.175000;4427.555000;4429.365000;0
20260812 091000;4429.725000;4430.275000;4426.695000;4429.275000;0
20260812 091100;4429.325000;4430.575000;4427.065000;4429.285000;0
20260812 091200;4429.385000;4429.945000;4424.815000;4425.575000;0
20260812 091300;4425.575000;4426.475000;4422.595000;4424.715000;0
20260812 091400;4424.785000;4424.805000;4420.445000;4421.795000;0
20260812 091500;4421.695000;4424.295000;4420.885000;4424.085000;0
20260812 091600;4424.195000;4425.105000;4422.955000;4424.825000;0
20260812 091700;4424.145000;4428.675000;4423.915000;4428.265000;0
20260812 091800;4428.305000;4428.885000;4425.865000;4426.255000;0
20260812 091900;4426.035000;4426.295000;4423.355000;4424.025000;0
20260812 092000;4424.055000;4427.505000;4422.555000;4424.735000;0
20260812 092100;4424.555000;4425.365000;4420.365000;4420.385000;0
20260812 092200;4420.425000;4421.995000;4419.485000;4420.125000;0
20260812 092300;4420.185000;4420.355000;4417.685000;4419.315000;0
20260812 092400;4419.325000;4419.935000;4416.745000;4416.745000;0
20260812 092500;4416.705000;4417.665000;4414.465000;4414.915000;0
20260812 092600;4414.955000;4418.305000;4414.465000;4418.295000;0
20260812 092700;4418.205000;4419.275000;4416.795000;4417.845000;0
20260812 092800;4417.955000;4418.195000;4415.905000;4418.195000;0
20260812 092900;4418.235000;4418.465000;4415.745000;4418.185000;0
20260812 093000;4418.335000;4420.685000;4416.285000;4418.405000;0
20260812 093100;4418.525000;4418.525000;4413.955000;4416.215000;0
20260812 093200;4416.155000;4418.785000;4415.125000;4416.715000;0
20260812 093300;4416.595000;4418.915000;4415.395000;4416.875000;0
20260812 093400;4416.775000;4416.965000;4412.335000;4413.665000;0
20260812 093500;4413.705000;4417.025000;4413.005000;4416.245000;0
20260812 093600;4416.325000;4419.805000;4415.115000;4417.515000;0
20260812 093700;4417.385000;4417.895000;4413.335000;4414.595000;0
20260812 093800;4414.575000;4418.775000;4413.785000;4415.365000;0
20260812 093900;4415.135000;4415.155000;4410.045000;4411.655000;0
20260812 094000;4411.655000;4412.245000;4408.245000;4409.945000;0
20260812 094100;4409.735000;4413.295000;4408.485000;4412.825000;0
20260812 094200;4413.035000;4415.855000;4410.315000;4415.815000;0
20260812 094300;4415.915000;4420.125000;4413.825000;4417.925000;0
20260812 094400;4417.965000;4419.455000;4413.095000;4416.415000;0
20260812 094500;4416.325000;4419.625000;4415.235000;4419.625000;0
20260812 094600;4419.435000;4422.155000;4418.205000;4422.045000;0
20260812 094700;4421.835000;4425.635000;4421.595000;4423.605000;0
20260812 094800;4423.635000;4428.025000;4423.515000;4426.275000;0
20260812 094900;4426.325000;4427.835000;4425.745000;4427.835000;0
20260812 095000;4427.795000;4429.055000;4426.005000;4427.755000;0
20260812 095100;4427.595000;4430.325000;4427.155000;4430.005000;0
20260812 095200;4430.045000;4430.785000;4427.085000;4427.475000;0
20260812 095300;4427.715000;4432.995000;4426.255000;4432.995000;0
20260812 095400;4432.965000;4433.745000;4431.505000;4432.195000;0
20260812 095500;4432.365000;4432.725000;4430.065000;4430.255000;0
20260812 095600;4430.395000;4432.485000;4428.245000;4429.695000;0
20260812 095700;4429.565000;4431.075000;4428.425000;4430.095000;0
20260812 095800;4430.165000;4431.515000;4429.745000;4431.235000;0
20260812 095900;4431.415000;4432.235000;4426.835000;4427.255000;0
20260812 100000;4427.605000;4428.805000;4423.585000;4426.615000;0
20260812 100100;4427.005000;4427.725000;4424.595000;4425.395000;0
20260812 100200;4425.535000;4425.685000;4420.855000;4422.345000;0
20260812 100300;4422.345000;4425.455000;4421.985000;4425.175000;0
20260812 100400;4425.065000;4426.935000;4422.365000;4426.505000;0
20260812 100500;4426.545000;4428.625000;4426.165000;4427.245000;0
20260812 100600;4427.225000;4428.445000;4426.005000;4428.165000;0
20260812 100700;4428.265000;4429.805000;4427.295000;4428.055000;0
20260812 100800;4427.695000;4429.285000;4427.415000;4428.305000;0
20260812 100900;4428.225000;4429.515000;4427.345000;4429.375000;0
20260812 101000;4429.425000;4430.915000;4429.085000;4430.725000;0
20260812 101100;4430.765000;4434.205000;4430.675000;4434.025000;0
20260812 101200;4434.025000;4434.645000;4432.715000;4434.305000;0
20260812 101300;4434.385000;4434.735000;4432.615000;4433.275000;0
20260812 101400;4433.225000;4433.565000;4431.485000;4431.675000;0
20260812 101500;4431.695000;4433.665000;4429.535000;4433.625000;0
20260812 101600;4433.525000;4436.615000;4433.415000;4435.815000;0
20260812 101700;4435.925000;4436.255000;4432.925000;4434.565000;0
20260812 101800;4434.615000;4437.335000;4434.445000;4436.875000;0
20260812 101900;4436.985000;4437.355000;4435.105000;4435.955000;0
20260812 102000;4436.155000;4436.355000;4433.645000;4435.595000;0
20260812 102100;4435.645000;4439.495000;4435.645000;4436.615000;0
20260812 102200;4436.745000;4438.495000;4435.365000;4435.845000;0
20260812 102300;4435.475000;4436.095000;4434.695000;4435.285000;0
20260812 102400;4435.285000;4437.055000;4435.275000;4436.215000;0
20260812 102500;4436.155000;4436.655000;4433.135000;4433.365000;0
20260812 102600;4433.515000;4434.045000;4430.755000;4433.795000;0
20260812 102700;4433.835000;4434.825000;4433.395000;4434.535000;0
20260812 102800;4434.625000;4437.035000;4433.605000;4433.945000;0
20260812 102900;4433.945000;4434.195000;4430.145000;4431.355000;0
20260812 103000;4431.355000;4435.815000;4431.025000;4431.385000;0
20260812 103100;4431.265000;4431.625000;4418.955000;4425.735000;0
20260812 103200;4426.115000;4427.415000;4425.075000;4426.945000;0
20260812 103300;4426.945000;4429.055000;4426.945000;4427.505000;0
20260812 103400;4427.425000;4427.505000;4419.595000;4420.535000;0
20260812 103500;4420.645000;4420.655000;4416.195000;4419.485000;0
20260812 103600;4419.595000;4423.155000;4418.745000;4420.935000;0
20260812 103700;4420.665000;4422.045000;4419.815000;4420.175000;0
20260812 103800;4420.175000;4420.175000;4418.025000;4418.785000;0
20260812 103900;4418.755000;4418.975000;4416.345000;4418.145000;0
20260812 104000;4418.135000;4420.595000;4417.355000;4420.575000;0
20260812 104100;4420.645000;4421.735000;4418.465000;4418.705000;0
20260812 104200;4418.725000;4420.135000;4416.905000;4419.325000;0
20260812 104300;4419.765000;4421.525000;4419.355000;4420.935000;0
20260812 104400;4421.015000;4425.255000;4420.915000;4424.755000;0
20260812 104500;4424.815000;4428.495000;4422.955000;4428.255000;0
20260812 104600;4428.265000;4432.395000;4427.635000;4427.885000;0
20260812 104700;4427.745000;4427.745000;4422.785000;4422.785000;0
20260812 104800;4422.755000;4422.805000;4420.005000;4421.915000;0
20260812 104900;4421.915000;4421.915000;4421.915000;4421.915000;0
20260812 104800;4422.015000;4422.015000;4422.015000;4422.015000;0
20260812 104900;4421.975000;4423.635000;4421.695000;4422.095000;0
20260812 105000;4421.975000;4424.205000;4421.185000;4421.455000;0
20260812 105100;4421.295000;4421.515000;4416.345000;4417.945000;0
20260812 105200;4417.995000;4419.145000;4416.705000;4419.005000;0
20260812 105300;4418.965000;4420.845000;4416.645000;4420.505000;0
20260812 105400;4420.505000;4422.605000;4419.675000;4422.515000;0
20260812 105500;4422.565000;4423.785000;4420.495000;4420.645000;0
20260812 105600;4420.485000;4421.315000;4418.755000;4420.055000;0
20260812 105700;4420.085000;4421.235000;4419.775000;4420.495000;0
20260812 105800;4420.375000;4421.745000;4420.015000;4421.085000;0
20260812 105900;4420.985000;4423.025000;4420.245000;4421.875000;0
20260812 110000;4421.855000;4422.155000;4418.325000;4420.685000;0
20260812 110100;4420.575000;4423.315000;4419.215000;4422.155000;0
20260812 110200;4422.145000;4422.855000;4419.425000;4420.315000;0
20260812 110300;4420.265000;4420.265000;4420.155000;4420.155000;0
20260812 110200;4420.225000;4420.225000;4419.795000;4419.795000;0
20260812 110300;4420.445000;4422.565000;4418.565000;4418.575000;0
20260812 110400;4418.485000;4418.485000;4415.045000;4415.945000;0
20260812 110500;4415.895000;4417.345000;4414.635000;4416.505000;0
20260812 110600;4416.445000;4418.685000;4415.895000;4418.115000;0
20260812 110700;4418.055000;4420.045000;4417.605000;4419.995000;0
20260812 110800;4419.955000;4423.125000;4419.605000;4420.745000;0
20260812 110900;4420.695000;4422.685000;4419.445000;4421.335000;0
20260812 111000;4421.335000;4423.035000;4420.405000;4421.725000;0
20260812 111100;4421.815000;4423.495000;4420.595000;4423.485000;0
20260812 111200;4423.415000;4427.965000;4423.415000;4427.835000;0
20260812 111300;4427.845000;4428.655000;4426.925000;4428.655000;0
20260812 111400;4428.755000;4429.795000;4425.435000;4426.435000;0
20260812 111500;4426.335000;4426.575000;4422.955000;4423.535000;0
20260812 111600;4423.545000;4426.545000;4423.495000;4426.505000;0
20260812 111700;4426.435000;4426.815000;4422.955000;4423.285000;0
20260812 111800;4423.285000;4423.695000;4421.865000;4422.305000;0
20260812 111900;4422.315000;4424.415000;4421.725000;4424.125000;0
20260812 112000;4424.275000;4425.825000;4423.685000;4425.655000;0
20260812 112100;4425.105000;4426.445000;4425.055000;4425.805000;0
20260812 112200;4425.805000;4427.805000;4424.555000;4426.405000;0
20260812 112300;4426.185000;4426.735000;4424.515000;4425.725000;0
20260812 112400;4425.815000;4426.575000;4425.135000;4426.065000;0
20260812 112500;4426.065000;4426.235000;4423.135000;4423.765000;0
20260812 112600;4423.705000;4424.605000;4423.425000;4424.115000;0
20260812 112700;4424.095000;4424.895000;4421.935000;4422.585000;0
20260812 112800;4422.585000;4423.045000;4420.945000;4421.265000;0
20260812 112900;4421.315000;4421.645000;4419.355000;4421.105000;0
20260812 113000;4421.195000;4425.115000;4421.015000;4424.785000;0
20260812 113100;4424.675000;4425.225000;4422.385000;4422.685000;0
20260812 113200;4422.695000;4423.205000;4421.965000;4422.695000;0
20260812 113300;4422.715000;4423.165000;4419.215000;4419.515000;0
20260812 113400;4419.465000;4419.875000;4418.255000;4418.715000;0
20260812 113500;4418.865000;4419.345000;4417.655000;4418.665000;0
20260812 113600;4418.565000;4419.365000;4416.545000;4419.105000;0
20260812 113700;4419.085000;4420.975000;4419.085000;4419.615000;0
20260812 113800;4419.615000;4420.985000;4419.315000;4420.755000;0
20260812 113900;4420.755000;4421.045000;4419.895000;4420.795000;0
20260812 114000;4420.625000;4421.705000;4420.305000;4420.945000;0
20260812 114100;4420.945000;4420.945000;4418.005000;4419.995000;0
20260812 114200;4419.825000;4421.355000;4419.315000;4420.285000;0
20260812 114300;4420.155000;4421.285000;4419.605000;4421.005000;0
20260812 114400;4420.935000;4421.635000;4416.785000;4418.095000;0
20260812 114500;4418.205000;4418.395000;4417.395000;4417.645000;0
20260812 114600;4417.545000;4418.135000;4416.405000;4417.945000;0
20260812 114700;4417.795000;4417.895000;4414.995000;4416.275000;0
20260812 114800;4416.155000;4416.775000;4415.355000;4415.645000;0
20260812 114900;4415.595000;4416.285000;4414.155000;4415.655000;0
20260812 115000;4415.655000;4415.655000;4413.815000;4414.165000;0
20260812 115100;4413.965000;4414.685000;4410.745000;4412.475000;0
20260812 115200;4412.465000;4413.575000;4411.725000;4413.365000;0
20260812 115300;4413.335000;4416.085000;4412.915000;4415.995000;0
20260812 115400;4415.945000;4416.605000;4415.295000;4416.505000;0
20260812 115500;4416.395000;4419.135000;4416.215000;4418.665000;0
20260812 115600;4418.615000;4419.515000;4418.225000;4419.025000;0
20260812 115700;4419.045000;4421.235000;4419.045000;4421.205000;0
20260812 115800;4421.205000;4421.335000;4420.065000;4421.025000;0
20260812 115900;4420.935000;4422.155000;4420.705000;4420.895000;0
20260812 120000;4420.935000;4424.745000;4420.025000;4424.065000;0
20260812 120100;4423.905000;4425.565000;4423.195000;4423.465000;0
20260812 120200;4423.485000;4423.775000;4421.555000;4421.635000;0
20260812 120300;4421.505000;4421.565000;4420.315000;4420.605000;0
20260812 120400;4420.625000;4421.455000;4417.995000;4420.295000;0
20260812 120500;4420.235000;4422.145000;4419.725000;4421.185000;0
20260812 120600;4421.155000;4421.735000;4420.305000;4420.625000;0
20260812 120700;4420.515000;4420.915000;4419.015000;4419.325000;0
20260812 120800;4419.325000;4420.185000;4417.765000;4418.925000;0
20260812 120900;4418.885000;4419.465000;4418.055000;4419.205000;0
20260812 121000;4419.485000;4420.175000;4417.055000;4417.465000;0
20260812 121100;4417.475000;4420.395000;4416.785000;4420.275000;0
20260812 121200;4420.275000;4421.625000;4419.655000;4420.955000;0
20260812 121300;4420.855000;4422.975000;4420.625000;4422.795000;0
20260812 121400;4422.865000;4423.975000;4422.485000;4423.225000;0
20260812 121500;4423.325000;4424.585000;4422.705000;4424.295000;0
20260812 121600;4424.295000;4424.835000;4422.955000;4424.015000;0
20260812 121700;4423.915000;4424.115000;4422.405000;4424.105000;0
20260812 121800;4423.995000;4425.855000;4423.815000;4425.645000;0
20260812 121900;4425.545000;4426.115000;4424.155000;4425.055000;0
20260812 122000;4425.175000;4425.705000;4423.765000;4423.905000;0
20260812 122100;4424.005000;4424.765000;4423.565000;4424.125000;0
20260812 122200;4423.965000;4424.835000;4423.415000;4424.725000;0
20260812 122300;4424.845000;4425.355000;4424.325000;4425.315000;0
20260812 122400;4425.315000;4426.445000;4424.825000;4425.985000;0
20260812 122500;4425.985000;4426.265000;4424.215000;4424.595000;0
20260812 122600;4424.725000;4424.725000;4423.585000;4423.585000;0
20260812 122700;4423.705000;4423.765000;4422.105000;4423.375000;0
20260812 122800;4423.375000;4423.595000;4422.505000;4423.005000;0
20260812 122900;4423.005000;4423.305000;4422.475000;4422.905000;0
20260812 123000;4423.005000;4423.755000;4421.285000;4421.835000;0
20260812 123100;4421.995000;4421.995000;4420.415000;4420.825000;0
20260812 123200;4420.635000;4420.635000;4418.535000;4418.815000;0
20260812 123300;4418.705000;4419.005000;4415.355000;4415.815000;0
20260812 123400;4415.825000;4415.825000;4412.985000;4413.025000;0
20260812 123500;4413.005000;4414.515000;4411.115000;4414.515000;0
20260812 123600;4414.295000;4415.675000;4414.135000;4415.395000;0
20260812 123700;4415.185000;4415.815000;4413.385000;4413.445000;0
20260812 123800;4413.555000;4414.755000;4413.115000;4414.735000;0
20260812 123900;4414.495000;4415.225000;4413.155000;4413.655000;0
20260812 124000;4413.645000;4415.415000;4412.965000;4413.925000;0
20260812 124100;4413.865000;4414.615000;4412.875000;4414.085000;0
20260812 124200;4414.045000;4414.575000;4413.225000;4413.625000;0
20260812 124300;4413.615000;4414.315000;4410.095000;4410.725000;0
20260812 124400;4410.565000;4411.195000;4409.105000;4410.745000;0
20260812 124500;4410.745000;4411.175000;4408.335000;4409.575000;0
20260812 124600;4409.775000;4411.055000;4408.555000;4410.355000;0
20260812 124700;4410.175000;4410.265000;4406.095000;4406.335000;0
20260812 124800;4406.335000;4406.425000;4404.375000;4405.835000;0
20260812 124900;4406.015000;4406.315000;4401.875000;4402.355000;0
20260812 125000;4402.235000;4404.195000;4401.835000;4403.825000;0
20260812 125100;4403.655000;4405.405000;4402.085000;4404.915000;0
20260812 125200;4404.915000;4404.915000;4402.445000;4404.185000;0
20260812 125300;4403.935000;4405.855000;4402.315000;4405.775000;0
20260812 125400;4405.875000;4405.935000;4403.755000;4405.145000;0
20260812 125500;4405.245000;4405.245000;4401.285000;4401.545000;0
20260812 125600;4401.645000;4402.655000;4396.295000;4398.135000;0
20260812 125700;4398.205000;4400.845000;4398.205000;4399.765000;0
20260812 125800;4399.805000;4401.505000;4399.115000;4401.505000;0
20260812 125900;4401.505000;4402.965000;4401.335000;4401.355000;0
20260812 130000;4401.355000;4401.885000;4399.655000;4401.455000;0
20260812 130100;4401.475000;4405.065000;4401.475000;4405.065000;0
20260812 130200;4404.945000;4405.215000;4403.805000;4404.765000;0
20260812 130300;4404.765000;4405.035000;4402.635000;4403.775000;0
20260812 130400;4403.665000;4403.765000;4402.115000;4402.845000;0
20260812 130500;4402.755000;4404.675000;4402.065000;4404.415000;0
20260812 130600;4404.515000;4406.625000;4403.315000;4406.045000;0
20260812 130700;4405.965000;4407.445000;4405.935000;4406.705000;0
20260812 130800;4406.805000;4406.825000;4405.245000;4406.065000;0
20260812 130900;4405.945000;4407.325000;4405.945000;4406.225000;0
20260812 131000;4406.225000;4406.515000;4405.145000;4405.595000;0
20260812 131100;4405.585000;4406.005000;4404.375000;4404.785000;0
20260812 131200;4404.735000;4405.305000;4404.295000;4404.825000;0
20260812 131300;4404.835000;4405.385000;4403.555000;4403.925000;0
20260812 131400;4404.185000;4404.515000;4403.035000;4403.505000;0
20260812 131500;4403.675000;4404.115000;4402.885000;4402.995000;0
20260812 131600;4403.125000;4404.195000;4401.875000;4402.665000;0
20260812 131700;4402.685000;4404.265000;4402.495000;4402.555000;0
20260812 131800;4402.385000;4403.435000;4401.695000;4402.335000;0
20260812 131900;4402.475000;4404.065000;4402.265000;4403.265000;0
20260812 132000;4403.445000;4405.325000;4402.575000;4405.015000;0
20260812 132100;4405.145000;4407.255000;4404.445000;4406.925000;0
20260812 132200;4407.065000;4408.985000;4406.855000;4407.785000;0
20260812 132300;4407.785000;4409.405000;4407.005000;4408.795000;0
20260812 132400;4408.905000;4409.685000;4407.175000;4407.525000;0
20260812 132500;4407.645000;4407.945000;4406.575000;4406.965000;0
20260812 132600;4406.765000;4407.415000;4405.185000;4407.315000;0
20260812 132700;4407.205000;4408.085000;4406.655000;4406.745000;0
20260812 132800;4406.745000;4407.655000;4406.245000;4407.335000;0
20260812 132900;4407.935000;4409.095000;4406.115000;4406.395000;0
20260812 133000;4406.515000;4407.465000;4405.855000;4406.655000;0
20260812 133100;4406.655000;4408.875000;4406.655000;4407.865000;0
20260812 133200;4407.965000;4409.465000;4407.775000;4409.335000;0
20260812 133300;4409.505000;4410.415000;4409.375000;4410.255000;0
20260812 133400;4410.155000;4410.485000;4409.575000;4410.115000;0
20260812 133500;4409.975000;4410.545000;4409.295000;4410.325000;0
20260812 133600;4410.335000;4411.275000;4409.275000;4409.305000;0
20260812 133700;4409.255000;4409.355000;4406.515000;4406.855000;0
20260812 133800;4407.005000;4407.145000;4404.855000;4405.035000;0
20260812 133900;4404.955000;4405.665000;4404.655000;4405.665000;0
20260812 134000;4405.495000;4405.495000;4402.885000;4404.195000;0
20260812 134100;4404.395000;4404.505000;4403.395000;4404.325000;0
20260812 134200;4404.515000;4404.745000;4403.735000;4403.755000;0
20260812 134300;4403.755000;4404.135000;4402.815000;4402.975000;0
20260812 134400;4403.085000;4403.085000;4401.145000;4401.935000;0
20260812 134500;4401.935000;4402.455000;4401.455000;4402.075000;0
20260812 134600;4402.075000;4403.145000;4401.455000;4402.925000;0
20260812 134700;4402.865000;4403.695000;4402.825000;4403.055000;0
20260812 134800;4403.185000;4403.315000;4402.505000;4403.155000;0
20260812 134900;4403.225000;4403.855000;4402.735000;4402.925000;0
20260812 135000;4403.055000;4403.675000;4402.625000;4403.595000;0
20260812 135100;4403.905000;4405.405000;4403.765000;4405.075000;0
20260812 135200;4405.075000;4405.335000;4403.325000;4403.535000;0
20260812 135300;4403.645000;4403.715000;4400.965000;4401.065000;0
20260812 135400;4400.905000;4400.905000;4399.595000;4400.015000;0
20260812 135500;4400.225000;4400.475000;4399.605000;4399.665000;0
20260812 135600;4399.665000;4401.505000;4399.665000;4401.405000;0
20260812 135700;4401.405000;4401.675000;4400.435000;4400.885000;0
20260812 135800;4400.885000;4401.015000;4399.005000;4399.255000;0
20260812 135900;4399.255000;4399.525000;4398.815000;4399.245000;0
20260812 140000;4398.965000;4399.325000;4396.895000;4397.035000;0
20260812 140100;4397.035000;4397.885000;4395.975000;4397.455000;0
20260812 140200;4397.335000;4398.165000;4397.055000;4397.245000;0
20260812 140300;4397.115000;4398.475000;4396.425000;4397.975000;0
20260812 140400;4398.235000;4399.295000;4398.065000;4398.735000;0
20260812 140500;4398.705000;4399.245000;4398.275000;4398.945000;0
20260812 140600;4398.815000;4401.375000;4398.815000;4400.935000;0
20260812 140700;4400.955000;4401.545000;4400.315000;4401.535000;0
20260812 140800;4401.635000;4403.085000;4401.535000;4402.385000;0
20260812 140900;4402.275000;4404.115000;4402.055000;4403.985000;0
20260812 141000;4404.095000;4405.785000;4404.095000;4405.145000;0
20260812 141100;4405.165000;4406.515000;4405.155000;4405.295000;0
20260812 141200;4405.435000;4406.185000;4405.025000;4405.265000;0
20260812 141300;4405.265000;4405.815000;4405.115000;4405.205000;0
20260812 141400;4405.185000;4405.775000;4405.055000;4405.585000;0
20260812 141500;4405.585000;4405.825000;4404.255000;4405.205000;0
20260812 141600;4405.235000;4406.225000;4404.735000;4406.035000;0
20260812 141700;4406.045000;4407.325000;4405.785000;4406.855000;0
20260812 141800;4406.845000;4407.175000;4406.255000;4406.595000;0
20260812 141900;4406.755000;4408.025000;4406.755000;4407.795000;0
20260812 142000;4407.825000;4408.135000;4407.215000;4407.365000;0
20260812 142100;4407.255000;4408.315000;4407.115000;4408.075000;0
20260812 142200;4408.125000;4409.565000;4408.105000;4409.365000;0
20260812 142300;4409.515000;4410.425000;4409.285000;4409.765000;0
20260812 142400;4409.655000;4410.585000;4409.505000;4410.425000;0
20260812 142500;4410.405000;4410.885000;4409.515000;4409.995000;0
20260812 142600;4409.995000;4410.715000;4409.015000;4410.565000;0
20260812 142700;4410.565000;4410.985000;4409.095000;4409.095000;0
20260812 142800;4409.145000;4409.395000;4407.055000;4407.795000;0
20260812 142900;4407.705000;4408.515000;4407.365000;4408.275000;0
20260812 143000;4408.195000;4409.665000;4407.675000;4409.305000;0
20260812 143100;4409.205000;4410.675000;4408.775000;4410.675000;0
20260812 143200;4410.485000;4411.275000;4410.065000;4411.155000;0
20260812 143300;4411.155000;4412.305000;4410.635000;4412.245000;0
20260812 143400;4412.355000;4412.955000;4411.925000;4412.225000;0
20260812 143500;4412.255000;4412.925000;4411.965000;4412.295000;0
20260812 143600;4412.315000;4412.315000;4411.275000;4412.035000;0
20260812 143700;4412.135000;4412.405000;4410.985000;4411.805000;0
20260812 143800;4411.865000;4411.955000;4410.785000;4410.985000;0
20260812 143900;4410.885000;4411.005000;4410.265000;4410.825000;0
20260812 144000;4410.725000;4411.355000;4410.235000;4410.885000;0
20260812 144100;4410.915000;4411.765000;4410.565000;4411.345000;0
20260812 144200;4411.395000;4412.105000;4410.855000;4411.405000;0
20260812 144300;4411.345000;4412.545000;4411.315000;4412.405000;0
20260812 144400;4412.385000;4413.495000;4411.905000;4413.365000;0
20260812 144500;4413.325000;4415.665000;4413.155000;4414.865000;0
20260812 144600;4414.855000;4414.995000;4414.055000;4414.265000;0
20260812 144700;4414.385000;4414.435000;4413.525000;4414.055000;0
20260812 144800;4413.935000;4417.665000;4413.595000;4417.365000;0
20260812 144900;4417.215000;4417.795000;4416.835000;4417.075000;0
20260812 145000;4416.985000;4417.095000;4415.195000;4415.205000;0
20260812 145100;4415.195000;4415.725000;4414.935000;4415.425000;0
20260812 145200;4415.375000;4415.555000;4413.955000;4414.145000;0
20260812 145300;4414.365000;4414.715000;4413.865000;4413.865000;0
20260812 145400;4413.865000;4414.105000;4413.245000;4413.555000;0
20260812 145500;4413.555000;4413.685000;4412.975000;4413.615000;0
20260812 145600;4413.655000;4413.975000;4413.005000;4413.125000;0
20260812 145700;4412.905000;4413.425000;4412.705000;4412.865000;0
20260812 145800;4412.945000;4413.215000;4412.545000;4412.835000;0
20260812 145900;4412.805000;4413.235000;4412.705000;4412.765000;0
20260812 150000;4412.865000;4416.325000;4412.635000;4416.055000;0
20260812 150100;4415.975000;4416.915000;4415.655000;4415.765000;0
20260812 150200;4415.535000;4415.915000;4414.795000;4415.285000;0
20260812 150300;4415.285000;4416.205000;4415.185000;4415.695000;0
20260812 150400;4415.735000;4416.515000;4415.605000;4416.515000;0
20260812 150500;4416.465000;4417.845000;4416.355000;4417.635000;0
20260812 150600;4417.565000;4418.285000;4416.485000;4416.595000;0
20260812 150700;4416.555000;4416.975000;4415.725000;4415.725000;0
20260812 150800;4415.735000;4415.805000;4415.055000;4415.355000;0
20260812 150900;4415.315000;4415.895000;4414.805000;4415.895000;0
20260812 151000;4415.735000;4416.225000;4415.445000;4415.575000;0
20260812 151100;4415.525000;4416.405000;4415.425000;4415.725000;0
20260812 151200;4415.895000;4415.975000;4415.335000;4415.525000;0
20260812 151300;4415.705000;4416.605000;4415.645000;4416.255000;0
20260812 151400;4416.175000;4416.735000;4415.925000;4416.205000;0
20260812 151500;4416.205000;4416.635000;4415.745000;4416.215000;0
20260812 151600;4416.325000;4416.825000;4416.265000;4416.555000;0
20260812 151700;4416.555000;4417.345000;4416.425000;4417.145000;0
20260812 151800;4417.165000;4417.845000;4417.095000;4417.575000;0
20260812 151900;4417.565000;4417.585000;4416.735000;4417.255000;0
20260812 152000;4417.255000;4417.255000;4416.165000;4416.555000;0
20260812 152100;4416.465000;4416.745000;4415.955000;4416.625000;0
20260812 152200;4416.785000;4417.655000;4416.785000;4417.365000;0
20260812 152300;4417.205000;4417.415000;4416.935000;4417.225000;0
20260812 152400;4417.085000;4417.265000;4416.195000;4416.245000;0
20260812 152500;4416.195000;4417.345000;4415.885000;4416.915000;0
20260812 152600;4416.945000;4416.945000;4415.535000;4416.015000;0
20260812 152700;4416.015000;4416.225000;4415.515000;4415.515000;0
20260812 152800;4415.595000;4416.295000;4415.525000;4415.945000;0
20260812 152900;4415.905000;4416.855000;4415.785000;4416.475000;0
20260812 153000;4416.515000;4416.565000;4414.825000;4415.675000;0
20260812 153100;4415.705000;4416.265000;4415.305000;4415.785000;0
20260812 153200;4415.965000;4415.965000;4414.695000;4414.695000;0
20260812 153300;4414.745000;4414.745000;4413.875000;4414.315000;0
20260812 153400;4414.355000;4414.515000;4413.125000;4413.545000;0
20260812 153500;4413.515000;4414.115000;4413.185000;4413.445000;0
20260812 153600;4413.345000;4413.535000;4412.415000;4413.105000;0
20260812 153700;4413.065000;4413.155000;4411.205000;4411.865000;0
20260812 153800;4411.755000;4412.375000;4411.195000;4411.305000;0
20260812 153900;4411.325000;4411.695000;4411.155000;4411.595000;0
20260812 154000;4411.765000;4413.005000;4411.635000;4412.755000;0
20260812 154100;4412.885000;4412.885000;4411.475000;4411.985000;0
20260812 154200;4411.985000;4412.265000;4411.345000;4411.615000;0
20260812 154300;4411.575000;4413.085000;4411.045000;4412.965000;0
20260812 154400;4412.825000;4413.185000;4412.485000;4412.975000;0
20260812 154500;4412.905000;4413.355000;4411.625000;4412.955000;0
20260812 154600;4412.605000;4413.315000;4412.035000;4412.115000;0
20260812 154700;4412.225000;4412.815000;4411.475000;4412.175000;0
20260812 154800;4412.175000;4412.835000;4411.815000;4412.055000;0
20260812 154900;4412.055000;4412.325000;4408.085000;4409.435000;0
20260812 155000;4409.565000;4411.475000;4409.505000;4410.745000;0
20260812 155100;4410.825000;4412.345000;4410.585000;4412.285000;0
20260812 155200;4412.325000;4413.025000;4411.755000;4411.825000;0
20260812 155300;4411.775000;4412.335000;4410.105000;4410.725000;0
20260812 155400;4410.725000;4411.925000;4410.535000;4411.205000;0
20260812 155500;4411.205000;4411.825000;4410.715000;4411.325000;0
20260812 155600;4411.315000;4413.355000;4411.315000;4412.725000;0
20260812 155700;4412.655000;4412.735000;4411.255000;4411.365000;0
20260812 155800;4411.355000;4412.495000;4411.215000;4412.175000;0
20260812 155900;4412.315000;4413.975000;4411.855000;4413.765000;0
20260812 160000;4413.735000;4414.115000;4411.515000;4412.375000;0
20260812 160100;4412.405000;4412.795000;4412.095000;4412.675000;0
20260812 160200;4412.475000;4413.555000;4412.405000;4413.175000;0
20260812 160300;4413.035000;4413.405000;4411.515000;4411.665000;0
20260812 160400;4411.565000;4411.675000;4410.835000;4410.955000;0
20260812 160500;4410.885000;4411.835000;4410.845000;4410.995000;0
20260812 160600;4411.065000;4411.545000;4411.065000;4411.315000;0
20260812 160700;4411.275000;4411.585000;4411.145000;4411.465000;0
20260812 160800;4411.465000;4411.525000;4410.665000;4410.705000;0
20260812 160900;4410.685000;4410.845000;4409.895000;4410.305000;0
20260812 161000;4410.375000;4410.675000;4409.915000;4410.185000;0
20260812 161100;4410.145000;4410.555000;4409.665000;4409.695000;0
20260812 161200;4409.665000;4409.675000;4408.785000;4408.925000;0
20260812 161300;4408.805000;4409.255000;4408.565000;4409.055000;0
20260812 161400;4409.015000;4409.205000;4408.765000;4408.775000;0
20260812 161500;4408.625000;4409.615000;4408.515000;4409.405000;0
20260812 161600;4409.275000;4409.465000;4408.385000;4408.485000;0
20260812 161700;4408.385000;4408.485000;4408.095000;4408.225000;0
20260812 161800;4408.185000;4408.545000;4407.355000;4407.455000;0
20260812 161900;4407.315000;4407.315000;4406.985000;4406.985000;0
20260812 162000;4407.085000;4407.555000;4407.085000;4407.165000;0
20260812 162100;4407.275000;4407.275000;4406.515000;4406.805000;0
20260812 162200;4406.775000;4407.445000;4406.535000;4407.045000;0
20260812 162300;4407.155000;4407.425000;4406.815000;4406.915000;0
20260812 162400;4406.915000;4407.895000;4406.845000;4407.765000;0
20260812 162500;4407.605000;4407.845000;4407.365000;4407.775000;0
20260812 162600;4407.835000;4407.995000;4407.155000;4407.315000;0
20260812 162700;4407.315000;4407.405000;4407.015000;4407.235000;0
20260812 162800;4407.375000;4408.085000;4407.125000;4408.085000;0
20260812 162900;4408.035000;4408.535000;4407.535000;4407.535000;0
20260812 163000;4407.495000;4407.585000;4407.155000;4407.305000;0
20260812 163100;4407.305000;4407.465000;4406.985000;4407.285000;0
20260812 163200;4407.385000;4407.615000;4407.255000;4407.455000;0
20260812 163300;4407.405000;4407.735000;4407.325000;4407.405000;0
20260812 163400;4407.345000;4407.415000;4406.615000;4406.935000;0
20260812 163500;4407.025000;4407.205000;4406.565000;4407.055000;0
20260812 163600;4407.005000;4407.715000;4407.005000;4407.715000;0
20260812 163700;4407.655000;4408.505000;4407.655000;4408.135000;0
20260812 163800;4407.935000;4408.235000;4407.565000;4408.065000;0
20260812 163900;4408.055000;4408.375000;4407.655000;4407.845000;0
20260812 164000;4407.885000;4408.485000;4407.705000;4408.485000;0
20260812 164100;4408.355000;4408.445000;4407.575000;4407.925000;0
20260812 164200;4407.675000;4407.755000;4407.185000;4407.505000;0
20260812 164300;4407.375000;4407.445000;4407.195000;4407.245000;0
20260812 164400;4407.235000;4407.735000;4407.235000;4407.715000;0
20260812 164500;4407.715000;4407.905000;4406.805000;4406.805000;0
20260812 164600;4406.955000;4407.415000;4406.745000;4407.305000;0
20260812 164700;4407.415000;4408.145000;4407.175000;4407.175000;0
20260812 164800;4407.055000;4407.825000;4406.845000;4407.825000;0
20260812 164900;4407.855000;4408.565000;4407.345000;4408.075000;0
20260812 165000;4408.195000;4408.575000;4408.065000;4408.095000;0
20260812 165100;4408.235000;4408.455000;4407.715000;4407.865000;0
20260812 165200;4407.965000;4408.225000;4407.645000;4407.665000;0
20260812 165300;4407.775000;4408.075000;4407.455000;4407.685000;0
20260812 165400;4407.545000;4407.545000;4406.365000;4407.185000;0
20260812 165500;4407.355000;4408.295000;4407.355000;4407.765000;0
20260812 165600;4407.595000;4407.785000;4407.315000;4407.495000;0
20260812 165700;4407.525000;4408.795000;4407.275000;4408.535000;0
20260812 165800;4408.405000;4408.535000;4408.165000;4408.215000;0
20260812 165900;4408.105000;4408.745000;4407.745000;4407.875000;0
20260812 180000;4408.145000;4410.515000;4406.495000;4408.665000;0
20260812 180100;4408.665000;4409.795000;4407.085000;4407.645000;0
20260812 180200;4407.615000;4408.555000;4407.275000;4407.455000;0
20260812 180300;4407.695000;4407.805000;4405.315000;4405.365000;0
20260812 180400;4405.385000;4405.615000;4404.715000;4404.885000;0
20260812 180500;4404.755000;4405.085000;4402.425000;4403.255000;0
20260812 180600;4403.395000;4404.255000;4402.975000;4403.325000;0
20260812 180700;4403.525000;4404.295000;4403.415000;4403.605000;0
20260812 180800;4403.815000;4404.135000;4403.475000;4403.595000;0
20260812 180900;4403.455000;4404.135000;4403.455000;4403.775000;0
20260812 181000;4403.615000;4403.895000;4403.035000;4403.555000;0
20260812 181100;4403.525000;4404.075000;4403.245000;4403.615000;0
20260812 181200;4403.785000;4403.785000;4402.295000;4403.225000;0
20260812 181300;4403.385000;4403.385000;4402.465000;4402.915000;0
20260812 181400;4402.785000;4403.225000;4402.305000;4402.895000;0
20260812 181500;4403.015000;4403.125000;4401.325000;4401.545000;0
20260812 181600;4401.495000;4402.535000;4401.205000;4402.435000;0
20260812 181700;4402.265000;4402.555000;4401.285000;4401.535000;0
20260812 181800;4401.565000;4402.225000;4401.285000;4402.225000;0
20260812 181900;4402.125000;4402.415000;4401.995000;4402.125000;0
20260812 182000;4401.905000;4402.055000;4401.455000;4401.615000;0
20260812 182100;4401.405000;4401.675000;4401.375000;4401.605000;0
20260812 182200;4401.795000;4402.125000;4401.455000;4402.125000;0
20260812 182300;4401.865000;4402.715000;4401.465000;4401.865000;0
20260812 182400;4401.815000;4402.185000;4401.505000;4401.925000;0
20260812 182500;4401.915000;4402.725000;4401.475000;4401.615000;0
20260812 182600;4401.515000;4401.815000;4398.605000;4398.785000;0
20260812 182700;4398.885000;4399.235000;4398.065000;4398.265000;0
20260812 182800;4398.395000;4399.345000;4398.105000;4399.225000;0
20260812 182900;4399.375000;4399.875000;4399.155000;4399.155000;0
20260812 183000;4399.245000;4401.725000;4398.605000;4400.985000;0
20260812 183100;4400.745000;4401.485000;4400.395000;4401.485000;0
20260812 183200;4401.425000;4401.465000;4400.785000;4400.875000;0
20260812 183300;4401.035000;4401.215000;4399.545000;4399.545000;0
20260812 183400;4400.455000;4400.685000;4399.775000;4400.175000;0
20260812 183500;4400.295000;4400.985000;4398.735000;4398.985000;0
20260812 183600;4399.095000;4399.135000;4398.205000;4398.915000;0
20260812 183700;4399.015000;4399.415000;4398.635000;4399.075000;0
20260812 183800;4399.585000;4399.825000;4398.735000;4398.885000;0
20260812 183900;4398.765000;4399.425000;4398.655000;4399.295000;0
20260812 184000;4399.145000;4399.805000;4398.935000;4399.805000;0
20260812 184100;4399.685000;4400.025000;4399.555000;4399.685000;0
20260812 184200;4399.895000;4400.085000;4399.675000;4399.965000;0
20260812 184300;4399.815000;4400.125000;4399.505000;4399.765000;0
20260812 184400;4399.875000;4400.045000;4399.565000;4399.835000;0
20260812 184500;4399.725000;4400.395000;4399.505000;4400.105000;0
20260812 184600;4400.225000;4401.065000;4400.105000;4400.895000;0
20260812 184700;4400.765000;4400.935000;4400.115000;4400.165000;0
20260812 184800;4400.305000;4401.045000;4400.205000;4400.875000;0
20260812 184900;4400.765000;4401.045000;4400.135000;4400.135000;0
20260812 185000;4400.315000;4400.835000;4400.295000;4400.515000;0
20260812 185100;4400.525000;4401.025000;4400.255000;4400.495000;0
20260812 185200;4400.705000;4401.265000;4400.695000;4401.125000;0
20260812 185300;4401.305000;4401.705000;4401.305000;4401.495000;0
20260812 185400;4401.385000;4401.855000;4401.275000;4401.845000;0
20260812 185500;4402.045000;4402.075000;4401.485000;4401.815000;0
20260812 185600;4402.005000;4402.175000;4401.655000;4402.055000;0
20260812 185700;4401.925000;4402.925000;4401.855000;4402.525000;0
20260812 185800;4402.235000;4402.235000;4400.505000;4401.135000;0
20260812 185900;4401.015000;4401.415000;4400.945000;4401.055000;0
20260812 190000;4400.455000;4401.905000;4400.455000;4401.735000;0
20260812 190100;4401.655000;4402.005000;4401.155000;4401.785000;0
20260812 190200;4401.875000;4402.335000;4401.865000;4402.305000;0
20260812 190300;4402.265000;4402.695000;4401.895000;4402.645000;0
20260812 190400;4402.845000;4403.315000;4402.525000;4402.535000;0
20260812 190500;4402.455000;4402.525000;4402.105000;4402.125000;0
20260812 190600;4402.125000;4403.095000;4402.075000;4403.095000;0
20260812 190700;4402.995000;4403.345000;4402.995000;4403.155000;0
20260812 190800;4403.075000;4404.085000;4402.895000;4403.515000;0
20260812 190900;4403.435000;4404.155000;4403.385000;4404.125000;0
20260812 191000;4404.035000;4405.915000;4404.035000;4405.075000;0
20260812 191100;4405.215000;4405.595000;4405.045000;4405.205000;0
20260812 191200;4405.225000;4405.775000;4405.225000;4405.395000;0
20260812 191300;4405.535000;4405.765000;4405.295000;4405.295000;0
20260812 191400;4405.465000;4405.485000;4405.235000;4405.315000;0
20260812 191500;4405.475000;4405.635000;4405.375000;4405.485000;0
20260812 191600;4405.545000;4407.575000;4405.375000;4407.475000;0
20260812 191700;4407.175000;4407.185000;4406.755000;4406.805000;0
20260812 191800;4406.915000;4407.905000;4406.775000;4407.515000;0
20260812 191900;4407.205000;4407.505000;4406.985000;4406.995000;0
20260812 192000;4406.885000;4407.705000;4406.885000;4407.655000;0
20260812 192100;4407.675000;4407.695000;4407.145000;4407.215000;0
20260812 192200;4407.255000;4407.805000;4407.135000;4407.495000;0
20260812 192300;4407.605000;4408.235000;4407.505000;4407.985000;0
20260812 192400;4408.115000;4408.265000;4407.845000;4407.955000;0
20260812 192500;4407.855000;4409.515000;4407.855000;4408.305000;0
20260812 192600;4408.195000;4408.515000;4407.105000;4408.505000;0
20260812 192700;4408.605000;4409.545000;4408.465000;4409.545000;0
20260812 192800;4409.385000;4409.605000;4408.475000;4408.895000;0
20260812 192900;4408.945000;4408.945000;4407.875000;4408.095000;0
20260812 193000;4408.115000;4408.795000;4407.905000;4408.645000;0
20260812 193100;4408.525000;4408.855000;4408.385000;4408.505000;0
20260812 193200;4408.625000;4408.625000;4407.995000;4408.155000;0
20260812 193300;4408.165000;4410.095000;4408.005000;4409.895000;0
20260812 193400;4410.015000;4410.125000;4408.415000;4408.455000;0
20260812 193500;4408.585000;4408.975000;4408.315000;4408.575000;0
20260812 193600;4408.455000;4409.255000;4408.135000;4408.245000;0
20260812 193700;4408.255000;4408.665000;4407.945000;4407.945000;0
20260812 193800;4407.745000;4408.075000;4407.545000;4407.865000;0
20260812 193900;4407.745000;4408.085000;4407.525000;4407.895000;0
20260812 194000;4408.005000;4408.005000;4407.225000;4407.355000;0
20260812 194100;4406.935000;4407.495000;4406.935000;4407.495000;0
20260812 194200;4407.345000;4408.175000;4407.145000;4407.875000;0
20260812 194300;4408.035000;4409.005000;4408.035000;4408.595000;0
20260812 194400;4408.485000;4408.705000;4408.005000;4408.235000;0
20260812 194500;4408.385000;4409.505000;4407.745000;4409.065000;0
20260812 194600;4409.175000;4409.645000;4409.175000;4409.345000;0
20260812 194700;4409.025000;4409.335000;4408.425000;4409.185000;0
20260812 194800;4409.085000;4409.225000;4408.135000;4408.435000;0
20260812 194900;4408.535000;4408.635000;4407.975000;4408.305000;0
20260812 195000;4408.185000;4408.705000;4407.625000;4408.525000;0
20260812 195100;4408.225000;4408.665000;4407.895000;4407.915000;0
20260812 195200;4408.085000;4409.115000;4408.085000;4409.005000;0
20260812 195300;4408.875000;4409.995000;4408.875000;4409.815000;0
20260812 195400;4409.925000;4411.005000;4409.575000;4410.815000;0
20260812 195500;4410.695000;4411.185000;4410.455000;4410.855000;0
20260812 195600;4410.955000;4411.555000;4410.735000;4410.945000;0
20260812 195700;4410.825000;4412.035000;4410.825000;4411.295000;0
20260812 195800;4410.975000;4412.575000;4410.865000;4412.205000;0
20260812 195900;4412.105000;4414.545000;4411.875000;4414.105000;0
20260812 200000;4413.995000;4415.645000;4412.625000;4414.925000;0
20260812 200100;4415.105000;4417.375000;4414.395000;4415.585000;0
20260812 200200;4415.695000;4417.595000;4415.295000;4416.765000;0
20260812 200300;4417.015000;4419.015000;4416.865000;4417.085000;0
20260812 200400;4417.215000;4417.215000;4415.055000;4416.015000;0
20260812 200500;4415.905000;4417.435000;4415.255000;4417.185000;0
20260812 200600;4417.035000;4418.945000;4416.955000;4418.825000;0
20260812 200700;4418.715000;4420.475000;4418.675000;4419.935000;0
20260812 200800;4419.895000;4420.995000;4419.115000;4420.865000;0
20260812 200900;4421.125000;4421.885000;4420.665000;4420.875000;0
20260812 201000;4420.985000;4420.985000;4418.275000;4419.645000;0
20260812 201100;4419.755000;4420.165000;4418.845000;4419.995000;0
20260812 201200;4419.855000;4421.075000;4419.855000;4420.225000;0
20260812 201300;4420.115000;4420.555000;4419.495000;4420.075000;0
20260812 201400;4419.815000;4420.145000;4418.715000;4418.715000;0
20260812 201500;4418.825000;4423.425000;4418.755000;4423.015000;0
20260812 201600;4423.125000;4427.245000;4422.975000;4425.615000;0
20260812 201700;4425.515000;4427.045000;4424.945000;4426.075000;0
20260812 201800;4426.265000;4427.795000;4425.975000;4426.935000;0
20260812 201900;4427.085000;4429.115000;4426.855000;4428.165000;0
20260812 202000;4428.245000;4431.855000;4427.805000;4429.965000;0
20260812 202100;4430.115000;4431.395000;4429.815000;4429.935000;0
20260812 202200;4429.805000;4431.565000;4429.805000;4431.265000;0
20260812 202300;4431.455000;4437.235000;4431.115000;4436.805000;0
20260812 202400;4436.775000;4436.775000;4433.325000;4433.585000;0
20260812 202500;4433.705000;4433.985000;4431.625000;4432.265000;0
20260812 202600;4432.125000;4432.385000;4428.225000;4429.325000;0
20260812 202700;4429.165000;4430.375000;4428.415000;4428.555000;0
20260812 202800;4428.715000;4428.805000;4426.925000;4427.765000;0
20260812 202900;4427.635000;4428.505000;4426.615000;4428.125000;0
20260812 203000;4427.945000;4429.025000;4427.575000;4428.275000;0
20260812 203100;4428.115000;4428.115000;4424.245000;4426.695000;0
20260812 203200;4426.395000;4430.105000;4426.055000;4429.875000;0
20260812 203300;4429.725000;4434.685000;4428.865000;4433.635000;0
20260812 203400;4433.515000;4449.455000;4433.115000;4443.855000;0
20260812 203500;4443.725000;4445.055000;4440.375000;4440.735000;0
20260812 203600;4440.865000;4443.835000;4440.525000;4443.835000;0
20260812 203700;4443.995000;4444.705000;4440.015000;4440.315000;0
20260812 203800;4440.415000;4441.145000;4436.675000;4437.255000;0
20260812 203900;4437.125000;4439.065000;4436.685000;4436.965000;0
20260812 204000;4436.795000;4438.985000;4436.795000;4438.275000;0
20260812 204100;4438.125000;4438.475000;4436.565000;4437.555000;0
20260812 204200;4436.895000;4438.565000;4436.895000;4437.585000;0
20260812 204300;4437.615000;4440.015000;4437.215000;4439.505000;0
20260812 204400;4439.615000;4439.915000;4437.935000;4439.475000;0
20260812 204500;4439.375000;4439.585000;4436.195000;4439.255000;0
20260812 204600;4438.705000;4439.955000;4437.415000;4437.415000;0
20260812 204700;4437.565000;4438.825000;4437.115000;4437.685000;0
20260812 204800;4437.835000;4439.275000;4437.585000;4438.085000;0
20260812 204900;4438.195000;4438.195000;4428.835000;4429.385000;0
20260812 205000;4429.245000;4431.775000;4427.955000;4429.775000;0
20260812 205100;4429.905000;4431.875000;4429.235000;4431.085000;0
20260812 205200;4430.965000;4431.215000;4429.715000;4430.395000;0
20260812 205300;4430.245000;4432.145000;4430.125000;4431.735000;0
20260812 205400;4431.605000;4432.195000;4429.495000;4430.995000;0
20260812 205500;4431.295000;4431.295000;4427.675000;4428.145000;0
20260812 205600;4428.045000;4430.025000;4427.865000;4429.005000;0
20260812 205700;4429.345000;4429.345000;4427.525000;4428.445000;0
20260812 205800;4428.615000;4429.075000;4423.645000;4423.935000;0
20260812 205900;4424.075000;4429.485000;4424.025000;4427.005000;0
20260812 210000;4427.525000;4430.595000;4423.415000;4425.315000;0
20260812 210100;4425.205000;4427.625000;4422.485000;4427.625000;0
20260812 210200;4427.515000;4432.545000;4427.065000;4431.035000;0
20260812 210300;4431.165000;4432.195000;4427.305000;4429.855000;0
20260812 210400;4430.225000;4433.825000;4430.225000;4433.255000;0
20260812 210500;4433.005000;4434.415000;4431.075000;4434.155000;0
20260812 210600;4434.385000;4435.075000;4432.125000;4433.385000;0
20260812 210700;4433.285000;4435.135000;4431.805000;4432.005000;0
20260812 210800;4431.995000;4434.575000;4431.975000;4432.875000;0
20260812 210900;4432.765000;4434.645000;4430.405000;4434.335000;0
20260812 211000;4433.895000;4434.745000;4432.225000;4433.885000;0
20260812 211100;4433.725000;4434.205000;4430.495000;4430.545000;0
20260812 211200;4430.715000;4434.015000;4430.335000;4432.355000;0
20260812 211300;4432.395000;4432.395000;4428.575000;4429.505000;0
20260812 211400;4429.405000;4430.945000;4428.245000;4429.625000;0
20260812 211500;4429.635000;4434.645000;4429.485000;4432.185000;0
20260812 211600;4432.285000;4435.025000;4432.285000;4432.915000;0
20260812 211700;4432.815000;4433.815000;4431.025000;4431.795000;0
20260812 211800;4431.715000;4431.845000;4427.305000;4427.885000;0
20260812 211900;4427.815000;4427.815000;4426.445000;4426.745000;0
20260812 212000;4426.945000;4427.255000;4423.115000;4423.335000;0
20260812 212100;4423.205000;4423.205000;4418.775000;4421.445000;0
20260812 212200;4421.425000;4423.775000;4420.605000;4423.775000;0
20260812 212300;4423.815000;4423.925000;4422.025000;4422.835000;0
20260812 212400;4422.785000;4422.785000;4420.495000;4420.785000;0
20260812 212500;4420.885000;4423.225000;4420.185000;4422.575000;0
20260812 212600;4422.355000;4422.615000;4420.915000;4421.015000;0
20260812 212700;4421.065000;4421.735000;4420.545000;4421.305000;0
20260812 212800;4421.375000;4421.795000;4419.045000;4419.255000;0
20260812 212900;4419.295000;4419.935000;4418.755000;4418.975000;0
20260812 213000;4418.945000;4421.995000;4418.695000;4421.595000;0
20260812 213100;4421.625000;4425.985000;4421.625000;4425.525000;0
20260812 213200;4425.535000;4428.755000;4425.035000;4427.855000;0
20260812 213300;4428.035000;4428.095000;4425.885000;4427.405000;0
20260812 213400;4427.325000;4428.365000;4426.725000;4428.005000;0
20260812 213500;4428.005000;4429.605000;4426.965000;4428.335000;0
20260812 213600;4428.365000;4429.495000;4426.375000;4426.985000;0
20260812 213700;4426.835000;4428.445000;4425.695000;4425.765000;0
20260812 213800;4425.765000;4426.545000;4424.185000;4424.495000;0
20260812 213900;4424.335000;4426.175000;4423.985000;4424.155000;0
20260812 214000;4423.845000;4423.845000;4420.955000;4422.645000;0
20260812 214100;4422.425000;4422.685000;4421.125000;4421.915000;0
20260812 214200;4421.795000;4422.285000;4420.435000;4421.775000;0
20260812 214300;4421.775000;4421.775000;4418.665000;4420.685000;0
20260812 214400;4420.625000;4420.765000;4417.565000;4418.985000;0
20260812 214500;4418.985000;4419.135000;4416.405000;4417.265000;0
20260812 214600;4416.805000;4417.555000;4410.595000;4412.125000;0
20260812 214700;4412.125000;4412.155000;4410.105000;4410.505000;0
20260812 214800;4410.425000;4413.115000;4410.125000;4412.875000;0
20260812 214900;4412.725000;4413.555000;4411.125000;4412.375000;0
20260812 215000;4412.305000;4413.895000;4410.765000;4412.565000;0
20260812 215100;4412.715000;4413.195000;4411.235000;4411.235000;0
20260812 215200;4411.155000;4411.305000;4409.145000;4411.285000;0
20260812 215300;4411.365000;4414.625000;4411.055000;4414.585000;0
20260812 215400;4414.355000;4415.285000;4413.725000;4415.285000;0
20260812 215500;4415.125000;4416.015000;4413.005000;4413.015000;0
20260812 215600;4413.115000;4413.435000;4410.175000;4410.375000;0
20260812 215700;4410.345000;4411.785000;4409.975000;4411.175000;0
20260812 215800;4411.105000;4411.245000;4405.795000;4408.915000;0
20260812 215900;4408.815000;4409.585000;4407.275000;4408.145000;0
20260812 220000;4408.045000;4409.595000;4406.405000;4409.545000;0
20260812 220100;4409.305000;4409.795000;4405.895000;4405.895000;0
20260812 220200;4406.015000;4407.175000;4405.525000;4407.135000;0
20260812 220300;4406.955000;4407.685000;4405.995000;4407.305000;0
20260812 220400;4407.335000;4408.335000;4406.195000;4407.835000;0
20260812 220500;4407.825000;4409.655000;4407.225000;4408.655000;0
20260812 220600;4408.785000;4409.165000;4405.165000;4406.145000;0
20260812 220700;4406.125000;4408.945000;4405.785000;4408.695000;0
20260812 220800;4408.525000;4410.345000;4408.325000;4410.345000;0
20260812 220900;4410.315000;4413.185000;4410.115000;4412.795000;0
20260812 221000;4412.545000;4413.935000;4411.185000;4412.485000;0
20260812 221100;4412.705000;4413.355000;4412.055000;4412.055000;0
20260812 221200;4411.915000;4412.745000;4411.015000;4412.405000;0
20260812 221300;4412.215000;4413.015000;4410.335000;4410.755000;0
20260812 221400;4410.895000;4411.205000;4409.825000;4410.225000;0
20260812 221500;4410.295000;4411.035000;4409.925000;4410.915000;0
20260812 221600;4410.805000;4411.505000;4409.645000;4410.285000;0
20260812 221700;4410.325000;4411.635000;4410.215000;4411.045000;0
20260812 221800;4410.825000;4411.215000;4410.235000;4410.565000;0
20260812 221900;4410.565000;4411.675000;4410.045000;4411.365000;0
20260812 222000;4411.465000;4412.275000;4410.955000;4411.355000;0
20260812 222100;4411.375000;4411.865000;4410.385000;4410.385000;0
20260812 222200;4410.445000;4411.335000;4409.235000;4409.635000;0
20260812 222300;4409.495000;4410.105000;4408.015000;4408.195000;0
20260812 222400;4408.165000;4408.275000;4405.455000;4406.195000;0
20260812 222500;4406.095000;4408.615000;4406.095000;4408.125000;0
20260812 222600;4408.015000;4408.335000;4407.135000;4407.245000;0
20260812 222700;4407.105000;4408.425000;4406.645000;4407.465000;0
20260812 222800;4407.615000;4408.195000;4406.615000;4406.945000;0
20260812 222900;4406.945000;4407.155000;4405.905000;4406.025000;0
20260812 223000;4406.185000;4406.185000;4402.545000;4403.075000;0
20260812 223100;4403.295000;4403.825000;4401.755000;4402.305000;0
20260812 223200;4402.575000;4404.665000;4401.925000;4402.305000;0
20260812 223300;4402.215000;4403.715000;4400.975000;4401.375000;0
20260812 223400;4401.485000;4402.535000;4400.265000;4402.425000;0
20260812 223500;4402.595000;4403.765000;4401.965000;4402.135000;0
20260812 223600;4402.005000;4402.205000;4398.545000;4401.305000;0
20260812 223700;4401.445000;4404.205000;4401.325000;4403.635000;0
20260812 223800;4403.715000;4405.005000;4403.505000;4404.405000;0
20260812 223900;4404.405000;4408.745000;4404.355000;4408.585000;0
20260812 224000;4408.525000;4408.875000;4405.785000;4406.305000;0
20260812 224100;4406.305000;4407.685000;4406.305000;4407.185000;0
20260812 224200;4407.055000;4407.275000;4406.345000;4406.955000;0
20260812 224300;4407.205000;4407.685000;4406.455000;4406.735000;0
20260812 224400;4406.895000;4409.985000;4406.825000;4409.985000;0
20260812 224500;4409.985000;4410.195000;4407.015000;4407.075000;0
20260812 224600;4407.135000;4409.155000;4407.135000;4408.965000;0
20260812 224700;4409.005000;4409.285000;4408.345000;4408.675000;0
20260812 224800;4408.735000;4410.225000;4408.735000;4409.765000;0
20260812 224900;4409.635000;4410.185000;4409.295000;4409.775000;0
20260812 225000;4409.695000;4410.325000;4408.805000;4409.755000;0
20260812 225100;4409.875000;4410.035000;4407.955000;4409.135000;0
20260812 225200;4409.375000;4409.435000;4408.735000;4408.815000;0
20260812 225300;4408.965000;4409.215000;4408.295000;4408.455000;0
20260812 225400;4408.375000;4408.755000;4405.125000;4405.175000;0
20260812 225500;4405.285000;4407.695000;4405.225000;4407.455000;0
20260812 225600;4407.325000;4408.055000;4406.405000;4406.605000;0
20260812 225700;4406.515000;4407.705000;4406.455000;4407.525000;0
20260812 225800;4407.365000;4407.475000;4406.745000;4407.425000;0
20260812 225900;4407.615000;4407.975000;4406.725000;4406.725000;0
20260812 230000;4406.715000;4409.775000;4406.435000;4409.645000;0
20260812 230100;4409.745000;4410.525000;4409.255000;4410.225000;0
20260812 230200;4410.275000;4410.665000;4409.685000;4410.345000;0
20260812 230300;4410.495000;4411.045000;4409.615000;4409.875000;0
20260812 230400;4410.025000;4411.545000;4409.415000;4410.645000;0
20260812 230500;4410.745000;4412.025000;4410.475000;4410.475000;0
20260812 230600;4410.595000;4410.655000;4409.255000;4409.865000;0
20260812 230700;4409.575000;4410.265000;4407.875000;4409.805000;0
20260812 230800;4409.775000;4410.165000;4407.915000;4408.005000;0
20260812 230900;4407.755000;4409.685000;4407.695000;4407.705000;0
20260812 231000;4407.695000;4409.125000;4406.455000;4409.125000;0
20260812 231100;4409.265000;4409.265000;4403.805000;4405.375000;0
20260812 231200;4405.235000;4406.015000;4404.995000;4405.605000;0
20260812 231300;4405.675000;4406.455000;4405.235000;4406.445000;0
20260812 231400;4406.565000;4406.885000;4405.935000;4406.735000;0
20260812 231500;4406.675000;4407.345000;4406.445000;4406.795000;0
20260812 231600;4406.725000;4407.385000;4405.585000;4405.665000;0
20260812 231700;4405.525000;4406.565000;4405.245000;4406.205000;0
20260812 231800;4406.405000;4409.895000;4406.025000;4408.365000;0
20260812 231900;4408.235000;4408.825000;4407.845000;4408.635000;0
20260812 232000;4408.525000;4409.235000;4406.665000;4407.015000;0
20260812 232100;4407.235000;4407.885000;4406.895000;4407.635000;0
20260812 232200;4407.745000;4408.765000;4407.455000;4407.805000;0
20260812 232300;4408.055000;4408.965000;4407.955000;4408.115000;0
20260812 232400;4408.195000;4409.275000;4408.025000;4408.925000;0
20260812 232500;4408.975000;4409.515000;4408.555000;4409.245000;0
20260812 232600;4409.155000;4409.285000;4407.325000;4407.945000;0
20260812 232700;4408.085000;4408.755000;4407.815000;4408.095000;0
20260812 232800;4407.985000;4409.205000;4407.605000;4409.165000;0
20260812 232900;4409.105000;4409.905000;4408.595000;4409.055000;0
20260812 233000;4408.865000;4409.935000;4408.795000;4409.795000;0
20260812 233100;4409.625000;4410.105000;4409.355000;4409.445000;0
20260812 233200;4409.515000;4409.755000;4409.305000;4409.535000;0
20260812 233300;4409.385000;4409.965000;4408.655000;4409.545000;0
20260812 233400;4409.545000;4409.755000;4409.315000;4409.465000;0
20260812 233500;4409.475000;4410.255000;4409.215000;4409.215000;0
20260812 233600;4409.365000;4409.365000;4408.415000;4408.755000;0
20260812 233700;4408.745000;4409.985000;4408.605000;4409.105000;0
20260812 233800;4409.105000;4409.615000;4408.855000;4408.955000;0
20260812 233900;4408.985000;4409.235000;4408.695000;4408.975000;0
20260812 234000;4408.975000;4409.165000;4408.185000;4408.335000;0
20260812 234100;4408.165000;4408.595000;4406.985000;4407.535000;0
20260812 234200;4407.505000;4407.515000;4406.315000;4406.715000;0
20260812 234300;4406.625000;4407.875000;4405.765000;4405.765000;0
20260812 234400;4405.855000;4406.225000;4405.235000;4405.515000;0
20260812 234500;4405.515000;4407.295000;4405.515000;4406.375000;0
20260812 234600;4406.165000;4407.555000;4404.955000;4405.915000;0
20260812 234700;4405.805000;4405.925000;4404.705000;4405.475000;0
20260812 234800;4405.465000;4406.135000;4405.455000;4405.955000;0
20260812 234900;4405.855000;4406.285000;4405.065000;4405.205000;0
20260812 235000;4405.015000;4405.555000;4403.695000;4405.215000;0
20260812 235100;4405.075000;4405.335000;4404.825000;4405.285000;0
20260812 235200;4404.975000;4405.745000;4404.945000;4405.475000;0
20260812 235300;4405.595000;4405.645000;4403.625000;4403.725000;0
20260812 235400;4403.605000;4403.755000;4402.165000;4403.065000;0
20260812 235500;4402.995000;4403.115000;4400.335000;4400.335000;0
20260812 235600;4400.405000;4402.205000;4399.915000;4400.635000;0
20260812 235700;4400.535000;4400.865000;4398.835000;4399.735000;0
20260812 235800;4399.585000;4400.345000;4399.245000;4399.725000;0
20260812 235900;4399.645000;4400.345000;4398.445000;4400.095000;0
20260813 000000;4399.945000;4400.155000;4397.475000;4398.255000;0
20260813 000100;4398.155000;4398.345000;4394.535000;4395.585000;0
20260813 000200;4395.455000;4399.845000;4395.405000;4399.185000;0
20260813 000300;4399.225000;4399.725000;4395.395000;4395.695000;0
20260813 000400;4395.695000;4396.285000;4394.915000;4395.725000;0
20260813 000500;4395.845000;4396.395000;4394.895000;4395.455000;0
20260813 000600;4395.325000;4397.135000;4395.115000;4396.245000;0
20260813 000700;4396.085000;4397.145000;4395.195000;4395.815000;0
20260813 000800;4395.875000;4396.195000;4395.085000;4395.905000;0
20260813 000900;4395.865000;4396.485000;4394.845000;4395.795000;0
20260813 001000;4395.615000;4395.865000;4393.935000;4394.725000;0
20260813 001100;4394.625000;4394.725000;4391.375000;4392.625000;0
20260813 001200;4392.815000;4393.855000;4392.815000;4393.065000;0
20260813 001300;4393.105000;4394.625000;4393.065000;4394.165000;0
20260813 001400;4394.225000;4395.385000;4393.795000;4394.275000;0
20260813 001500;4394.395000;4395.115000;4393.265000;4394.665000;0
20260813 001600;4394.785000;4395.555000;4393.795000;4394.795000;0
20260813 001700;4394.845000;4394.845000;4394.255000;4394.255000;0
20260813 001800;4394.295000;4395.115000;4394.115000;4394.605000;0
20260813 001900;4394.655000;4395.125000;4393.065000;4394.445000;0
20260813 002000;4394.425000;4394.925000;4394.055000;4394.195000;0
20260813 002100;4394.095000;4394.185000;4392.185000;4392.485000;0
20260813 002200;4392.615000;4394.565000;4392.555000;4394.325000;0
20260813 002300;4394.725000;4394.985000;4393.605000;4394.855000;0
20260813 002400;4394.965000;4397.775000;4394.725000;4397.195000;0
20260813 002500;4397.245000;4397.795000;4396.865000;4397.455000;0
20260813 002600;4397.465000;4399.105000;4397.305000;4398.175000;0
20260813 002700;4398.175000;4398.335000;4397.085000;4397.215000;0
20260813 002800;4397.105000;4398.395000;4397.105000;4397.985000;0
20260813 002900;4398.185000;4398.725000;4397.845000;4397.945000;0
20260813 003000;4397.775000;4398.695000;4397.635000;4398.155000;0
20260813 003100;4398.005000;4399.295000;4397.505000;4399.185000;0
20260813 003200;4399.185000;4399.295000;4398.385000;4398.765000;0
20260813 003300;4398.765000;4398.985000;4397.875000;4398.765000;0
20260813 003400;4398.645000;4398.855000;4397.265000;4398.585000;0
20260813 003500;4398.535000;4398.815000;4396.975000;4397.615000;0
20260813 003600;4397.785000;4399.075000;4397.545000;4399.045000;0
20260813 003700;4398.855000;4399.055000;4398.225000;4398.875000;0
20260813 003800;4398.905000;4399.035000;4397.545000;4397.655000;0
20260813 003900;4397.815000;4397.835000;4397.255000;4397.315000;0
20260813 004000;4397.355000;4397.585000;4396.625000;4397.075000;0
20260813 004100;4396.965000;4399.065000;4396.965000;4398.985000;0
20260813 004200;4399.005000;4399.115000;4397.585000;4397.735000;0
20260813 004300;4397.455000;4397.595000;4396.255000;4396.455000;0
20260813 004400;4396.665000;4396.665000;4394.875000;4395.655000;0
20260813 004500;4395.515000;4398.635000;4395.435000;4397.215000;0
20260813 004600;4396.935000;4398.085000;4395.525000;4397.515000;0
20260813 004700;4397.545000;4397.575000;4396.445000;4396.655000;0
20260813 004800;4396.585000;4397.335000;4396.175000;4396.825000;0
20260813 004900;4396.955000;4398.215000;4395.435000;4395.435000;0
20260813 005000;4395.415000;4396.175000;4395.015000;4395.445000;0
20260813 005100;4395.385000;4396.395000;4395.085000;4395.725000;0
20260813 005200;4395.745000;4397.335000;4395.745000;4397.035000;0
20260813 005300;4397.035000;4397.295000;4396.305000;4396.755000;0
20260813 005400;4396.845000;4397.185000;4396.155000;4396.275000;0
20260813 005500;4396.375000;4396.785000;4395.935000;4396.575000;0
20260813 005600;4396.525000;4397.685000;4396.515000;4397.225000;0
20260813 005700;4397.165000;4397.865000;4397.005000;4397.115000;0
20260813 005800;4397.035000;4398.245000;4396.985000;4397.815000;0
20260813 005900;4397.825000;4398.145000;4397.455000;4397.475000;0
20260813 010000;4397.475000;4397.665000;4395.765000;4396.355000;0
20260813 010100;4396.235000;4396.385000;4392.935000;4393.885000;0
20260813 010200;4393.995000;4396.215000;4393.995000;4395.815000;0
20260813 010300;4395.985000;4397.285000;4395.595000;4396.225000;0
20260813 010400;4396.115000;4396.555000;4393.415000;4394.465000;0
20260813 010500;4394.425000;4395.695000;4394.195000;4394.975000;0
20260813 010600;4394.875000;4397.015000;4394.685000;4396.835000;0
20260813 010700;4396.705000;4396.785000;4394.405000;4396.015000;0
20260813 010800;4395.955000;4396.195000;4395.335000;4395.675000;0
20260813 010900;4395.675000;4397.385000;4394.005000;4396.455000;0
20260813 011000;4396.645000;4399.095000;4395.015000;4398.645000;0
20260813 011100;4398.775000;4399.285000;4397.615000;4398.935000;0
20260813 011200;4399.045000;4400.015000;4398.575000;4399.685000;0
20260813 011300;4399.575000;4402.815000;4399.575000;4402.605000;0
20260813 011400;4402.855000;4404.625000;4402.265000;4404.285000;0
20260813 011500;4404.335000;4405.265000;4403.905000;4404.315000;0
20260813 011600;4404.485000;4404.515000;4401.045000;4401.185000;0
20260813 011700;4401.155000;4402.065000;4400.595000;4401.845000;0
20260813 011800;4401.845000;4403.125000;4401.655000;4401.855000;0
20260813 011900;4401.825000;4404.065000;4400.575000;4401.325000;0
20260813 012000;4401.165000;4402.335000;4400.775000;4402.205000;0
20260813 012100;4402.395000;4403.435000;4401.975000;4402.335000;0
20260813 012200;4402.265000;4402.935000;4402.045000;4402.665000;0
20260813 012300;4402.765000;4402.765000;4401.935000;4402.245000;0
20260813 012400;4402.185000;4403.275000;4402.025000;4402.635000;0
20260813 012500;4402.695000;4405.205000;4402.385000;4405.105000;0
20260813 012600;4405.175000;4406.665000;4404.375000;4406.395000;0
20260813 012700;4406.515000;4406.835000;4405.235000;4405.815000;0
20260813 012800;4405.685000;4407.125000;4405.545000;4406.665000;0
20260813 012900;4406.445000;4406.845000;4405.865000;4406.075000;0
20260813 013000;4406.475000;4406.975000;4400.385000;4400.915000;0
20260813 013100;4400.655000;4400.985000;4397.575000;4397.795000;0
20260813 013200;4397.685000;4398.235000;4394.105000;4395.465000;0
20260813 013300;4395.355000;4397.515000;4393.065000;4397.175000;0
20260813 013400;4397.005000;4397.635000;4396.165000;4397.185000;0
20260813 013500;4397.235000;4398.435000;4397.035000;4397.585000;0
20260813 013600;4397.685000;4398.905000;4396.875000;4398.565000;0
20260813 013700;4398.505000;4399.065000;4396.945000;4398.255000;0
20260813 013800;4398.255000;4398.565000;4396.615000;4398.285000;0
20260813 013900;4398.245000;4399.645000;4397.735000;4399.335000;0
20260813 014000;4399.305000;4400.645000;4399.255000;4399.425000;0
20260813 014100;4399.295000;4399.335000;4392.785000;4394.915000;0
20260813 014200;4395.015000;4395.015000;4390.405000;4391.155000;0
20260813 014300;4391.045000;4391.425000;4387.645000;4388.405000;0
20260813 014400;4388.265000;4388.925000;4385.925000;4387.375000;0
20260813 014500;4387.355000;4389.105000;4386.155000;4387.885000;0
20260813 014600;4388.055000;4388.525000;4382.985000;4384.145000;0
20260813 014700;4383.985000;4386.405000;4382.965000;4385.185000;0
20260813 014800;4385.185000;4387.485000;4384.045000;4386.975000;0
20260813 014900;4387.045000;4387.415000;4385.865000;4386.945000;0
20260813 015000;4387.215000;4387.245000;4384.515000;4386.635000;0
20260813 015100;4386.655000;4388.855000;4385.085000;4388.855000;0
20260813 015200;4389.005000;4389.135000;4387.935000;4388.635000;0
20260813 015300;4388.575000;4389.105000;4384.445000;4384.525000;0
20260813 015400;4384.485000;4385.545000;4384.015000;4384.235000;0
20260813 015500;4384.175000;4385.475000;4382.645000;4385.215000;0
20260813 015600;4385.255000;4385.715000;4383.095000;4385.215000;0
20260813 015700;4385.365000;4386.135000;4384.405000;4385.015000;0
20260813 015800;4384.945000;4385.715000;4383.075000;4383.805000;0
20260813 015900;4384.015000;4384.135000;4380.325000;4382.905000;0
20260813 020000;4382.885000;4384.605000;4382.035000;4384.465000;0
20260813 020100;4384.435000;4385.365000;4382.575000;4382.575000;0
20260813 020200;4382.465000;4383.565000;4382.105000;4382.395000;0
20260813 020300;4382.495000;4384.285000;4381.725000;4381.725000;0
20260813 020400;4381.215000;4382.065000;4376.055000;4377.855000;0
20260813 020500;4378.035000;4378.365000;4375.165000;4377.435000;0
20260813 020600;4377.545000;4379.045000;4376.885000;4378.375000;0
20260813 020700;4378.395000;4378.935000;4375.555000;4376.205000;0
20260813 020800;4376.345000;4376.795000;4375.605000;4376.765000;0
20260813 020900;4376.635000;4379.595000;4376.175000;4379.095000;0
20260813 021000;4379.105000;4380.505000;4376.685000;4377.165000;0
20260813 021100;4377.395000;4378.345000;4376.435000;4378.345000;0
20260813 021200;4378.555000;4378.965000;4377.195000;4377.655000;0
20260813 021300;4377.795000;4377.835000;4374.675000;4375.015000;0
20260813 021400;4375.015000;4375.965000;4374.855000;4375.645000;0
20260813 021500;4375.655000;4376.125000;4374.865000;4375.125000;0
20260813 021600;4375.235000;4378.265000;4375.005000;4377.925000;0
20260813 021700;4378.045000;4378.145000;4376.775000;4377.425000;0
20260813 021800;4377.295000;4377.985000;4376.705000;4377.295000;0
20260813 021900;4377.435000;4377.665000;4374.995000;4375.225000;0
20260813 022000;4374.945000;4377.785000;4374.235000;4377.305000;0
20260813 022100;4376.625000;4376.975000;4375.835000;4376.195000;0
20260813 022200;4375.725000;4376.105000;4374.285000;4374.835000;0
20260813 022300;4374.855000;4375.975000;4373.855000;4375.615000;0
20260813 022400;4375.515000;4378.285000;4375.385000;4378.285000;0
20260813 022500;4378.405000;4378.645000;4376.225000;4376.425000;0
20260813 022600;4376.305000;4377.595000;4375.405000;4375.425000;0
20260813 022700;4375.525000;4376.405000;4374.315000;4374.585000;0
20260813 022800;4374.475000;4377.425000;4374.245000;4376.075000;0
20260813 022900;4375.955000;4376.555000;4375.005000;4375.715000;0
20260813 023000;4375.445000;4377.005000;4373.955000;4375.215000;0
20260813 023100;4375.075000;4376.015000;4373.955000;4375.195000;0
20260813 023200;4375.315000;4378.265000;4375.315000;4376.745000;0
20260813 023300;4376.345000;4376.465000;4370.175000;4370.525000;0
20260813 023400;4370.425000;4372.005000;4369.695000;4371.765000;0
20260813 023500;4371.775000;4372.485000;4371.535000;4372.235000;0
20260813 023600;4372.105000;4372.305000;4368.695000;4369.445000;0
20260813 023700;4369.325000;4370.675000;4369.225000;4370.135000;0
20260813 023800;4369.935000;4370.535000;4369.265000;4369.405000;0
20260813 023900;4370.045000;4372.375000;4369.845000;4371.225000;0
20260813 024000;4371.585000;4373.185000;4371.255000;4372.775000;0
20260813 024100;4372.905000;4373.725000;4372.215000;4373.105000;0
20260813 024200;4373.125000;4373.665000;4372.005000;4373.455000;0
20260813 024300;4373.655000;4374.495000;4373.245000;4374.325000;0
20260813 024400;4374.185000;4374.355000;4371.885000;4374.055000;0
20260813 024500;4374.055000;4376.135000;4373.945000;4375.665000;0
20260813 024600;4375.545000;4375.835000;4374.135000;4374.585000;0
20260813 024700;4374.485000;4377.435000;4373.915000;4377.055000;0
20260813 024800;4376.915000;4378.485000;4376.695000;4378.325000;0
20260813 024900;4378.195000;4378.975000;4377.365000;4378.535000;0
20260813 025000;4378.185000;4379.515000;4378.115000;4379.245000;0
20260813 025100;4379.075000;4379.885000;4378.405000;4379.885000;0
20260813 025200;4379.745000;4380.145000;4378.355000;4378.955000;0
20260813 025300;4378.825000;4379.885000;4378.465000;4379.745000;0
20260813 025400;4379.625000;4380.215000;4379.295000;4379.905000;0
20260813 025500;4380.025000;4381.345000;4379.625000;4380.455000;0
20260813 025600;4380.615000;4381.515000;4380.305000;4380.675000;0
20260813 025700;4380.675000;4381.245000;4379.755000;4380.365000;0
20260813 025800;4380.235000;4380.565000;4379.445000;4380.085000;0
20260813 025900;4380.005000;4380.845000;4379.665000;4380.735000;0
20260813 030000;4380.425000;4380.705000;4378.235000;4379.555000;0
20260813 030100;4379.695000;4379.875000;4378.475000;4379.335000;0
20260813 030200;4379.635000;4381.655000;4379.065000;4379.535000;0
20260813 030300;4379.405000;4381.465000;4378.865000;4380.855000;0
20260813 030400;4380.855000;4381.195000;4379.125000;4379.555000;0
20260813 030500;4379.675000;4380.585000;4378.715000;4379.305000;0
20260813 030600;4379.305000;4379.305000;4377.215000;4377.695000;0
20260813 030700;4377.785000;4379.925000;4377.785000;4379.265000;0
20260813 030800;4379.295000;4379.725000;4378.945000;4379.155000;0
20260813 030900;4379.225000;4379.695000;4377.485000;4378.145000;0
20260813 031000;4378.145000;4378.685000;4377.235000;4377.685000;0
20260813 031100;4377.655000;4378.585000;4376.965000;4377.305000;0
20260813 031200;4377.145000;4378.775000;4376.675000;4377.685000;0
20260813 031300;4377.685000;4377.755000;4374.955000;4376.275000;0
20260813 031400;4376.315000;4377.255000;4376.015000;4376.705000;0
20260813 031500;4376.915000;4377.515000;4375.095000;4375.265000;0
20260813 031600;4375.475000;4376.565000;4375.005000;4376.155000;0
20260813 031700;4376.195000;4376.445000;4374.495000;4375.275000;0
20260813 031800;4375.145000;4375.795000;4374.765000;4375.325000;0
20260813 031900;4375.355000;4375.815000;4373.675000;4373.805000;0
20260813 032000;4373.805000;4375.635000;4373.575000;4375.635000;0
20260813 032100;4375.645000;4376.065000;4374.315000;4374.715000;0
20260813 032200;4374.625000;4375.105000;4374.275000;4374.655000;0
20260813 032300;4374.755000;4376.615000;4374.655000;4376.425000;0
20260813 032400;4376.415000;4376.655000;4375.725000;4376.295000;0
20260813 032500;4376.405000;4376.765000;4375.585000;4376.275000;0
20260813 032600;4376.405000;4376.405000;4374.405000;4375.695000;0
20260813 032700;4375.715000;4376.455000;4374.955000;4375.225000;0
20260813 032800;4375.195000;4376.365000;4375.125000;4376.285000;0
20260813 032900;4376.245000;4377.215000;4374.975000;4376.255000;0
20260813 033000;4376.195000;4376.195000;4373.265000;4373.985000;0
20260813 033100;4374.005000;4376.505000;4374.005000;4376.105000;0
20260813 033200;4376.165000;4377.145000;4373.375000;4373.795000;0
20260813 033300;4373.645000;4374.385000;4372.405000;4372.755000;0
20260813 033400;4372.945000;4373.545000;4372.045000;4373.515000;0
20260813 033500;4373.145000;4375.035000;4372.195000;4374.975000;0
20260813 033600;4375.035000;4376.195000;4374.715000;4375.275000;0
20260813 033700;4375.245000;4376.515000;4374.895000;4375.725000;0
20260813 033800;4375.865000;4376.015000;4373.385000;4373.765000;0
20260813 033900;4373.745000;4374.405000;4373.335000;4374.275000;0
20260813 034000;4374.455000;4374.895000;4373.885000;4374.895000;0
20260813 034100;4375.045000;4376.635000;4373.665000;4376.635000;0
20260813 034200;4376.635000;4377.585000;4376.335000;4377.255000;0
20260813 034300;4377.125000;4377.575000;4376.275000;4376.355000;0
20260813 034400;4376.505000;4378.565000;4376.045000;4378.335000;0
20260813 034500;4378.445000;4378.725000;4375.325000;4375.375000;0
20260813 034600;4375.345000;4376.105000;4373.725000;4376.095000;0
20260813 034700;4376.095000;4376.555000;4374.405000;4374.525000;0
20260813 034800;4374.525000;4376.485000;4373.195000;4373.355000;0
20260813 034900;4373.355000;4373.645000;4371.075000;4371.605000;0
20260813 035000;4371.505000;4373.365000;4369.745000;4372.975000;0
20260813 035100;4373.205000;4373.375000;4371.375000;4371.555000;0
20260813 035200;4371.805000;4373.025000;4371.805000;4372.925000;0
20260813 035300;4372.785000;4373.185000;4372.405000;4373.175000;0
20260813 035400;4373.065000;4373.635000;4371.925000;4372.805000;0
20260813 035500;4372.865000;4372.965000;4369.695000;4370.635000;0
20260813 035600;4370.605000;4370.995000;4369.155000;4369.875000;0
20260813 035700;4369.895000;4370.655000;4369.215000;4369.735000;0
20260813 035800;4369.825000;4370.765000;4369.465000;4369.905000;0
20260813 035900;4370.055000;4370.765000;4369.425000;4369.795000;0
20260813 040000;4369.635000;4369.795000;4366.825000;4368.345000;0
20260813 040100;4368.345000;4370.305000;4368.015000;4370.005000;0
20260813 040200;4369.935000;4370.405000;4367.385000;4368.345000;0
20260813 040300;4368.275000;4368.545000;4365.705000;4366.075000;0
20260813 040400;4365.895000;4367.345000;4365.825000;4366.945000;0
20260813 040500;4366.975000;4368.255000;4366.185000;4368.075000;0
20260813 040600;4368.175000;4369.715000;4367.515000;4368.155000;0
20260813 040700;4368.285000;4369.175000;4366.755000;4366.915000;0
20260813 040800;4366.975000;4367.835000;4365.785000;4367.045000;0
20260813 040900;4367.225000;4367.325000;4365.675000;4365.675000;0
20260813 041000;4365.655000;4367.035000;4364.105000;4366.615000;0
20260813 041100;4366.515000;4366.515000;4363.905000;4364.145000;0
20260813 041200;4364.025000;4366.155000;4364.025000;4365.035000;0
20260813 041300;4364.965000;4367.085000;4364.775000;4367.085000;0
20260813 041400;4367.005000;4367.795000;4364.995000;4365.845000;0
20260813 041500;4365.845000;4366.525000;4365.595000;4366.355000;0
20260813 041600;4366.345000;4367.875000;4365.805000;4367.155000;0
20260813 041700;4367.265000;4367.405000;4365.385000;4366.155000;0
20260813 041800;4366.125000;4367.155000;4365.985000;4366.505000;0
20260813 041900;4366.535000;4366.685000;4365.145000;4365.305000;0
20260813 042000;4365.325000;4366.735000;4364.765000;4366.615000;0
20260813 042100;4366.585000;4368.705000;4366.385000;4368.235000;0
20260813 042200;4368.235000;4370.015000;4367.925000;4369.755000;0
20260813 042300;4369.565000;4369.585000;4368.465000;4368.725000;0
20260813 042400;4368.715000;4370.575000;4368.615000;4369.805000;0
20260813 042500;4369.835000;4370.515000;4369.465000;4370.075000;0
20260813 042600;4370.065000;4372.315000;4369.625000;4372.085000;0
20260813 042700;4372.305000;4372.685000;4370.315000;4370.415000;0
20260813 042800;4370.395000;4372.495000;4370.355000;4372.455000;0
20260813 042900;4372.545000;4373.515000;4372.045000;4372.655000;0
20260813 043000;4372.655000;4373.445000;4371.785000;4372.805000;0
20260813 043100;4372.655000;4373.775000;4372.245000;4373.625000;0
20260813 043200;4373.625000;4374.225000;4372.365000;4373.395000;0
20260813 043300;4373.325000;4373.485000;4372.615000;4373.355000;0
20260813 043400;4373.435000;4375.575000;4373.435000;4374.455000;0
20260813 043500;4374.465000;4375.525000;4374.395000;4375.185000;0
20260813 043600;4375.115000;4375.115000;4373.525000;4373.675000;0
20260813 043700;4373.715000;4374.415000;4373.325000;4373.965000;0
20260813 043800;4373.975000;4375.505000;4373.415000;4375.155000;0
20260813 043900;4375.215000;4375.485000;4373.375000;4373.465000;0
20260813 044000;4373.355000;4374.225000;4373.215000;4374.115000;0
20260813 044100;4374.115000;4374.685000;4373.915000;4374.295000;0
20260813 044200;4374.595000;4375.095000;4374.185000;4374.705000;0
20260813 044300;4374.695000;4375.205000;4374.115000;4374.165000;0
20260813 044400;4374.105000;4374.545000;4373.385000;4373.455000;0
20260813 044500;4373.385000;4374.095000;4373.285000;4373.925000;0
20260813 044600;4373.905000;4374.975000;4373.575000;4373.935000;0
20260813 044700;4373.935000;4375.735000;4373.525000;4375.385000;0
20260813 044800;4375.405000;4378.425000;4375.335000;4378.305000;0
20260813 044900;4378.165000;4378.975000;4378.105000;4378.455000;0
20260813 045000;4378.415000;4379.085000;4376.645000;4378.125000;0
20260813 045100;4377.955000;4378.065000;4376.855000;4377.575000;0
20260813 045200;4377.535000;4377.685000;4376.705000;4376.745000;0
20260813 045300;4376.745000;4376.745000;4375.135000;4375.325000;0
20260813 045400;4375.305000;4375.845000;4374.825000;4375.845000;0
20260813 045500;4375.955000;4377.055000;4375.865000;4376.185000;0
20260813 045600;4376.235000;4376.345000;4375.635000;4375.915000;0
20260813 045700;4375.915000;4376.475000;4375.395000;4376.205000;0
20260813 045800;4376.285000;4376.285000;4375.085000;4375.245000;0
20260813 045900;4375.085000;4376.005000;4374.925000;4375.735000;0
20260813 050000;4375.805000;4376.785000;4375.425000;4376.305000;0
20260813 050100;4376.195000;4376.285000;4375.225000;4375.995000;0
20260813 050200;4376.205000;4376.265000;4374.235000;4374.405000;0
20260813 050300;4374.205000;4374.755000;4373.855000;4374.025000;0
20260813 050400;4374.045000;4374.675000;4373.385000;4374.065000;0
20260813 050500;4374.065000;4374.535000;4372.755000;4372.945000;0
20260813 050600;4372.845000;4374.495000;4372.375000;4373.645000;0
20260813 050700;4373.655000;4374.045000;4373.505000;4373.635000;0
20260813 050800;4373.665000;4377.955000;4373.665000;4377.525000;0
20260813 050900;4377.555000;4377.675000;4376.795000;4376.955000;0
20260813 051000;4376.955000;4377.675000;4376.265000;4377.675000;0
20260813 051100;4377.645000;4377.915000;4376.545000;4376.945000;0
20260813 051200;4376.945000;4378.265000;4376.945000;4377.355000;0
20260813 051300;4377.585000;4378.025000;4377.015000;4377.505000;0
20260813 051400;4377.555000;4377.685000;4376.695000;4376.795000;0
20260813 051500;4376.655000;4377.145000;4376.125000;4376.775000;0
20260813 051600;4376.775000;4377.845000;4376.335000;4377.735000;0
20260813 051700;4377.655000;4378.965000;4377.275000;4377.915000;0
20260813 051800;4377.715000;4378.855000;4377.565000;4378.655000;0
20260813 051900;4378.615000;4380.915000;4378.585000;4380.385000;0
20260813 052000;4380.205000;4381.695000;4380.195000;4381.075000;0
20260813 052100;4381.215000;4381.875000;4380.145000;4380.515000;0
20260813 052200;4380.395000;4380.865000;4379.815000;4379.995000;0
20260813 052300;4379.995000;4380.165000;4379.325000;4379.355000;0
20260813 052400;4379.305000;4379.425000;4377.905000;4378.385000;0
20260813 052500;4378.435000;4379.955000;4378.435000;4379.085000;0
20260813 052600;4379.145000;4380.685000;4378.845000;4380.485000;0
20260813 052700;4380.575000;4382.215000;4380.085000;4380.825000;0
20260813 052800;4380.755000;4381.265000;4379.955000;4381.125000;0
20260813 052900;4380.995000;4381.325000;4379.615000;4379.785000;0
20260813 053000;4379.805000;4381.205000;4379.525000;4380.915000;0
20260813 053100;4380.685000;4381.135000;4379.615000;4380.485000;0
20260813 053200;4380.485000;4380.815000;4379.755000;4380.775000;0
20260813 053300;4380.725000;4381.215000;4379.915000;4380.245000;0
20260813 053400;4380.155000;4380.995000;4380.075000;4380.705000;0
20260813 053500;4380.695000;4381.525000;4380.205000;4381.415000;0
20260813 053600;4381.305000;4381.515000;4380.305000;4380.655000;0
20260813 053700;4380.705000;4381.235000;4380.025000;4380.405000;0
20260813 053800;4380.355000;4380.775000;4380.145000;4380.585000;0
20260813 053900;4380.475000;4381.045000;4380.185000;4380.865000;0
20260813 054000;4380.895000;4381.605000;4380.505000;4380.505000;0
20260813 054100;4380.705000;4380.985000;4378.655000;4378.935000;0
20260813 054200;4378.975000;4380.315000;4378.975000;4380.205000;0
20260813 054300;4380.155000;4380.515000;4379.915000;4380.005000;0
20260813 054400;4380.045000;4380.225000;4379.565000;4379.845000;0
20260813 054500;4379.855000;4379.975000;4379.235000;4379.785000;0
20260813 054600;4379.565000;4380.465000;4379.425000;4380.455000;0
20260813 054700;4380.465000;4380.465000;4378.545000;4379.035000;0
20260813 054800;4379.015000;4379.045000;4378.395000;4378.425000;0
20260813 054900;4378.465000;4379.385000;4378.275000;4379.355000;0
20260813 055000;4379.425000;4380.225000;4378.915000;4379.075000;0
20260813 055100;4379.135000;4379.695000;4378.705000;4379.415000;0
20260813 055200;4379.415000;4379.885000;4379.105000;4379.805000;0
20260813 055300;4379.835000;4380.775000;4379.315000;4380.005000;0
20260813 055400;4379.995000;4380.935000;4379.745000;4380.135000;0
20260813 055500;4380.255000;4381.205000;4379.805000;4381.205000;0
20260813 055600;4381.085000;4382.375000;4380.565000;4381.615000;0
20260813 055700;4381.635000;4383.405000;4381.295000;4383.225000;0
20260813 055800;4383.245000;4384.715000;4383.165000;4383.905000;0
20260813 055900;4383.885000;4384.465000;4382.875000;4384.445000;0
20260813 060000;4384.575000;4385.095000;4383.755000;4384.755000;0
20260813 060100;4384.755000;4384.895000;4383.765000;4384.265000;0
20260813 060200;4384.265000;4385.175000;4383.725000;4384.415000;0
20260813 060300;4384.285000;4385.105000;4383.695000;4383.925000;0
20260813 060400;4383.755000;4384.545000;4383.265000;4384.345000;0
20260813 060500;4384.325000;4384.965000;4383.825000;4384.785000;0
20260813 060600;4384.785000;4385.155000;4384.415000;4384.805000;0
20260813 060700;4384.715000;4384.855000;4383.715000;4384.125000;0
20260813 060800;4384.025000;4384.815000;4383.995000;4384.325000;0
20260813 060900;4384.305000;4384.825000;4383.675000;4383.925000;0
20260813 061000;4383.945000;4384.595000;4383.265000;4383.275000;0
20260813 061100;4383.385000;4384.125000;4383.115000;4383.825000;0
20260813 061200;4383.725000;4383.805000;4382.675000;4382.675000;0
20260813 061300;4382.625000;4382.695000;4381.325000;4382.065000;0
20260813 061400;4382.085000;4382.165000;4381.185000;4381.345000;0
20260813 061500;4381.585000;4382.185000;4381.525000;4381.755000;0
20260813 061600;4381.755000;4382.185000;4381.555000;4382.005000;0
20260813 061700;4381.975000;4383.235000;4381.975000;4383.215000;0
20260813 061800;4383.435000;4385.245000;4383.155000;4384.855000;0
20260813 061900;4384.855000;4385.705000;4383.735000;4385.015000;0
20260813 062000;4384.975000;4385.265000;4384.325000;4385.125000;0
20260813 062100;4385.125000;4385.515000;4384.165000;4385.495000;0
20260813 062200;4385.455000;4386.325000;4385.145000;4385.655000;0
20260813 062300;4385.455000;4385.475000;4383.695000;4384.505000;0
20260813 062400;4384.475000;4384.785000;4383.965000;4384.555000;0
20260813 062500;4384.555000;4385.745000;4384.435000;4385.465000;0
20260813 062600;4385.395000;4386.365000;4385.365000;4385.745000;0
20260813 062700;4385.745000;4387.285000;4385.515000;4387.125000;0
20260813 062800;4387.145000;4387.395000;4386.215000;4386.275000;0
20260813 062900;4386.275000;4386.935000;4385.835000;4386.935000;0
20260813 063000;4386.895000;4387.345000;4386.525000;4387.165000;0
20260813 063100;4387.165000;4387.615000;4386.865000;4387.075000;0
20260813 063200;4387.035000;4387.035000;4385.555000;4385.565000;0
20260813 063300;4385.625000;4385.975000;4384.545000;4384.545000;0
20260813 063400;4384.405000;4385.395000;4384.375000;4385.155000;0
20260813 063500;4385.255000;4385.995000;4385.205000;4385.885000;0
20260813 063600;4385.915000;4386.475000;4385.915000;4386.225000;0
20260813 063700;4386.255000;4388.175000;4386.255000;4388.125000;0
20260813 063800;4388.145000;4388.965000;4388.015000;4388.445000;0
20260813 063900;4388.405000;4388.885000;4388.375000;4388.515000;0
20260813 064000;4388.455000;4388.795000;4387.895000;4388.135000;0
20260813 064100;4388.135000;4388.735000;4387.845000;4388.345000;0
20260813 064200;4388.335000;4388.625000;4387.865000;4387.905000;0
20260813 064300;4387.825000;4390.315000;4387.805000;4390.055000;0
20260813 064400;4390.055000;4390.485000;4389.885000;4390.485000;0
20260813 064500;4390.485000;4390.505000;4388.795000;4388.845000;0
20260813 064600;4388.845000;4389.265000;4388.185000;4388.285000;0
20260813 064700;4388.285000;4388.935000;4388.055000;4388.725000;0
20260813 064800;4388.605000;4389.425000;4388.465000;4389.085000;0
20260813 064900;4389.085000;4390.345000;4388.995000;4390.105000;0
20260813 065000;4390.245000;4392.515000;4389.925000;4392.445000;0
20260813 065100;4392.285000;4392.825000;4391.635000;4391.905000;0
20260813 065200;4391.965000;4393.415000;4391.655000;4393.295000;0
20260813 065300;4393.345000;4393.685000;4392.975000;4392.985000;0
20260813 065400;4393.065000;4393.265000;4392.095000;4392.435000;0
20260813 065500;4392.505000;4392.505000;4391.765000;4392.005000;0
20260813 065600;4391.985000;4392.255000;4390.865000;4391.785000;0
20260813 065700;4391.715000;4392.865000;4391.415000;4392.345000;0
20260813 065800;4392.345000;4392.445000;4391.615000;4391.655000;0
20260813 065900;4391.475000;4392.345000;4391.465000;4391.955000;0
20260813 070000;4391.865000;4392.845000;4391.555000;4391.785000;0
20260813 070100;4391.645000;4391.995000;4389.885000;4390.695000;0
20260813 070200;4390.755000;4391.235000;4389.575000;4390.115000;0
20260813 070300;4390.085000;4390.105000;4389.115000;4389.365000;0
20260813 070400;4389.495000;4389.785000;4388.265000;4389.085000;0
20260813 070500;4388.845000;4390.365000;4388.845000;4389.805000;0
20260813 070600;4389.775000;4390.825000;4389.725000;4390.265000;0
20260813 070700;4390.295000;4390.685000;4390.155000;4390.675000;0
20260813 070800;4390.605000;4391.495000;4390.305000;4391.275000;0
20260813 070900;4391.275000;4391.375000;4390.265000;4390.555000;0
20260813 071000;4390.505000;4391.365000;4390.075000;4391.295000;0
20260813 071100;4391.315000;4391.595000;4391.065000;4391.535000;0
20260813 071200;4391.535000;4392.135000;4391.315000;4391.575000;0
20260813 071300;4391.535000;4391.885000;4391.455000;4391.855000;0
20260813 071400;4392.065000;4394.245000;4391.855000;4394.175000;0
20260813 071500;4394.175000;4396.445000;4393.865000;4395.275000;0
20260813 071600;4395.255000;4396.475000;4393.815000;4393.815000;0
20260813 071700;4393.745000;4394.175000;4392.645000;4392.895000;0
20260813 071800;4392.895000;4394.065000;4392.555000;4393.925000;0
20260813 071900;4393.925000;4394.085000;4393.045000;4393.165000;0
20260813 072000;4393.065000;4393.795000;4392.835000;4393.485000;0
20260813 072100;4393.485000;4394.105000;4393.095000;4393.505000;0
20260813 072200;4393.615000;4393.725000;4391.045000;4391.985000;0
20260813 072300;4392.105000;4392.215000;4391.115000;4391.945000;0
20260813 072400;4391.965000;4392.465000;4391.725000;4392.285000;0
20260813 072500;4392.685000;4392.975000;4391.455000;4391.565000;0
20260813 072600;4391.525000;4391.525000;4390.875000;4391.365000;0
20260813 072700;4391.465000;4391.475000;4390.665000;4390.925000;0
20260813 072800;4390.955000;4391.135000;4389.565000;4389.925000;0
20260813 072900;4390.065000;4390.145000;4387.855000;4387.855000;0
20260813 073000;4388.005000;4389.025000;4387.925000;4388.165000;0
20260813 073100;4388.395000;4388.585000;4387.455000;4387.765000;0
20260813 073200;4387.765000;4388.215000;4387.685000;4388.025000;0
20260813 073300;4388.065000;4389.135000;4386.695000;4386.715000;0
20260813 073400;4386.735000;4388.755000;4386.635000;4388.405000;0
20260813 073500;4388.405000;4389.615000;4387.685000;4387.875000;0
20260813 073600;4387.735000;4388.665000;4387.735000;4388.555000;0
20260813 073700;4388.575000;4388.905000;4387.915000;4388.695000;0
20260813 073800;4388.665000;4388.985000;4388.365000;4388.465000;0
20260813 073900;4388.465000;4389.045000;4388.175000;4388.885000;0
20260813 074000;4388.875000;4388.875000;4386.095000;4386.125000;0
20260813 074100;4386.085000;4386.215000;4384.645000;4384.735000;0
20260813 074200;4384.685000;4384.855000;4383.645000;4384.075000;0
20260813 074300;4384.245000;4384.675000;4383.855000;4384.615000;0
20260813 074400;4384.525000;4386.895000;4383.925000;4383.925000;0
20260813 074500;4383.925000;4385.655000;4383.295000;4385.655000;0
20260813 074600;4385.655000;4385.655000;4384.855000;4385.505000;0
20260813 074700;4385.505000;4385.505000;4383.035000;4383.705000;0
20260813 074800;4383.725000;4383.815000;4383.005000;4383.375000;0
20260813 074900;4383.375000;4384.935000;4383.325000;4384.515000;0
20260813 075000;4384.475000;4384.595000;4383.945000;4384.295000;0
20260813 075100;4384.245000;4384.825000;4383.765000;4384.135000;0
20260813 075200;4384.135000;4384.575000;4383.825000;4384.015000;0
20260813 075300;4384.025000;4385.155000;4384.015000;4384.585000;0
20260813 075400;4384.535000;4384.535000;4382.715000;4384.265000;0
20260813 075500;4384.505000;4385.015000;4382.995000;4383.765000;0
20260813 075600;4383.665000;4384.795000;4383.575000;4384.695000;0
20260813 075700;4384.765000;4386.505000;4384.305000;4385.695000;0
20260813 075800;4385.695000;4388.005000;4385.635000;4387.025000;0
20260813 075900;4387.025000;4387.625000;4386.105000;4387.435000;0
20260813 080000;4387.555000;4387.955000;4386.115000;4386.815000;0
20260813 080100;4386.955000;4387.505000;4386.155000;4386.855000;0
20260813 080200;4386.785000;4387.015000;4385.765000;4386.845000;0
20260813 080300;4386.775000;4387.295000;4385.825000;4385.925000;0
20260813 080400;4386.045000;4387.185000;4385.605000;4386.895000;0
20260813 080500;4387.185000;4388.175000;4385.875000;4387.715000;0
20260813 080600;4387.805000;4389.375000;4387.305000;4389.365000;0
20260813 080700;4389.245000;4389.905000;4388.175000;4388.715000;0
20260813 080800;4388.695000;4391.445000;4388.695000;4391.375000;0
20260813 080900;4391.425000;4391.505000;4390.575000;4390.575000;0
20260813 081000;4390.325000;4390.585000;4387.995000;4388.475000;0
20260813 081100;4388.475000;4390.465000;4388.315000;4390.315000;0
20260813 081200;4390.425000;4390.695000;4388.405000;4388.575000;0
20260813 081300;4388.555000;4389.135000;4387.815000;4388.745000;0
20260813 081400;4388.845000;4389.475000;4388.335000;4388.865000;0
20260813 081500;4389.045000;4389.415000;4386.345000;4386.605000;0
20260813 081600;4386.555000;4386.965000;4384.745000;4386.805000;0
20260813 081700;4386.835000;4386.965000;4386.105000;4386.385000;0
20260813 081800;4386.475000;4386.915000;4384.835000;4384.995000;0
20260813 081900;4384.875000;4386.405000;4384.565000;4386.355000;0
20260813 082000;4386.535000;4389.825000;4386.345000;4388.955000;0
20260813 082100;4389.075000;4389.075000;4386.115000;4386.325000;0
20260813 082200;4386.335000;4386.575000;4384.335000;4384.645000;0
20260813 082300;4384.675000;4386.565000;4384.375000;4386.205000;0
20260813 082400;4386.205000;4386.335000;4384.225000;4385.475000;0
20260813 082500;4385.365000;4385.855000;4384.455000;4384.455000;0
20260813 082600;4384.515000;4386.675000;4384.125000;4385.685000;0
20260813 082700;4385.705000;4385.805000;4383.955000;4384.375000;0
20260813 082800;4384.035000;4386.225000;4384.035000;4386.105000;0
20260813 082900;4386.215000;4392.415000;4385.755000;4390.645000;0
20260813 083000;4390.645000;4401.045000;4386.645000;4389.445000;0
20260813 083100;4389.295000;4390.175000;4383.125000;4383.705000;0
20260813 083200;4383.865000;4383.865000;4380.575000;4380.935000;0
20260813 083300;4380.975000;4389.185000;4380.975000;4389.055000;0
20260813 083400;4389.155000;4392.465000;4387.865000;4391.735000;0
20260813 083500;4391.845000;4392.535000;4390.685000;4391.035000;0
20260813 083600;4391.035000;4391.585000;4386.185000;4388.365000;0
20260813 083700;4388.365000;4391.905000;4387.195000;4389.835000;0
20260813 083800;4389.855000;4390.365000;4387.715000;4389.225000;0
20260813 083900;4388.965000;4390.415000;4388.115000;4390.065000;0
20260813 084000;4390.095000;4390.735000;4386.415000;4386.445000;0
20260813 084100;4386.285000;4391.205000;4385.815000;4391.205000;0
20260813 084200;4391.205000;4394.045000;4390.965000;4392.435000;0
20260813 084300;4392.325000;4392.985000;4389.765000;4391.225000;0
20260813 084400;4391.145000;4392.615000;4391.125000;4391.955000;0
20260813 084500;4392.005000;4393.875000;4391.525000;4393.445000;0
20260813 084600;4393.535000;4394.765000;4392.325000;4394.165000;0
20260813 084700;4394.165000;4396.295000;4393.655000;4396.095000;0
20260813 084800;4395.995000;4397.155000;4394.645000;4395.325000;0
20260813 084900;4395.325000;4395.795000;4394.075000;4394.665000;0
20260813 085000;4394.685000;4396.265000;4393.185000;4393.615000;0
20260813 085100;4393.765000;4394.475000;4392.595000;4393.125000;0
20260813 085200;4393.205000;4396.725000;4393.155000;4395.595000;0
20260813 085300;4395.565000;4395.745000;4393.785000;4394.885000;0
20260813 085400;4394.885000;4395.295000;4394.025000;4394.655000;0
20260813 085500;4394.655000;4395.605000;4393.795000;4394.605000;0
20260813 085600;4394.435000;4395.335000;4392.775000;4392.775000;0
20260813 085700;4392.765000;4397.615000;4392.765000;4397.025000;0
20260813 085800;4397.065000;4399.745000;4397.065000;4399.165000;0
20260813 085900;4399.125000;4401.765000;4399.095000;4401.615000;0
20260813 090000;4401.555000;4401.965000;4393.685000;4393.795000;0
20260813 090100;4393.845000;4395.395000;4391.385000;4394.405000;0
20260813 090200;4394.635000;4396.395000;4392.415000;4393.195000;0
20260813 090300;4393.175000;4394.755000;4391.715000;4393.335000;0
20260813 090400;4393.335000;4395.935000;4393.335000;4393.845000;0
20260813 090500;4393.895000;4395.705000;4393.095000;4395.335000;0
20260813 090600;4395.405000;4396.315000;4393.135000;4393.365000;0
20260813 090700;4393.245000;4397.675000;4391.975000;4397.105000;0
20260813 090800;4397.205000;4397.715000;4395.745000;4396.435000;0
20260813 090900;4396.355000;4396.745000;4393.155000;4393.155000;0
20260813 091000;4393.235000;4394.255000;4392.225000;4392.695000;0
20260813 091100;4392.585000;4394.535000;4392.295000;4393.625000;0
20260813 091200;4393.875000;4393.925000;4390.765000;4392.465000;0
20260813 091300;4392.515000;4393.965000;4391.425000;4392.845000;0
20260813 091400;4393.135000;4394.495000;4392.365000;4393.645000;0
20260813 091500;4393.695000;4394.655000;4391.855000;4392.245000;0
20260813 091600;4392.155000;4394.185000;4391.975000;4392.835000;0
20260813 091700;4392.835000;4395.185000;4392.715000;4394.455000;0
20260813 091800;4394.605000;4394.795000;4390.435000;4392.125000;0
20260813 091900;4392.015000;4393.095000;4391.495000;4392.255000;0
20260813 092000;4392.125000;4394.615000;4391.755000;4393.835000;0
20260813 092100;4394.015000;4395.125000;4390.915000;4393.775000;0
20260813 092200;4393.775000;4395.015000;4393.345000;4393.855000;0
20260813 092300;4393.975000;4394.945000;4392.065000;4392.065000;0
20260813 092400;4391.945000;4391.945000;4388.425000;4388.525000;0
20260813 092500;4388.395000;4388.685000;4385.785000;4386.785000;0
20260813 092600;4386.865000;4388.745000;4386.525000;4387.965000;0
20260813 092700;4387.895000;4389.985000;4386.945000;4387.115000;0
20260813 092800;4387.185000;4387.795000;4385.765000;4386.635000;0
20260813 092900;4386.745000;4386.765000;4383.805000;4385.145000;0
20260813 093000;4384.915000;4389.695000;4383.385000;4387.185000;0
20260813 093100;4387.085000;4387.135000;4381.005000;4383.235000;0
20260813 093200;4383.195000;4385.865000;4382.565000;4384.695000;0
20260813 093300;4384.855000;4386.505000;4378.935000;4380.035000;0
20260813 093400;4379.915000;4380.895000;4376.795000;4378.815000;0
20260813 093500;4378.715000;4381.125000;4378.385000;4379.025000;0
20260813 093600;4379.025000;4381.255000;4377.235000;4377.855000;0
20260813 093700;4377.505000;4380.675000;4375.015000;4379.065000;0
20260813 093800;4379.065000;4379.435000;4376.615000;4377.985000;0
20260813 093900;4378.015000;4382.575000;4377.585000;4382.395000;0
20260813 094000;4382.285000;4383.885000;4379.945000;4379.995000;0
20260813 094100;4379.905000;4379.905000;4376.195000;4376.535000;0
20260813 094200;4376.495000;4381.265000;4376.385000;4380.095000;0
20260813 094300;4380.025000;4381.505000;4378.995000;4380.085000;0
20260813 094400;4380.035000;4381.005000;4379.285000;4379.285000;0
20260813 094500;4379.395000;4382.145000;4378.385000;4378.625000;0
20260813 094600;4378.495000;4378.905000;4375.535000;4377.785000;0
20260813 094700;4377.775000;4382.525000;4377.775000;4382.395000;0
20260813 094800;4382.305000;4382.625000;4378.965000;4380.825000;0
20260813 094900;4380.725000;4380.895000;4377.215000;4377.455000;0
20260813 095000;4377.405000;4378.235000;4375.525000;4376.935000;0
20260813 095100;4376.905000;4377.965000;4372.105000;4373.045000;0
20260813 095200;4373.045000;4374.665000;4371.875000;4372.145000;0
20260813 095300;4372.085000;4372.345000;4370.585000;4371.315000;0
20260813 095400;4371.755000;4376.315000;4371.155000;4376.085000;0
20260813 095500;4376.095000;4377.545000;4374.105000;4376.165000;0
20260813 095600;4376.195000;4376.845000;4374.685000;4375.235000;0
20260813 095700;4375.305000;4378.075000;4373.595000;4374.585000;0
20260813 095800;4374.585000;4376.145000;4372.855000;4374.745000;0
20260813 095900;4374.785000;4375.765000;4371.885000;4372.735000;0
20260813 100000;4372.785000;4374.945000;4371.565000;4374.325000;0
20260813 100100;4374.325000;4374.815000;4372.185000;4374.725000;0
20260813 100200;4374.775000;4378.795000;4373.675000;4374.625000;0
20260813 100300;4374.625000;4375.285000;4371.525000;4372.515000;0
20260813 100400;4372.535000;4373.175000;4369.695000;4373.045000;0
20260813 100500;4373.045000;4375.885000;4372.285000;4375.055000;0
20260813 100600;4375.105000;4378.685000;4375.065000;4376.845000;0
20260813 100700;4377.125000;4378.395000;4376.155000;4377.375000;0
20260813 100800;4377.515000;4378.075000;4369.565000;4369.565000;0
20260813 100900;4369.695000;4369.695000;4369.695000;4369.695000;0
20260813 100800;4369.735000;4369.735000;4369.735000;4369.735000;0
20260813 100900;4369.725000;4371.975000;4367.965000;4369.185000;0
20260813 101000;4369.135000;4371.135000;4368.225000;4370.165000;0
20260813 101100;4370.145000;4370.955000;4366.745000;4367.805000;0
20260813 101200;4367.955000;4369.655000;4366.485000;4369.145000;0
20260813 101300;4369.005000;4371.805000;4368.545000;4370.795000;0
20260813 101400;4370.785000;4371.585000;4368.855000;4370.795000;0
20260813 101500;4370.795000;4376.185000;4370.445000;4373.025000;0
20260813 101600;4372.815000;4372.925000;4368.955000;4371.795000;0
20260813 101700;4372.125000;4377.445000;4371.675000;4376.395000;0
20260813 101800;4376.365000;4378.115000;4375.185000;4376.655000;0
20260813 101900;4376.495000;4377.425000;4374.695000;4375.615000;0
20260813 102000;4375.485000;4376.145000;4372.625000;4375.865000;0
20260813 102100;4375.725000;4377.935000;4374.615000;4377.775000;0
20260813 102200;4377.935000;4377.935000;4373.015000;4373.015000;0
20260813 102300;4373.325000;4373.915000;4370.645000;4370.775000;0
20260813 102400;4370.775000;4374.735000;4370.565000;4374.275000;0
20260813 102500;4374.275000;4376.095000;4372.935000;4373.185000;0
20260813 102600;4373.115000;4376.215000;4373.115000;4374.315000;0
20260813 102700;4374.315000;4374.455000;4370.045000;4370.345000;0
20260813 102800;4370.255000;4372.195000;4369.885000;4372.175000;0
20260813 102900;4372.175000;4372.495000;4367.425000;4367.505000;0
20260813 103000;4367.655000;4368.255000;4352.755000;4363.085000;0
20260813 103100;4363.195000;4372.835000;4362.795000;4371.835000;0
20260813 103200;4371.945000;4372.825000;4370.265000;4371.315000;0
20260813 103300;4371.195000;4375.545000;4370.655000;4374.935000;0
20260813 103400;4374.805000;4376.155000;4372.875000;4374.525000;0
20260813 103500;4374.485000;4376.395000;4374.405000;4376.245000;0
20260813 103600;4376.115000;4376.905000;4374.395000;4376.015000;0
20260813 103700;4376.005000;4377.425000;4373.045000;4373.245000;0
20260813 103800;4373.305000;4374.885000;4371.805000;4374.025000;0
20260813 103900;4374.125000;4377.935000;4373.895000;4377.415000;0
20260813 104000;4377.545000;4378.565000;4376.415000;4378.435000;0
20260813 104100;4378.165000;4379.005000;4376.755000;4377.495000;0
20260813 104200;4377.525000;4379.105000;4376.725000;4378.165000;0
20260813 104300;4378.185000;4379.935000;4378.185000;4379.535000;0
20260813 104400;4379.525000;4381.565000;4379.525000;4380.955000;0
20260813 104500;4381.065000;4382.925000;4380.885000;4381.355000;0
20260813 104600;4381.245000;4383.285000;4381.035000;4382.405000;0
20260813 104700;4382.285000;4383.885000;4382.285000;4382.805000;0
20260813 104800;4382.945000;4387.005000;4382.945000;4384.795000;0
20260813 104900;4384.895000;4385.265000;4383.485000;4384.655000;0
20260813 105000;4384.505000;4385.525000;4382.315000;4382.555000;0
20260813 105100;4382.745000;4386.215000;4382.455000;4385.705000;0
20260813 105200;4385.615000;4386.285000;4384.555000;4385.975000;0
20260813 105300;4385.975000;4386.655000;4384.675000;4384.815000;0
20260813 105400;4384.775000;4384.775000;4383.035000;4383.845000;0
20260813 105500;4383.735000;4384.735000;4383.005000;4383.355000;0
20260813 105600;4383.395000;4385.155000;4383.395000;4384.625000;0
20260813 105700;4384.585000;4386.685000;4384.215000;4386.425000;0
20260813 105800;4386.375000;4386.685000;4384.525000;4384.565000;0
20260813 105900;4384.465000;4384.465000;4383.145000;4383.485000;0
20260813 110000;4383.685000;4385.505000;4382.905000;4383.345000;0
20260813 110100;4383.385000;4385.085000;4383.345000;4383.635000;0
20260813 110200;4383.785000;4383.965000;4381.715000;4381.815000;0
20260813 110300;4381.925000;4382.275000;4381.265000;4381.485000;0
20260813 110400;4381.735000;4381.735000;4377.775000;4377.825000;0
20260813 110500;4377.855000;4378.255000;4374.585000;4374.675000;0
20260813 110600;4374.795000;4375.535000;4373.695000;4374.775000;0
20260813 110700;4374.775000;4375.545000;4373.085000;4373.525000;0
20260813 110800;4373.425000;4373.795000;4371.555000;4372.415000;0
20260813 110900;4372.295000;4372.435000;4368.695000;4370.895000;0
20260813 111000;4370.895000;4371.715000;4369.755000;4369.755000;0
20260813 111100;4369.605000;4371.065000;4368.505000;4370.545000;0
20260813 111200;4370.505000;4370.505000;4368.325000;4368.405000;0
20260813 111300;4368.405000;4370.185000;4368.005000;4368.725000;0
20260813 111400;4368.695000;4370.365000;4368.385000;4369.475000;0
20260813 111500;4369.525000;4370.405000;4366.975000;4368.965000;0
20260813 111600;4368.855000;4368.965000;4367.255000;4367.395000;0
20260813 111700;4367.555000;4368.095000;4366.305000;4366.825000;0
20260813 111800;4366.745000;4366.745000;4363.315000;4364.315000;0
20260813 111900;4364.375000;4367.765000;4363.635000;4367.765000;0
20260813 112000;4367.765000;4368.555000;4366.485000;4367.435000;0
20260813 112100;4367.305000;4368.335000;4366.285000;4367.885000;0
20260813 112200;4367.885000;4369.895000;4367.605000;4369.635000;0
20260813 112300;4369.725000;4370.255000;4367.465000;4369.175000;0
20260813 112400;4369.285000;4372.055000;4368.785000;4371.185000;0
20260813 112500;4371.195000;4371.965000;4369.465000;4369.485000;0
20260813 112600;4369.565000;4372.315000;4369.265000;4372.245000;0
20260813 112700;4372.125000;4373.785000;4369.335000;4369.925000;0
20260813 112800;4369.705000;4369.705000;4369.705000;4369.705000;0
20260813 112700;4369.725000;4369.725000;4369.725000;4369.725000;0
20260813 112800;4370.055000;4370.925000;4365.355000;4365.715000;0
20260813 112900;4365.715000;4366.275000;4363.425000;4365.095000;0
20260813 113000;4365.055000;4365.235000;4359.265000;4361.775000;0
20260813 113100;4361.875000;4363.725000;4361.595000;4363.455000;0
20260813 113200;4363.465000;4364.515000;4360.095000;4360.375000;0
20260813 113300;4360.375000;4360.745000;4357.465000;4358.275000;0
20260813 113400;4358.425000;4360.955000;4356.995000;4360.345000;0
20260813 113500;4360.455000;4363.165000;4360.135000;4362.445000;0
20260813 113600;4362.495000;4366.665000;4362.435000;4366.015000;0
20260813 113700;4365.975000;4366.415000;4364.655000;4365.265000;0
20260813 113800;4365.295000;4368.865000;4365.295000;4368.755000;0
20260813 113900;4368.705000;4371.315000;4368.535000;4368.865000;0
20260813 114000;4368.865000;4369.615000;4367.855000;4369.495000;0
20260813 114100;4369.545000;4371.305000;4369.495000;4370.415000;0
20260813 114200;4370.155000;4371.245000;4368.605000;4369.075000;0
20260813 114300;4369.135000;4370.505000;4368.455000;4370.015000;0
20260813 114400;4370.105000;4370.355000;4367.985000;4368.145000;0
20260813 114500;4368.225000;4369.255000;4368.055000;4368.915000;0
20260813 114600;4369.015000;4369.855000;4368.385000;4369.625000;0
20260813 114700;4369.615000;4370.675000;4369.275000;4370.455000;0
20260813 114800;4370.535000;4370.545000;4368.565000;4368.625000;0
20260813 114900;4368.655000;4369.135000;4367.955000;4369.005000;0
20260813 115000;4368.985000;4369.985000;4367.535000;4369.145000;0
20260813 115100;4369.165000;4369.205000;4367.405000;4368.155000;0
20260813 115200;4368.195000;4368.295000;4365.695000;4366.485000;0
20260813 115300;4366.575000;4366.735000;4365.365000;4365.715000;0
20260813 115400;4365.725000;4366.285000;4365.505000;4365.675000;0
20260813 115500;4365.735000;4366.345000;4365.135000;4365.965000;0
20260813 115600;4365.845000;4367.755000;4365.685000;4367.685000;0
20260813 115700;4367.725000;4367.945000;4365.005000;4365.115000;0
20260813 115800;4365.135000;4365.135000;4363.345000;4363.655000;0
20260813 115900;4363.835000;4364.955000;4363.105000;4364.825000;0
20260813 120000;4364.895000;4367.215000;4364.675000;4366.665000;0
20260813 120100;4366.765000;4366.925000;4363.855000;4364.845000;0
20260813 120200;4364.845000;4365.755000;4364.455000;4365.555000;0
20260813 120300;4365.565000;4365.805000;4365.105000;4365.415000;0
20260813 120400;4365.405000;4365.405000;4362.555000;4363.235000;0
20260813 120500;4363.215000;4363.245000;4360.645000;4362.055000;0
20260813 120600;4362.025000;4363.285000;4361.775000;4361.825000;0
20260813 120700;4361.895000;4363.185000;4361.485000;4361.485000;0
20260813 120800;4361.525000;4361.695000;4360.455000;4360.695000;0
20260813 120900;4360.705000;4360.705000;4358.225000;4358.525000;0
20260813 121000;4358.325000;4358.325000;4355.445000;4356.795000;0
20260813 121100;4356.835000;4360.035000;4356.835000;4358.855000;0
20260813 121200;4358.915000;4358.925000;4356.365000;4356.825000;0
20260813 121300;4356.705000;4356.895000;4355.135000;4356.025000;0
20260813 121400;4355.865000;4356.045000;4353.705000;4354.825000;0
20260813 121500;4354.885000;4355.345000;4353.195000;4353.325000;0
20260813 121600;4353.335000;4354.625000;4352.955000;4353.855000;0
20260813 121700;4353.935000;4354.295000;4350.925000;4352.925000;0
20260813 121800;4352.925000;4352.965000;4351.245000;4351.835000;0
20260813 121900;4351.835000;4353.505000;4351.125000;4351.155000;0
20260813 122000;4351.185000;4355.585000;4350.925000;4355.425000;0
20260813 122100;4355.425000;4356.925000;4355.215000;4356.155000;0
20260813 122200;4356.325000;4356.595000;4353.745000;4355.155000;0
20260813 122300;4355.155000;4355.895000;4353.995000;4354.595000;0
20260813 122400;4354.735000;4358.205000;4354.555000;4357.975000;0
20260813 122500;4357.775000;4360.235000;4357.775000;4358.805000;0
20260813 122600;4358.915000;4358.915000;4356.875000;4356.875000;0
20260813 122700;4356.995000;4358.245000;4356.545000;4356.545000;0
20260813 122800;4356.545000;4358.995000;4356.545000;4358.275000;0
20260813 122900;4358.375000;4362.695000;4357.795000;4362.365000;0
20260813 123000;4362.395000;4366.165000;4362.365000;4365.085000;0
20260813 123100;4365.135000;4365.355000;4362.505000;4362.515000;0
20260813 123200;4362.545000;4365.015000;4362.545000;4364.695000;0
20260813 123300;4364.625000;4365.635000;4364.025000;4365.405000;0
20260813 123400;4365.425000;4366.355000;4365.025000;4366.355000;0
20260813 123500;4366.375000;4366.465000;4365.255000;4365.295000;0
20260813 123600;4365.395000;4365.825000;4364.675000;4365.405000;0
20260813 123700;4365.445000;4365.545000;4363.345000;4363.445000;0
20260813 123800;4363.405000;4364.555000;4363.405000;4364.375000;0
20260813 123900;4364.225000;4364.405000;4362.735000;4363.605000;0
20260813 124000;4363.605000;4364.345000;4363.415000;4363.675000;0
20260813 124100;4363.565000;4364.445000;4363.055000;4363.595000;0
20260813 124200;4363.665000;4364.545000;4363.315000;4364.145000;0
20260813 124300;4364.365000;4365.195000;4364.365000;4365.035000;0
20260813 124400;4364.945000;4366.975000;4364.745000;4365.465000;0
20260813 124500;4365.475000;4367.255000;4365.475000;4366.615000;0
20260813 124600;4366.565000;4367.245000;4365.915000;4367.085000;0
20260813 124700;4367.055000;4367.315000;4366.295000;4366.545000;0
20260813 124800;4366.665000;4366.845000;4365.735000;4366.475000;0
20260813 124900;4366.525000;4366.535000;4365.515000;4365.835000;0
20260813 125000;4365.845000;4366.465000;4365.105000;4365.645000;0
20260813 125100;4365.645000;4365.915000;4364.975000;4365.705000;0
20260813 125200;4365.675000;4365.825000;4364.215000;4364.215000;0
20260813 125300;4364.685000;4364.685000;4363.855000;4364.495000;0
20260813 125400;4364.545000;4365.535000;4364.225000;4365.085000;0
20260813 125500;4365.105000;4366.835000;4365.045000;4366.575000;0
20260813 125600;4366.475000;4367.045000;4366.245000;4367.005000;0
20260813 125700;4367.045000;4368.305000;4366.605000;4366.755000;0
20260813 125800;4366.685000;4367.035000;4365.975000;4366.395000;0
20260813 125900;4366.385000;4366.835000;4366.085000;4366.755000;0
20260813 130000;4366.855000;4369.175000;4366.855000;4367.815000;0
20260813 130100;4367.805000;4368.795000;4367.625000;4367.655000;0
20260813 130200;4367.815000;4368.235000;4366.595000;4366.635000;0
20260813 130300;4366.465000;4366.915000;4365.435000;4365.815000;0
20260813 130400;4365.935000;4366.435000;4364.785000;4365.975000;0
20260813 130500;4365.965000;4367.385000;4365.965000;4367.165000;0
20260813 130600;4367.145000;4370.385000;4367.125000;4369.875000;0
20260813 130700;4369.875000;4371.555000;4369.655000;4370.935000;0
20260813 130800;4370.975000;4372.435000;4370.725000;4370.765000;0
20260813 130900;4370.815000;4371.815000;4370.435000;4371.775000;0
20260813 131000;4371.815000;4372.795000;4371.165000;4372.395000;0
20260813 131100;4372.405000;4372.815000;4372.235000;4372.435000;0
20260813 131200;4372.465000;4373.145000;4372.205000;4373.045000;0
20260813 131300;4373.045000;4373.135000;4372.305000;4372.375000;0
20260813 131400;4372.475000;4372.665000;4370.785000;4371.235000;0
20260813 131500;4371.305000;4371.655000;4369.805000;4370.025000;0
20260813 131600;4370.245000;4370.245000;4368.725000;4369.235000;0
20260813 131700;4369.275000;4369.345000;4366.165000;4366.295000;0
20260813 131800;4366.415000;4367.655000;4365.875000;4367.595000;0
20260813 131900;4367.635000;4368.195000;4366.965000;4367.275000;0
20260813 132000;4367.325000;4367.675000;4366.765000;4367.335000;0
20260813 132100;4367.375000;4369.035000;4367.185000;4368.625000;0
20260813 132200;4368.635000;4368.635000;4367.505000;4368.335000;0
20260813 132300;4368.415000;4368.525000;4367.165000;4367.475000;0
20260813 132400;4367.475000;4369.065000;4366.805000;4367.755000;0
20260813 132500;4367.735000;4368.865000;4366.985000;4367.625000;0
20260813 132600;4367.725000;4368.055000;4366.885000;4367.435000;0
20260813 132700;4367.545000;4367.715000;4366.845000;4367.205000;0
20260813 132800;4367.235000;4367.305000;4364.565000;4364.975000;0
20260813 132900;4364.685000;4364.865000;4362.095000;4362.865000;0
20260813 133000;4362.685000;4364.085000;4362.685000;4363.375000;0
20260813 133100;4363.415000;4363.765000;4362.005000;4362.075000;0
20260813 133200;4362.075000;4362.735000;4360.735000;4362.075000;0
20260813 133300;4362.075000;4362.455000;4359.785000;4359.845000;0
20260813 133400;4359.985000;4361.325000;4359.735000;4360.865000;0
20260813 133500;4360.945000;4361.375000;4359.625000;4360.865000;0
20260813 133600;4360.845000;4361.585000;4360.365000;4361.565000;0
20260813 133700;4361.525000;4361.635000;4360.365000;4360.705000;0
20260813 133800;4360.715000;4362.135000;4360.265000;4361.525000;0
20260813 133900;4361.525000;4361.535000;4360.875000;4361.245000;0
20260813 134000;4361.225000;4362.015000;4360.665000;4361.235000;0
20260813 134100;4360.965000;4361.615000;4359.635000;4360.005000;0
20260813 134200;4360.065000;4360.505000;4358.885000;4358.985000;0
20260813 134300;4358.985000;4358.985000;4356.615000;4356.765000;0
20260813 134400;4356.695000;4357.715000;4355.415000;4356.995000;0
20260813 134500;4356.985000;4359.215000;4356.985000;4358.885000;0
20260813 134600;4358.875000;4359.605000;4358.675000;4359.305000;0
20260813 134700;4359.355000;4359.475000;4358.105000;4358.165000;0
20260813 134800;4358.165000;4358.925000;4357.835000;4358.475000;0
20260813 134900;4358.505000;4359.505000;4358.285000;4358.985000;0
20260813 135000;4359.005000;4359.805000;4358.635000;4359.805000;0
20260813 135100;4359.725000;4359.725000;4358.065000;4359.115000;0
20260813 135200;4359.115000;4359.315000;4358.525000;4358.525000;0
20260813 135300;4358.455000;4358.465000;4357.055000;4357.585000;0
20260813 135400;4357.585000;4358.265000;4357.285000;4357.565000;0
20260813 135500;4357.435000;4358.085000;4357.175000;4357.215000;0
20260813 135600;4357.275000;4357.595000;4355.865000;4356.355000;0
20260813 135700;4356.355000;4356.765000;4355.975000;4356.135000;0
20260813 135800;4356.125000;4356.615000;4355.915000;4355.945000;0
20260813 135900;4356.015000;4356.175000;4355.425000;4355.695000;0
20260813 140000;4355.725000;4357.455000;4355.605000;4357.195000;0
20260813 140100;4357.165000;4359.575000;4356.865000;4359.055000;0
20260813 140200;4358.995000;4359.845000;4358.195000;4358.485000;0
20260813 140300;4358.465000;4359.705000;4358.315000;4358.345000;0
20260813 140400;4358.335000;4358.425000;4356.635000;4358.325000;0
20260813 140500;4358.255000;4358.695000;4357.765000;4358.595000;0
20260813 140600;4358.465000;4358.545000;4357.015000;4357.735000;0
20260813 140700;4357.745000;4359.165000;4357.725000;4358.305000;0
20260813 140800;4358.285000;4358.805000;4357.955000;4358.265000;0
20260813 140900;4358.265000;4359.755000;4358.165000;4359.215000;0
20260813 141000;4359.215000;4359.215000;4358.135000;4358.225000;0
20260813 141100;4358.225000;4359.455000;4357.805000;4359.365000;0
20260813 141200;4359.325000;4361.955000;4359.325000;4361.175000;0
20260813 141300;4361.175000;4362.425000;4361.055000;4362.065000;0
20260813 141400;4362.005000;4362.275000;4361.215000;4361.745000;0
20260813 141500;4361.755000;4362.195000;4361.065000;4361.675000;0
20260813 141600;4361.675000;4361.925000;4360.905000;4360.975000;0
20260813 141700;4360.965000;4362.035000;4360.565000;4361.885000;0
20260813 141800;4361.925000;4363.365000;4361.495000;4363.155000;0
20260813 141900;4363.265000;4363.365000;4362.585000;4362.955000;0
20260813 142000;4362.845000;4363.085000;4361.815000;4361.955000;0
20260813 142100;4361.955000;4362.465000;4360.295000;4360.295000;0
20260813 142200;4360.305000;4361.055000;4360.215000;4360.655000;0
20260813 142300;4360.765000;4360.765000;4359.555000;4359.835000;0
20260813 142400;4359.765000;4359.905000;4355.895000;4356.925000;0
20260813 142500;4356.875000;4356.935000;4354.595000;4354.735000;0
20260813 142600;4354.625000;4355.695000;4354.475000;4355.565000;0
20260813 142700;4355.535000;4357.055000;4355.225000;4356.975000;0
20260813 142800;4357.065000;4357.965000;4356.665000;4357.735000;0
20260813 142900;4357.755000;4357.965000;4356.885000;4357.315000;0
20260813 143000;4357.315000;4359.185000;4356.595000;4357.425000;0
20260813 143100;4357.455000;4358.685000;4357.455000;4357.895000;0
20260813 143200;4357.915000;4358.095000;4356.405000;4356.795000;0
20260813 143300;4356.805000;4357.205000;4356.175000;4356.295000;0
20260813 143400;4356.385000;4358.365000;4356.095000;4358.235000;0
20260813 143500;4358.295000;4358.385000;4357.435000;4358.115000;0
20260813 143600;4358.115000;4359.295000;4358.035000;4358.695000;0
20260813 143700;4358.775000;4359.765000;4358.505000;4358.855000;0
20260813 143800;4358.905000;4359.505000;4358.745000;4359.455000;0
20260813 143900;4359.455000;4359.695000;4358.845000;4359.255000;0
20260813 144000;4359.165000;4360.205000;4358.855000;4359.145000;0
20260813 144100;4359.095000;4359.345000;4357.625000;4357.955000;0
20260813 144200;4357.955000;4358.335000;4357.385000;4358.155000;0
20260813 144300;4358.095000;4358.315000;4357.275000;4357.285000;0
20260813 144400;4357.405000;4358.135000;4357.105000;4357.645000;0
20260813 144500;4357.705000;4358.135000;4357.005000;4357.355000;0
20260813 144600;4357.485000;4358.085000;4357.485000;4357.985000;0
20260813 144700;4357.985000;4358.115000;4357.035000;4357.455000;0
20260813 144800;4357.455000;4357.455000;4356.365000;4356.515000;0
20260813 144900;4356.675000;4357.045000;4356.285000;4357.025000;0
20260813 145000;4357.165000;4357.495000;4355.425000;4355.425000;0
20260813 145100;4355.415000;4355.835000;4354.825000;4354.985000;0
20260813 145200;4354.985000;4355.675000;4354.395000;4355.605000;0
20260813 145300;4355.575000;4356.035000;4354.745000;4355.415000;0
20260813 145400;4355.435000;4356.725000;4355.435000;4356.575000;0
20260813 145500;4356.805000;4357.535000;4356.535000;4356.805000;0
20260813 145600;4356.715000;4357.125000;4356.385000;4356.975000;0
20260813 145700;4357.075000;4357.305000;4356.525000;4356.825000;0
20260813 145800;4356.825000;4357.365000;4356.815000;4356.965000;0
20260813 145900;4357.025000;4357.135000;4356.305000;4356.715000;0
20260813 150000;4356.835000;4357.225000;4356.235000;4357.205000;0
20260813 150100;4357.225000;4357.775000;4356.445000;4356.505000;0
20260813 150200;4356.525000;4357.745000;4355.795000;4357.465000;0
20260813 150300;4357.555000;4358.775000;4357.475000;4358.295000;0
20260813 150400;4358.315000;4358.315000;4357.785000;4357.915000;0
20260813 150500;4357.945000;4358.055000;4357.515000;4357.675000;0
20260813 150600;4357.475000;4357.955000;4356.975000;4357.065000;0
20260813 150700;4357.075000;4357.285000;4355.015000;4355.275000;0
20260813 150800;4355.285000;4355.285000;4352.985000;4353.465000;0
20260813 150900;4353.465000;4353.815000;4352.825000;4353.285000;0
20260813 151000;4353.255000;4353.545000;4352.725000;4352.855000;0
20260813 151100;4352.855000;4352.855000;4351.995000;4352.455000;0
20260813 151200;4352.495000;4353.255000;4352.415000;4352.535000;0
20260813 151300;4352.495000;4352.745000;4347.665000;4348.745000;0
20260813 151400;4348.235000;4348.405000;4346.115000;4346.625000;0
20260813 151500;4346.625000;4348.005000;4343.365000;4347.875000;0
20260813 151600;4347.855000;4348.145000;4345.725000;4347.455000;0
20260813 151700;4347.465000;4348.335000;4346.605000;4347.705000;0
20260813 151800;4347.745000;4347.935000;4346.075000;4347.925000;0
20260813 151900;4347.905000;4348.045000;4345.645000;4347.515000;0
20260813 152000;4347.555000;4348.485000;4347.185000;4347.315000;0
20260813 152100;4347.395000;4347.695000;4346.155000;4346.435000;0
20260813 152200;4346.495000;4348.685000;4346.475000;4348.065000;0
20260813 152300;4348.035000;4349.035000;4348.035000;4348.895000;0
20260813 152400;4348.625000;4348.985000;4347.995000;4348.125000;0
20260813 152500;4348.285000;4348.825000;4348.005000;4348.415000;0
20260813 152600;4348.545000;4350.825000;4348.285000;4349.565000;0
20260813 152700;4349.545000;4351.015000;4349.245000;4350.225000;0
20260813 152800;4350.295000;4350.855000;4350.005000;4350.795000;0
20260813 152900;4350.785000;4351.285000;4350.495000;4351.085000;0
20260813 153000;4351.095000;4351.655000;4350.665000;4351.185000;0
20260813 153100;4351.185000;4351.245000;4349.715000;4349.715000;0
20260813 153200;4349.735000;4350.385000;4349.505000;4349.755000;0
20260813 153300;4349.795000;4351.835000;4349.795000;4351.605000;0
20260813 153400;4351.535000;4351.805000;4350.165000;4350.715000;0
20260813 153500;4350.715000;4351.345000;4350.425000;4350.805000;0
20260813 153600;4350.765000;4351.455000;4350.525000;4351.235000;0
20260813 153700;4351.075000;4351.235000;4350.525000;4351.065000;0
20260813 153800;4351.165000;4353.645000;4351.095000;4353.415000;0
20260813 153900;4353.595000;4354.075000;4352.255000;4352.955000;0
20260813 154000;4352.905000;4353.125000;4351.985000;4353.105000;0
20260813 154100;4353.105000;4353.105000;4351.395000;4351.895000;0
20260813 154200;4352.025000;4352.295000;4351.385000;4351.485000;0
20260813 154300;4351.685000;4352.995000;4351.445000;4352.505000;0
20260813 154400;4352.615000;4352.615000;4350.565000;4351.145000;0
20260813 154500;4351.265000;4351.265000;4349.385000;4349.614000;0
20260813 154600;4349.464000;4349.584000;4347.675000;4348.785000;0
20260813 154700;4348.815000;4348.865000;4347.935000;4347.935000;0
20260813 154800;4348.065000;4348.815000;4347.335000;4348.175000;0
20260813 154900;4348.135000;4349.385000;4348.135000;4348.995000;0
20260813 155000;4348.955000;4349.955000;4348.435000;4348.825000;0
20260813 155100;4348.845000;4349.425000;4348.735000;4349.185000;0
20260813 155200;4349.195000;4350.275000;4349.195000;4349.855000;0
20260813 155300;4349.845000;4349.885000;4348.765000;4349.485000;0
20260813 155400;4349.485000;4350.615000;4349.195000;4350.115000;0
20260813 155500;4350.185000;4350.375000;4348.095000;4348.965000;0
20260813 155600;4349.055000;4349.955000;4348.675000;4348.675000;0
20260813 155700;4348.615000;4349.145000;4347.965000;4348.825000;0
20260813 155800;4348.885000;4349.655000;4347.795000;4349.185000;0
20260813 155900;4349.185000;4350.485000;4349.185000;4349.925000;0
20260813 160000;4349.835000;4349.835000;4349.835000;4349.835000;0
20260813 155900;4349.925000;4349.925000;4349.925000;4349.925000;0
20260813 160000;4349.915000;4350.455000;4349.345000;4350.005000;0
20260813 160100;4349.155000;4349.435000;4346.785000;4347.105000;0
20260813 160200;4347.025000;4347.715000;4346.715000;4347.435000;0
20260813 160300;4347.435000;4347.875000;4346.955000;4347.335000;0
20260813 160400;4347.355000;4347.985000;4346.785000;4347.855000;0
20260813 160500;4347.815000;4348.555000;4347.815000;4348.485000;0
20260813 160600;4348.495000;4348.915000;4348.425000;4348.695000;0
20260813 160700;4348.695000;4348.695000;4347.665000;4347.845000;0
20260813 160800;4347.725000;4349.565000;4347.725000;4349.305000;0
20260813 160900;4349.305000;4349.985000;4348.985000;4349.815000;0
20260813 161000;4349.495000;4349.915000;4349.425000;4349.735000;0
20260813 161100;4349.845000;4350.185000;4349.195000;4349.805000;0
20260813 161200;4349.715000;4349.715000;4349.455000;4349.525000;0
20260813 161300;4349.235000;4349.725000;4349.145000;4349.725000;0
20260813 161400;4349.725000;4350.175000;4349.555000;4350.125000;0
20260813 161500;4350.105000;4350.235000;4349.775000;4350.015000;0
20260813 161600;4350.015000;4351.095000;4350.015000;4350.545000;0
20260813 161700;4350.595000;4350.895000;4350.475000;4350.485000;0
20260813 161800;4350.535000;4350.595000;4349.995000;4350.095000;0
20260813 161900;4350.195000;4350.385000;4350.065000;4350.165000;0
20260813 162000;4350.055000;4350.225000;4349.845000;4349.995000;0
20260813 162100;4350.005000;4350.245000;4349.675000;4349.805000;0
20260813 162200;4349.945000;4350.045000;4349.535000;4349.535000;0
20260813 162300;4349.635000;4349.655000;4349.015000;4349.285000;0
20260813 162400;4349.445000;4349.535000;4349.155000;4349.275000;0
20260813 162500;4349.385000;4350.445000;4349.155000;4350.285000;0
20260813 162600;4350.385000;4351.635000;4350.225000;4351.535000;0
20260813 162700;4351.425000;4351.865000;4351.135000;4351.685000;0
20260813 162800;4351.455000;4351.975000;4351.455000;4351.755000;0
20260813 162900;4351.865000;4351.905000;4351.025000;4351.345000;0
20260813 163000;4351.225000;4351.645000;4350.305000;4350.455000;0
20260813 163100;4350.125000;4350.245000;4349.075000;4349.395000;0
20260813 163200;4349.285000;4349.455000;4348.675000;4348.745000;0
20260813 163300;4348.855000;4349.105000;4347.755000;4347.955000;0
20260813 163400;4348.075000;4348.845000;4347.975000;4348.645000;0
20260813 163500;4348.755000;4349.205000;4348.635000;4348.955000;0
20260813 163600;4349.075000;4349.245000;4348.755000;4349.245000;0
20260813 163700;4349.365000;4349.635000;4348.975000;4349.405000;0
20260813 163800;4349.335000;4349.575000;4348.125000;4348.605000;0
20260813 163900;4348.825000;4349.285000;4348.685000;4349.175000;0
20260813 164000;4349.035000;4349.035000;4348.105000;4348.255000;0
20260813 164100;4348.305000;4348.875000;4347.845000;4348.745000;0
20260813 164200;4348.855000;4349.905000;4348.855000;4349.755000;0
20260813 164300;4349.745000;4350.335000;4349.445000;4349.445000;0
20260813 164400;4349.245000;4349.595000;4348.855000;4349.305000;0
20260813 164500;4349.075000;4350.005000;4348.925000;4349.655000;0
20260813 164600;4349.535000;4349.535000;4348.915000;4348.925000;0
20260813 164700;4349.025000;4349.685000;4348.835000;4349.685000;0
20260813 164800;4349.575000;4349.815000;4349.215000;4349.815000;0
20260813 164900;4349.695000;4349.895000;4349.555000;4349.555000;0
20260813 165000;4349.685000;4350.405000;4349.465000;4349.585000;0
20260813 165100;4349.445000;4349.715000;4349.165000;4349.285000;0
20260813 165200;4349.385000;4349.505000;4348.365000;4348.605000;0
20260813 165300;4348.705000;4348.825000;4348.585000;4348.675000;0
20260813 165400;4348.575000;4348.865000;4348.235000;4348.525000;0
20260813 165500;4348.675000;4348.935000;4348.375000;4348.815000;0
20260813 165600;4349.025000;4350.095000;4349.005000;4349.395000;0
20260813 165700;4349.405000;4350.245000;4349.275000;4350.175000;0
20260813 165800;4350.145000;4350.785000;4350.065000;4350.785000;0
20260813 165900;4350.685000;4351.075000;4347.495000;4349.255000;0
20260813 180000;4351.215000;4354.095000;4350.145000;4353.125000;0
20260813 180100;4353.015000;4354.075000;4352.255000;4353.965000;0
20260813 180200;4353.695000;4353.695000;4351.515000;4352.035000;0
20260813 180300;4351.935000;4353.015000;4351.935000;4352.905000;0
20260813 180400;4353.085000;4353.085000;4352.145000;4352.705000;0
20260813 180500;4352.605000;4353.685000;4352.525000;4353.675000;0
20260813 180600;4353.645000;4356.305000;4353.145000;4356.305000;0
20260813 180700;4356.205000;4356.415000;4355.465000;4355.925000;0
20260813 180800;4355.795000;4356.265000;4355.325000;4356.235000;0
20260813 180900;4356.295000;4356.695000;4355.925000;4356.505000;0
20260813 181000;4356.645000;4356.645000;4355.935000;4356.025000;0
20260813 181100;4356.155000;4356.205000;4355.175000;4355.515000;0
20260813 181200;4355.615000;4355.875000;4354.955000;4355.295000;0
20260813 181300;4355.145000;4355.345000;4354.625000;4355.175000;0
20260813 181400;4355.305000;4355.515000;4353.455000;4353.685000;0
20260813 181500;4353.935000;4354.095000;4353.325000;4353.825000;0
20260813 181600;4353.715000;4354.195000;4353.225000;4353.515000;0
20260813 181700;4353.765000;4353.795000;4352.575000;4352.575000;0
20260813 181800;4352.715000;4353.115000;4352.385000;4352.845000;0
20260813 181900;4352.735000;4353.695000;4352.685000;4353.075000;0
20260813 182000;4352.915000;4354.705000;4352.835000;4354.265000;0
20260813 182100;4354.125000;4354.495000;4353.135000;4354.345000;0
20260813 182200;4354.235000;4355.715000;4354.055000;4354.895000;0
20260813 182300;4354.575000;4355.965000;4354.305000;4355.895000;0
20260813 182400;4355.785000;4356.395000;4355.195000;4356.395000;0
20260813 182500;4356.525000;4356.845000;4355.915000;4356.495000;0
20260813 182600;4356.755000;4356.765000;4355.855000;4356.595000;0
20260813 182700;4356.745000;4357.145000;4356.315000;4356.835000;0
20260813 182800;4356.965000;4357.855000;4356.695000;4357.565000;0
20260813 182900;4357.695000;4357.745000;4356.565000;4356.895000;0
20260813 183000;4356.855000;4356.975000;4356.345000;4356.695000;0
20260813 183100;4356.395000;4357.455000;4356.395000;4356.535000;0
20260813 183200;4356.435000;4357.365000;4356.055000;4356.695000;0
20260813 183300;4355.855000;4357.615000;4355.355000;4357.205000;0
20260813 183400;4357.325000;4357.805000;4356.935000;4357.255000;0
20260813 183500;4357.065000;4360.175000;4357.015000;4359.395000;0
20260813 183600;4358.885000;4359.435000;4358.735000;4359.095000;0
20260813 183700;4359.225000;4360.355000;4359.005000;4359.905000;0
20260813 183800;4359.675000;4360.655000;4359.465000;4360.155000;0
20260813 183900;4360.045000;4362.265000;4360.045000;4361.475000;0
20260813 184000;4361.645000;4362.575000;4360.335000;4361.315000;0
20260813 184100;4361.165000;4361.355000;4360.405000;4360.985000;0
20260813 184200;4360.835000;4361.705000;4360.785000;4360.785000;0
20260813 184300;4360.535000;4361.125000;4359.545000;4360.075000;0
20260813 184400;4360.195000;4360.585000;4359.185000;4360.005000;0
20260813 184500;4360.115000;4360.275000;4357.965000;4358.675000;0
20260813 184600;4358.655000;4360.535000;4358.275000;4360.385000;0
20260813 184700;4360.255000;4360.595000;4358.515000;4358.875000;0
20260813 184800;4359.085000;4359.395000;4356.425000;4356.925000;0
20260813 184900;4356.725000;4356.725000;4354.275000;4354.865000;0
20260813 185000;4355.475000;4356.805000;4355.225000;4356.175000;0
20260813 185100;4355.735000;4356.725000;4353.765000;4354.385000;0
20260813 185200;4354.495000;4356.065000;4354.155000;4354.355000;0
20260813 185300;4354.455000;4355.595000;4354.305000;4354.935000;0
20260813 185400;4355.645000;4357.325000;4355.645000;4355.875000;0
20260813 185500;4356.005000;4356.175000;4354.965000;4355.565000;0
20260813 185600;4355.725000;4356.155000;4354.465000;4354.595000;0
20260813 185700;4354.885000;4355.495000;4354.555000;4354.715000;0
20260813 185800;4354.055000;4354.055000;4352.105000;4353.725000;0
20260813 185900;4353.805000;4353.835000;4352.335000;4353.645000;0
20260813 190000;4354.065000;4354.155000;4352.645000;4353.195000;0
20260813 190100;4353.475000;4353.675000;4351.985000;4352.285000;0
20260813 190200;4352.285000;4352.385000;4351.285000;4351.965000;0
20260813 190300;4352.035000;4352.105000;4349.675000;4349.985000;0
20260813 190400;4350.085000;4350.165000;4348.065000;4348.375000;0
20260813 190500;4348.305000;4350.495000;4348.305000;4349.935000;0
20260813 190600;4349.855000;4352.675000;4349.855000;4352.095000;0
20260813 190700;4352.185000;4352.185000;4350.585000;4350.905000;0
20260813 190800;4350.745000;4353.735000;4350.325000;4353.735000;0
20260813 190900;4353.955000;4358.595000;4353.895000;4358.255000;0
20260813 191000;4358.325000;4359.235000;4356.405000;4356.405000;0
20260813 191100;4356.525000;4357.415000;4356.375000;4357.415000;0
20260813 191200;4357.315000;4358.425000;4354.635000;4355.015000;0
20260813 191300;4354.675000;4357.165000;4354.215000;4357.165000;0
20260813 191400;4357.435000;4360.325000;4357.435000;4360.325000;0
20260813 191500;4360.215000;4360.315000;4358.275000;4359.435000;0
20260813 191600;4359.285000;4360.475000;4359.125000;4359.975000;0
20260813 191700;4359.735000;4360.865000;4359.475000;4360.295000;0
20260813 191800;4360.465000;4360.905000;4357.795000;4357.945000;0
20260813 191900;4358.065000;4358.655000;4356.695000;4357.965000;0
20260813 192000;4357.805000;4358.365000;4356.605000;4357.635000;0
20260813 192100;4357.795000;4359.735000;4357.375000;4359.735000;0
20260813 192200;4359.605000;4359.605000;4358.095000;4358.095000;0
20260813 192300;4358.205000;4359.865000;4357.915000;4358.995000;0
20260813 192400;4359.015000;4360.715000;4358.495000;4359.835000;0
20260813 192500;4360.025000;4361.865000;4360.025000;4361.765000;0
20260813 192600;4361.595000;4361.955000;4360.875000;4361.685000;0
20260813 192700;4361.545000;4361.915000;4359.425000;4360.225000;0
20260813 192800;4360.645000;4362.825000;4360.645000;4362.295000;0
20260813 192900;4362.595000;4362.775000;4360.835000;4362.715000;0
20260813 193000;4363.155000;4363.155000;4362.225000;4362.535000;0
20260813 193100;4362.515000;4363.105000;4362.345000;4362.975000;0
20260813 193200;4362.865000;4362.985000;4361.095000;4361.215000;0
20260813 193300;4361.335000;4361.885000;4360.225000;4360.225000;0
20260813 193400;4361.235000;4361.305000;4360.505000;4361.065000;0
20260813 193500;4360.965000;4361.265000;4360.685000;4360.685000;0
20260813 193600;4360.815000;4361.045000;4360.095000;4360.855000;0
20260813 193700;4360.955000;4361.045000;4360.425000;4360.575000;0
20260813 193800;4360.625000;4360.875000;4359.705000;4360.105000;0
20260813 193900;4360.575000;4361.485000;4359.975000;4361.345000;0
20260813 194000;4361.455000;4362.155000;4360.375000;4360.585000;0
20260813 194100;4360.685000;4361.045000;4358.175000;4358.665000;0
20260813 194200;4358.565000;4359.195000;4358.445000;4358.645000;0
20260813 194300;4358.545000;4360.005000;4358.415000;4359.645000;0
20260813 194400;4359.745000;4360.325000;4359.255000;4359.825000;0
20260813 194500;4360.055000;4361.345000;4358.975000;4361.225000;0
20260813 194600;4361.255000;4362.525000;4360.725000;4362.075000;0
20260813 194700;4362.255000;4364.005000;4362.245000;4363.795000;0
20260813 194800;4363.645000;4363.655000;4361.185000;4361.585000;0
20260813 194900;4361.905000;4361.985000;4361.165000;4361.275000;0
20260813 195000;4361.485000;4361.485000;4359.475000;4359.735000;0
20260813 195100;4359.895000;4360.535000;4359.605000;4359.715000;0
20260813 195200;4359.605000;4360.095000;4358.895000;4359.855000;0
20260813 195300;4359.985000;4359.985000;4357.865000;4357.975000;0
20260813 195400;4358.105000;4358.285000;4356.915000;4357.425000;0
20260813 195500;4357.535000;4359.005000;4357.295000;4358.255000;0
20260813 195600;4358.445000;4358.995000;4357.655000;4358.765000;0
20260813 195700;4358.645000;4358.885000;4358.285000;4358.595000;0
20260813 195800;4358.455000;4358.985000;4357.135000;4357.235000;0
20260813 195900;4357.375000;4357.525000;4356.035000;4356.035000;0
20260813 200000;4355.855000;4357.625000;4355.115000;4356.725000;0
20260813 200100;4356.625000;4357.845000;4355.675000;4357.695000;0
20260813 200200;4357.425000;4361.785000;4357.425000;4360.805000;0
20260813 200300;4360.595000;4361.435000;4358.835000;4359.725000;0
20260813 200400;4359.575000;4359.965000;4358.895000;4359.515000;0
20260813 200500;4359.635000;4360.185000;4356.255000;4356.485000;0
20260813 200600;4356.345000;4356.635000;4354.495000;4354.735000;0
20260813 200700;4354.945000;4356.235000;4353.495000;4353.985000;0
20260813 200800;4353.875000;4355.685000;4353.595000;4355.685000;0
20260813 200900;4355.565000;4357.445000;4355.065000;4357.435000;0
20260813 201000;4357.335000;4357.655000;4354.565000;4354.565000;0
20260813 201100;4354.575000;4354.705000;4353.385000;4354.045000;0
20260813 201200;4353.665000;4354.545000;4350.045000;4350.665000;0
20260813 201300;4350.525000;4352.425000;4350.235000;4351.235000;0
20260813 201400;4351.555000;4353.365000;4350.175000;4351.825000;0
20260813 201500;4351.895000;4351.895000;4348.835000;4351.585000;0
20260813 201600;4351.435000;4351.775000;4348.805000;4348.885000;0
20260813 201700;4349.095000;4349.715000;4347.675000;4348.745000;0
20260813 201800;4348.875000;4350.165000;4348.265000;4349.675000;0
20260813 201900;4349.535000;4350.345000;4348.635000;4349.215000;0
20260813 202000;4349.075000;4349.225000;4348.205000;4349.225000;0
20260813 202100;4349.105000;4349.515000;4347.885000;4348.855000;0
20260813 202200;4348.745000;4348.945000;4345.475000;4345.475000;0
20260813 202300;4345.605000;4346.595000;4345.435000;4345.945000;0
20260813 202400;4345.705000;4347.375000;4345.705000;4347.055000;0
20260813 202500;4346.905000;4346.905000;4345.305000;4345.415000;0
20260813 202600;4345.605000;4345.865000;4339.495000;4341.775000;0
20260813 202700;4341.585000;4343.495000;4340.565000;4342.635000;0
20260813 202800;4342.465000;4342.705000;4340.455000;4342.165000;0
20260813 202900;4342.275000;4342.485000;4339.275000;4339.305000;0
20260813 203000;4339.175000;4340.725000;4336.715000;4339.015000;0
20260813 203100;4338.615000;4340.985000;4338.145000;4339.705000;0
20260813 203200;4339.665000;4342.675000;4339.655000;4341.885000;0
20260813 203300;4341.755000;4342.435000;4339.115000;4342.305000;0
20260813 203400;4342.435000;4346.525000;4342.335000;4345.575000;0
20260813 203500;4345.465000;4346.225000;4343.445000;4343.645000;0
20260813 203600;4343.955000;4343.955000;4342.175000;4342.375000;0
20260813 203700;4342.255000;4343.005000;4339.455000;4339.635000;0
20260813 203800;4339.795000;4339.795000;4335.895000;4336.295000;0
20260813 203900;4335.795000;4337.185000;4334.315000;4335.365000;0
20260813 204000;4335.255000;4336.425000;4334.175000;4334.325000;0
20260813 204100;4334.445000;4335.985000;4334.185000;4335.415000;0
20260813 204200;4335.475000;4336.125000;4334.155000;4335.525000;0
20260813 204300;4335.645000;4338.415000;4335.525000;4337.545000;0
20260813 204400;4337.245000;4339.915000;4336.835000;4339.245000;0
20260813 204500;4339.355000;4342.425000;4339.105000;4341.675000;0
20260813 204600;4341.555000;4341.805000;4338.465000;4339.575000;0
20260813 204700;4339.865000;4339.865000;4336.295000;4336.965000;0
20260813 204800;4336.825000;4336.915000;4328.915000;4331.285000;0
20260813 204900;4330.965000;4335.835000;4330.965000;4333.415000;0
20260813 205000;4333.995000;4336.285000;4333.195000;4336.135000;0
20260813 205100;4335.455000;4336.945000;4334.375000;4336.815000;0
20260813 205200;4337.045000;4337.825000;4335.785000;4336.355000;0
20260813 205300;4336.505000;4337.205000;4334.195000;4335.365000;0
20260813 205400;4335.495000;4339.725000;4335.495000;4339.545000;0
20260813 205500;4339.285000;4340.855000;4337.685000;4338.915000;0
20260813 205600;4338.785000;4340.525000;4338.185000;4340.525000;0
20260813 205700;4340.625000;4341.595000;4339.755000;4341.595000;0
20260813 205800;4341.315000;4341.845000;4338.385000;4338.735000;0
20260813 205900;4338.635000;4341.925000;4338.635000;4340.825000;0
20260813 210000;4340.755000;4341.235000;4337.055000;4339.885000;0
20260813 210100;4340.025000;4340.615000;4332.505000;4333.145000;0
20260813 210200;4333.405000;4333.945000;4329.335000;4330.845000;0
20260813 210300;4330.725000;4331.835000;4329.605000;4330.545000;0
20260813 210400;4330.535000;4332.145000;4328.915000;4329.305000;0
20260813 210500;4329.455000;4331.455000;4328.885000;4331.025000;0
20260813 210600;4331.295000;4332.555000;4329.225000;4332.445000;0
20260813 210700;4332.565000;4333.115000;4330.125000;4330.835000;0
20260813 210800;4330.715000;4331.315000;4329.175000;4329.545000;0
20260813 210900;4329.245000;4329.525000;4327.465000;4328.235000;0
20260813 211000;4328.085000;4328.165000;4323.805000;4323.955000;0
20260813 211100;4323.855000;4324.395000;4321.805000;4324.285000;0
20260813 211200;4324.615000;4325.685000;4322.395000;4324.005000;0
20260813 211300;4324.065000;4325.665000;4323.175000;4324.305000;0
20260813 211400;4324.305000;4326.045000;4322.605000;4323.865000;0
20260813 211500;4323.915000;4325.855000;4322.375000;4324.725000;0
20260813 211600;4324.835000;4324.835000;4321.195000;4322.595000;0
20260813 211700;4322.595000;4323.415000;4321.815000;4321.885000;0
20260813 211800;4321.545000;4321.965000;4319.535000;4319.805000;0
20260813 211900;4319.935000;4323.275000;4317.395000;4322.525000;0
20260813 212000;4322.455000;4323.185000;4318.755000;4322.825000;0
20260813 212100;4322.925000;4325.605000;4322.835000;4323.525000;0
20260813 212200;4323.535000;4323.535000;4323.535000;4323.535000;0
20260813 212100;4323.425000;4323.425000;4323.425000;4323.425000;0
20260813 212200;4323.305000;4323.305000;4319.965000;4320.695000;0
20260813 212300;4320.725000;4321.465000;4317.955000;4319.115000;0
20260813 212400;4319.145000;4319.385000;4315.605000;4316.355000;0
20260813 212500;4316.225000;4317.685000;4314.755000;4317.475000;0
20260813 212600;4317.545000;4321.005000;4317.055000;4319.095000;0
20260813 212700;4319.055000;4321.145000;4318.095000;4318.105000;0
20260813 212800;4317.865000;4320.535000;4317.695000;4320.355000;0
20260813 212900;4320.355000;4321.535000;4319.155000;4319.175000;0
20260813 213000;4319.265000;4319.445000;4314.185000;4316.165000;0
20260813 213100;4316.325000;4317.085000;4314.425000;4315.615000;0
20260813 213200;4315.645000;4315.895000;4313.185000;4313.405000;0
20260813 213300;4313.495000;4314.635000;4313.075000;4313.285000;0
20260813 213400;4313.425000;4314.165000;4313.055000;4313.175000;0
20260813 213500;4313.145000;4314.895000;4312.995000;4313.935000;0
20260813 213600;4314.045000;4318.235000;4312.855000;4318.185000;0
20260813 213700;4318.155000;4319.125000;4317.465000;4317.775000;0
20260813 213800;4318.035000;4319.075000;4316.955000;4317.965000;0
20260813 213900;4318.005000;4319.755000;4318.005000;4319.005000;0
20260813 214000;4319.305000;4320.135000;4318.565000;4318.615000;0
20260813 214100;4318.585000;4320.155000;4318.485000;4319.735000;0
20260813 214200;4319.695000;4321.135000;4319.555000;4320.085000;0
20260813 214300;4320.215000;4321.265000;4319.375000;4319.585000;0
20260813 214400;4319.445000;4319.805000;4318.495000;4319.365000;0
20260813 214500;4319.475000;4323.105000;4319.385000;4321.855000;0
20260813 214600;4321.945000;4321.995000;4319.475000;4320.575000;0
20260813 214700;4320.425000;4320.425000;4316.405000;4316.875000;0
20260813 214800;4316.805000;4316.805000;4313.665000;4315.845000;0
20260813 214900;4315.985000;4316.105000;4314.285000;4315.335000;0
20260813 215000;4315.345000;4315.895000;4314.315000;4315.335000;0
20260813 215100;4315.345000;4316.015000;4314.185000;4315.735000;0
20260813 215200;4315.725000;4316.025000;4312.015000;4314.565000;0
20260813 215300;4314.885000;4318.025000;4314.535000;4317.815000;0
20260813 215400;4317.845000;4319.265000;4317.245000;4317.305000;0
20260813 215500;4317.295000;4320.195000;4316.995000;4319.245000;0
20260813 215600;4319.135000;4321.375000;4318.565000;4319.975000;0
20260813 215700;4319.865000;4319.985000;4315.955000;4317.515000;0
20260813 215800;4317.475000;4320.685000;4316.775000;4320.585000;0
20260813 215900;4320.875000;4320.935000;4317.815000;4317.885000;0
20260813 220000;4317.995000;4319.075000;4316.975000;4318.635000;0
20260813 220100;4318.525000;4320.765000;4317.925000;4320.215000;0
20260813 220200;4320.115000;4322.835000;4319.965000;4321.025000;0
20260813 220300;4320.985000;4322.085000;4319.475000;4319.475000;0
20260813 220400;4319.675000;4319.995000;4315.335000;4316.655000;0
20260813 220500;4316.555000;4317.245000;4315.725000;4317.215000;0
20260813 220600;4317.125000;4319.405000;4316.615000;4319.295000;0
20260813 220700;4319.395000;4319.395000;4317.305000;4318.805000;0
20260813 220800;4318.775000;4319.155000;4316.655000;4317.575000;0
20260813 220900;4317.415000;4318.075000;4316.485000;4317.135000;0
20260813 221000;4316.865000;4317.295000;4314.625000;4314.915000;0
20260813 221100;4314.805000;4315.075000;4312.875000;4312.885000;0
20260813 221200;4312.385000;4313.655000;4312.165000;4313.525000;0
20260813 221300;4313.705000;4313.805000;4312.195000;4313.055000;0
20260813 221400;4313.045000;4313.185000;4310.375000;4312.305000;0
20260813 221500;4312.205000;4314.465000;4312.205000;4314.225000;0
20260813 221600;4314.325000;4315.005000;4312.455000;4314.605000;0
20260813 221700;4314.825000;4317.245000;4314.435000;4314.495000;0
20260813 221800;4314.415000;4315.545000;4313.085000;4313.355000;0
20260813 221900;4313.245000;4315.615000;4312.535000;4315.345000;0
20260813 222000;4315.315000;4317.295000;4314.725000;4316.335000;0
20260813 222100;4316.335000;4316.895000;4315.955000;4316.345000;0
20260813 222200;4316.355000;4316.355000;4314.685000;4315.505000;0
20260813 222300;4315.595000;4316.355000;4315.005000;4315.785000;0
20260813 222400;4315.785000;4316.665000;4315.105000;4316.235000;0
20260813 222500;4315.925000;4316.585000;4314.985000;4315.785000;0
20260813 222600;4315.855000;4316.985000;4314.915000;4316.335000;0
20260813 222700;4316.425000;4318.125000;4313.835000;4313.845000;0
20260813 222800;4313.735000;4314.425000;4313.355000;4313.575000;0
20260813 222900;4313.615000;4313.745000;4312.425000;4312.725000;0
20260813 223000;4312.715000;4318.865000;4312.145000;4318.515000;0
20260813 223100;4318.545000;4319.305000;4317.845000;4318.885000;0
20260813 223200;4318.965000;4321.005000;4318.885000;4320.385000;0
20260813 223300;4320.245000;4320.745000;4310.635000;4315.505000;0
20260813 223400;4315.555000;4321.135000;4314.875000;4320.305000;0
20260813 223500;4320.415000;4320.975000;4317.895000;4320.905000;0
20260813 223600;4320.655000;4322.285000;4320.395000;4320.795000;0
20260813 223700;4320.925000;4322.055000;4320.115000;4320.305000;0
20260813 223800;4320.545000;4320.795000;4318.735000;4318.755000;0
20260813 223900;4318.695000;4320.875000;4318.695000;4320.705000;0
20260813 224000;4320.575000;4321.455000;4319.405000;4320.205000;0
20260813 224100;4320.085000;4320.265000;4319.265000;4319.275000;0
20260813 224200;4319.245000;4319.855000;4317.755000;4318.135000;0
20260813 224300;4318.015000;4320.375000;4317.805000;4319.695000;0
20260813 224400;4319.585000;4321.865000;4319.515000;4320.855000;0
20260813 224500;4320.805000;4321.925000;4319.765000;4319.945000;0
20260813 224600;4319.815000;4321.385000;4318.425000;4318.495000;0
20260813 224700;4318.535000;4318.775000;4314.815000;4315.185000;0
20260813 224800;4315.075000;4316.675000;4313.905000;4316.215000;0
20260813 224900;4316.175000;4317.245000;4315.965000;4316.665000;0
20260813 225000;4316.655000;4318.085000;4316.215000;4317.735000;0
20260813 225100;4318.145000;4318.315000;4316.515000;4317.165000;0
20260813 225200;4317.045000;4318.015000;4316.465000;4317.305000;0
20260813 225300;4317.415000;4317.945000;4316.115000;4316.395000;0
20260813 225400;4316.505000;4316.515000;4314.795000;4315.925000;0
20260813 225500;4315.925000;4316.095000;4314.515000;4314.825000;0
20260813 225600;4314.705000;4315.235000;4313.405000;4313.435000;0
20260813 225700;4313.725000;4313.855000;4312.305000;4312.895000;0
20260813 225800;4312.845000;4315.245000;4312.605000;4314.295000;0
20260813 225900;4314.265000;4315.775000;4313.745000;4315.045000;0
20260813 230000;4315.525000;4315.705000;4314.205000;4314.585000;0
20260813 230100;4314.625000;4315.835000;4313.415000;4315.215000;0
20260813 230200;4315.245000;4316.985000;4314.495000;4316.815000;0
20260813 230300;4316.905000;4317.115000;4315.305000;4315.905000;0
20260813 230400;4315.775000;4318.805000;4315.075000;4318.425000;0
20260813 230500;4318.565000;4320.495000;4318.565000;4319.475000;0
20260813 230600;4319.515000;4320.815000;4318.965000;4320.815000;0
20260813 230700;4320.975000;4321.455000;4320.055000;4321.425000;0
20260813 230800;4321.605000;4322.965000;4320.205000;4320.345000;0
20260813 230900;4320.515000;4320.665000;4319.155000;4319.295000;0
20260813 231000;4319.175000;4320.155000;4318.705000;4319.795000;0
20260813 231100;4319.555000;4319.615000;4318.605000;4318.755000;0
20260813 231200;4318.635000;4319.715000;4318.295000;4318.895000;0
20260813 231300;4318.785000;4323.615000;4318.655000;4323.615000;0
20260813 231400;4323.515000;4323.575000;4319.515000;4319.975000;0
20260813 231500;4320.075000;4320.835000;4319.605000;4319.745000;0
20260813 231600;4319.705000;4321.295000;4319.705000;4321.015000;0
20260813 231700;4321.135000;4322.775000;4320.845000;4322.265000;0
20260813 231800;4322.235000;4322.575000;4321.665000;4321.825000;0
20260813 231900;4321.725000;4322.685000;4321.685000;4322.525000;0
20260813 232000;4322.405000;4323.865000;4322.175000;4323.115000;0
20260813 232100;4322.995000;4325.835000;4322.995000;4324.305000;0
20260813 232200;4324.405000;4325.595000;4323.495000;4324.155000;0
20260813 232300;4324.045000;4324.835000;4323.805000;4324.445000;0
20260813 232400;4324.365000;4325.115000;4324.095000;4325.115000;0
20260813 232500;4324.995000;4325.395000;4324.315000;4324.735000;0
20260813 232600;4324.465000;4325.705000;4324.165000;4325.455000;0
20260813 232700;4325.395000;4325.475000;4324.865000;4324.905000;0
20260813 232800;4325.145000;4325.995000;4325.015000;4325.105000;0
20260813 232900;4325.275000;4325.545000;4324.755000;4325.465000;0
20260813 233000;4325.595000;4325.975000;4324.875000;4325.975000;0
20260813 233100;4325.975000;4326.185000;4325.305000;4325.655000;0
20260813 233200;4325.765000;4326.045000;4325.245000;4325.585000;0
20260813 233300;4325.605000;4327.155000;4325.605000;4326.795000;0
20260813 233400;4326.715000;4327.725000;4326.425000;4327.095000;0
20260813 233500;4326.985000;4327.505000;4326.815000;4326.965000;0
20260813 233600;4327.085000;4328.085000;4326.865000;4327.635000;0
20260813 233700;4327.535000;4327.775000;4326.905000;4327.475000;0
20260813 233800;4327.565000;4327.565000;4325.795000;4325.835000;0
20260813 233900;4325.845000;4326.685000;4325.205000;4326.515000;0
20260813 234000;4326.625000;4326.625000;4325.575000;4326.155000;0
20260813 234100;4326.075000;4326.465000;4325.605000;4325.795000;0
20260813 234200;4325.655000;4325.855000;4325.205000;4325.745000;0
20260813 234300;4325.745000;4325.815000;4325.065000;4325.455000;0
20260813 234400;4325.575000;4325.895000;4325.015000;4325.595000;0
20260813 234500;4325.495000;4325.805000;4325.335000;4325.805000;0
20260813 234600;4325.655000;4326.205000;4325.445000;4326.085000;0
20260813 234700;4326.085000;4326.545000;4325.655000;4326.075000;0
20260813 234800;4325.935000;4326.615000;4325.935000;4326.475000;0
20260813 234900;4326.475000;4326.605000;4325.485000;4326.085000;0
20260813 235000;4326.135000;4326.705000;4325.805000;4325.935000;0
20260813 235100;4325.845000;4326.035000;4324.465000;4324.955000;0
20260813 235200;4324.955000;4325.905000;4324.895000;4324.955000;0
20260813 235300;4325.065000;4325.065000;4324.175000;4324.555000;0
20260813 235400;4324.695000;4324.865000;4323.875000;4323.945000;0
20260813 235500;4324.075000;4324.615000;4323.835000;4324.295000;0
20260813 235600;4324.185000;4324.305000;4323.305000;4323.895000;0
20260813 235700;4323.895000;4324.465000;4323.465000;4324.465000;0
20260813 235800;4324.465000;4324.585000;4323.635000;4323.855000;0
20260813 235900;4323.965000;4324.235000;4323.255000;4323.315000;0
20260814 000000;4323.345000;4323.895000;4322.835000;4323.895000;0
20260814 000100;4323.775000;4324.175000;4323.085000;4324.175000;0
20260814 000200;4324.175000;4324.765000;4323.265000;4323.475000;0
20260814 000300;4323.645000;4324.085000;4323.015000;4323.315000;0
20260814 000400;4323.255000;4323.415000;4322.425000;4322.735000;0
20260814 000500;4322.925000;4324.025000;4322.475000;4323.845000;0
20260814 000600;4323.495000;4323.865000;4323.115000;4323.845000;0
20260814 000700;4323.955000;4324.375000;4323.155000;4323.415000;0
20260814 000800;4323.525000;4324.805000;4323.305000;4324.205000;0
20260814 000900;4323.965000;4324.415000;4322.985000;4323.535000;0
20260814 001000;4323.745000;4324.285000;4323.565000;4323.925000;0
20260814 001100;4324.045000;4324.695000;4323.065000;4324.675000;0
20260814 001200;4324.835000;4326.145000;4324.175000;4325.535000;0
20260814 001300;4325.835000;4326.795000;4325.315000;4326.735000;0
20260814 001400;4326.555000;4326.975000;4325.715000;4325.715000;0
20260814 001500;4325.695000;4326.135000;4325.255000;4325.505000;0
20260814 001600;4325.535000;4327.085000;4325.365000;4326.755000;0
20260814 001700;4326.765000;4327.405000;4326.475000;4326.965000;0
20260814 001800;4327.075000;4327.205000;4326.265000;4326.335000;0
20260814 001900;4326.435000;4326.685000;4326.235000;4326.545000;0
20260814 002000;4326.375000;4327.785000;4326.295000;4327.245000;0
20260814 002100;4327.085000;4327.385000;4326.445000;4326.465000;0
20260814 002200;4326.475000;4326.635000;4326.035000;4326.085000;0
20260814 002300;4326.275000;4326.785000;4325.805000;4326.685000;0
20260814 002400;4326.835000;4327.005000;4326.565000;4326.675000;0
20260814 002500;4326.725000;4327.055000;4326.475000;4326.925000;0
20260814 002600;4326.815000;4327.025000;4326.265000;4326.965000;0
20260814 002700;4326.975000;4327.245000;4326.205000;4326.475000;0
20260814 002800;4326.365000;4326.785000;4325.205000;4325.255000;0
20260814 002900;4325.335000;4325.965000;4324.835000;4325.025000;0
20260814 003000;4325.035000;4325.595000;4324.365000;4324.575000;0
20260814 003100;4324.685000;4324.895000;4323.615000;4324.505000;0
20260814 003200;4324.375000;4324.665000;4323.065000;4324.045000;0
20260814 003300;4323.725000;4325.115000;4323.235000;4324.675000;0
20260814 003400;4324.835000;4325.055000;4324.135000;4324.455000;0
20260814 003500;4324.605000;4325.095000;4323.925000;4324.655000;0
20260814 003600;4324.495000;4325.525000;4324.115000;4324.975000;0
20260814 003700;4325.125000;4325.245000;4324.275000;4324.765000;0
20260814 003800;4324.855000;4325.645000;4324.855000;4325.195000;0
20260814 003900;4325.055000;4325.465000;4324.545000;4324.855000;0
20260814 004000;4324.965000;4325.295000;4324.635000;4324.925000;0
20260814 004100;4325.075000;4326.405000;4324.835000;4325.675000;0
20260814 004200;4325.805000;4325.835000;4325.135000;4325.325000;0
20260814 004300;4325.105000;4325.515000;4324.875000;4325.375000;0
20260814 004400;4325.265000;4325.945000;4324.945000;4325.065000;0
20260814 004500;4324.945000;4325.145000;4323.755000;4323.815000;0
20260814 004600;4323.885000;4324.735000;4323.885000;4324.025000;0
20260814 004700;4324.135000;4324.655000;4323.955000;4324.615000;0
20260814 004800;4324.475000;4324.955000;4324.265000;4324.835000;0
20260814 004900;4324.835000;4324.985000;4324.195000;4324.405000;0
20260814 005000;4324.275000;4324.685000;4323.505000;4324.535000;0
20260814 005100;4324.645000;4325.055000;4324.205000;4324.625000;0
20260814 005200;4324.665000;4325.145000;4324.625000;4324.855000;0
20260814 005300;4325.035000;4325.035000;4324.425000;4324.745000;0
20260814 005400;4324.695000;4325.205000;4323.995000;4324.535000;0
20260814 005500;4324.655000;4324.755000;4324.235000;4324.545000;0
20260814 005600;4324.485000;4325.045000;4324.335000;4324.685000;0
20260814 005700;4324.995000;4326.095000;4324.845000;4325.775000;0
20260814 005800;4325.675000;4325.765000;4325.045000;4325.275000;0
20260814 005900;4325.395000;4326.765000;4324.965000;4326.765000;0
20260814 010000;4326.905000;4326.905000;4324.245000;4324.785000;0
20260814 010100;4324.885000;4325.075000;4323.505000;4323.825000;0
20260814 010200;4323.655000;4324.555000;4323.455000;4324.395000;0
20260814 010300;4324.535000;4325.995000;4323.855000;4325.115000;0
20260814 010400;4325.005000;4325.155000;4324.125000;4324.965000;0
20260814 010500;4324.935000;4325.515000;4322.635000;4322.935000;0
20260814 010600;4322.905000;4323.085000;4322.175000;4322.725000;0
20260814 010700;4322.825000;4322.995000;4321.045000;4321.565000;0
20260814 010800;4321.565000;4321.705000;4320.605000;4320.795000;0
20260814 010900;4320.775000;4321.145000;4319.625000;4319.625000;0
20260814 011000;4319.685000;4321.185000;4319.275000;4321.105000;0
20260814 011100;4320.985000;4321.695000;4320.385000;4320.865000;0
20260814 011200;4321.035000;4322.225000;4320.475000;4321.645000;0
20260814 011300;4321.605000;4322.005000;4320.225000;4320.365000;0
20260814 011400;4320.315000;4320.845000;4319.855000;4320.055000;0
20260814 011500;4320.265000;4320.265000;4318.415000;4318.715000;0
20260814 011600;4318.875000;4319.335000;4318.435000;4318.655000;0
20260814 011700;4318.765000;4319.745000;4317.995000;4319.325000;0
20260814 011800;4319.325000;4319.325000;4317.915000;4317.965000;0
20260814 011900;4317.945000;4318.765000;4317.755000;4318.765000;0
20260814 012000;4318.655000;4319.135000;4317.315000;4319.105000;0
20260814 012100;4318.985000;4319.315000;4318.065000;4318.075000;0
20260814 012200;4318.175000;4318.305000;4317.175000;4317.515000;0
20260814 012300;4317.565000;4317.655000;4316.825000;4317.255000;0
20260814 012400;4317.255000;4318.225000;4316.935000;4318.125000;0
20260814 012500;4318.095000;4318.535000;4317.685000;4317.855000;0
20260814 012600;4317.985000;4318.695000;4317.275000;4318.095000;0
20260814 012700;4318.095000;4318.545000;4318.005000;4318.285000;0
20260814 012800;4318.135000;4319.115000;4317.985000;4319.115000;0
20260814 012900;4319.085000;4319.085000;4317.925000;4317.925000;0
20260814 013000;4317.815000;4317.925000;4311.005000;4311.745000;0
20260814 013100;4311.915000;4314.915000;4310.895000;4314.495000;0
20260814 013200;4314.435000;4316.575000;4314.105000;4315.625000;0
20260814 013300;4315.745000;4317.675000;4314.235000;4317.385000;0
20260814 013400;4317.505000;4318.215000;4316.085000;4316.535000;0
20260814 013500;4316.625000;4318.375000;4316.495000;4318.085000;0
20260814 013600;4317.975000;4320.355000;4317.165000;4319.885000;0
20260814 013700;4319.985000;4321.595000;4319.625000;4320.825000;0
20260814 013800;4320.955000;4324.705000;4320.905000;4322.945000;0
20260814 013900;4322.825000;4322.825000;4321.085000;4322.115000;0
20260814 014000;4322.015000;4324.375000;4320.945000;4322.085000;0
20260814 014100;4321.965000;4323.015000;4321.965000;4322.795000;0
20260814 014200;4322.575000;4323.065000;4321.415000;4321.555000;0
20260814 014300;4321.545000;4322.245000;4318.745000;4318.905000;0
20260814 014400;4318.805000;4319.125000;4317.255000;4317.455000;0
20260814 014500;4317.615000;4321.825000;4317.225000;4321.515000;0
20260814 014600;4321.555000;4322.185000;4320.405000;4320.775000;0
20260814 014700;4320.925000;4321.685000;4320.505000;4320.835000;0
20260814 014800;4320.945000;4321.495000;4320.605000;4321.095000;0
20260814 014900;4320.945000;4324.165000;4320.905000;4323.795000;0
20260814 015000;4323.715000;4327.415000;4323.505000;4327.155000;0
20260814 015100;4327.375000;4328.515000;4327.035000;4327.075000;0
20260814 015200;4327.155000;4328.545000;4326.635000;4327.675000;0
20260814 015300;4327.785000;4329.015000;4326.825000;4328.965000;0
20260814 015400;4328.855000;4329.735000;4327.915000;4329.265000;0
20260814 015500;4329.375000;4331.145000;4328.805000;4330.555000;0
20260814 015600;4330.685000;4331.555000;4329.585000;4330.645000;0
20260814 015700;4330.765000;4330.835000;4329.245000;4329.625000;0
20260814 015800;4329.815000;4332.275000;4329.305000;4331.995000;0
20260814 015900;4331.875000;4333.415000;4331.345000;4333.395000;0
20260814 020000;4333.375000;4333.655000;4331.475000;4332.235000;0
20260814 020100;4332.075000;4334.015000;4331.685000;4332.765000;0
20260814 020200;4332.635000;4334.405000;4332.295000;4334.325000;0
20260814 020300;4334.295000;4334.955000;4333.425000;4334.225000;0
20260814 020400;4334.155000;4335.875000;4333.775000;4335.675000;0
20260814 020500;4335.535000;4336.505000;4334.235000;4334.665000;0
20260814 020600;4334.535000;4335.245000;4332.495000;4332.495000;0
20260814 020700;4332.315000;4333.195000;4330.925000;4330.985000;0
20260814 020800;4331.035000;4331.145000;4329.455000;4330.415000;0
20260814 020900;4330.515000;4331.235000;4330.085000;4330.165000;0
20260814 021000;4330.285000;4330.535000;4329.455000;4329.625000;0
20260814 021100;4329.205000;4331.865000;4329.205000;4331.785000;0
20260814 021200;4331.635000;4333.455000;4331.455000;4332.575000;0
20260814 021300;4332.385000;4333.085000;4331.955000;4333.085000;0
20260814 021400;4333.225000;4333.775000;4332.015000;4332.285000;0
20260814 021500;4332.265000;4333.255000;4331.795000;4332.545000;0
20260814 021600;4332.495000;4332.575000;4331.075000;4332.515000;0
20260814 021700;4332.645000;4333.065000;4331.965000;4333.065000;0
20260814 021800;4332.955000;4333.055000;4331.235000;4331.315000;0
20260814 021900;4331.445000;4332.175000;4331.215000;4331.545000;0
20260814 022000;4331.655000;4331.755000;4328.405000;4328.715000;0
20260814 022100;4328.575000;4330.505000;4328.205000;4329.605000;0
20260814 022200;4329.585000;4330.045000;4328.815000;4328.825000;0
20260814 022300;4328.715000;4332.015000;4328.715000;4331.955000;0
20260814 022400;4332.085000;4332.085000;4330.255000;4331.385000;0
20260814 022500;4331.505000;4332.195000;4330.445000;4331.055000;0
20260814 022600;4331.175000;4331.745000;4330.365000;4331.305000;0
20260814 022700;4331.445000;4331.555000;4330.475000;4330.885000;0
20260814 022800;4330.885000;4331.875000;4330.165000;4330.495000;0
20260814 022900;4330.645000;4330.775000;4328.975000;4329.065000;0
20260814 023000;4329.055000;4330.275000;4328.355000;4328.535000;0
20260814 023100;4328.695000;4329.885000;4328.415000;4329.565000;0
20260814 023200;4329.385000;4330.045000;4329.115000;4329.625000;0
20260814 023300;4329.745000;4330.165000;4329.295000;4329.405000;0
20260814 023400;4329.515000;4329.975000;4328.125000;4328.805000;0
20260814 023500;4328.955000;4329.245000;4327.985000;4328.695000;0
20260814 023600;4328.555000;4329.795000;4328.475000;4328.475000;0
20260814 023700;4328.375000;4329.395000;4328.245000;4328.395000;0
20260814 023800;4328.675000;4329.575000;4327.885000;4329.485000;0
20260814 023900;4329.635000;4330.105000;4328.265000;4329.515000;0
20260814 024000;4329.655000;4330.035000;4327.765000;4329.305000;0
20260814 024100;4329.565000;4330.065000;4328.945000;4329.915000;0
20260814 024200;4329.795000;4330.735000;4329.575000;4330.355000;0
20260814 024300;4330.455000;4331.365000;4330.325000;4331.135000;0
20260814 024400;4330.985000;4332.865000;4330.965000;4332.865000;0
20260814 024500;4332.975000;4334.035000;4332.535000;4333.795000;0
20260814 024600;4333.945000;4334.405000;4333.025000;4333.775000;0
20260814 024700;4333.645000;4335.385000;4333.645000;4334.085000;0
20260814 024800;4333.785000;4335.185000;4332.705000;4334.895000;0
20260814 024900;4335.115000;4335.125000;4334.265000;4334.835000;0
20260814 025000;4334.835000;4334.895000;4333.155000;4334.085000;0
20260814 025100;4334.085000;4334.775000;4333.745000;4333.955000;0
20260814 025200;4333.955000;4334.595000;4333.575000;4334.595000;0
20260814 025300;4334.595000;4335.085000;4334.335000;4334.605000;0
20260814 025400;4334.415000;4334.865000;4333.835000;4333.945000;0
20260814 025500;4333.825000;4334.315000;4333.485000;4334.105000;0
20260814 025600;4334.105000;4334.935000;4333.595000;4334.375000;0
20260814 025700;4334.375000;4334.705000;4333.825000;4334.485000;0
20260814 025800;4334.455000;4334.845000;4334.255000;4334.785000;0
20260814 025900;4334.775000;4335.675000;4334.665000;4335.445000;0
20260814 030000;4335.245000;4335.345000;4332.645000;4333.865000;0
20260814 030100;4333.985000;4335.175000;4333.245000;4333.755000;0
20260814 030200;4333.725000;4334.545000;4333.385000;4334.505000;0
20260814 030300;4334.605000;4337.125000;4334.395000;4335.495000;0
20260814 030400;4335.545000;4335.905000;4335.015000;4335.015000;0
20260814 030500;4335.045000;4335.165000;4334.175000;4334.335000;0
20260814 030600;4334.295000;4334.735000;4334.045000;4334.375000;0
20260814 030700;4334.425000;4334.425000;4333.555000;4333.675000;0
20260814 030800;4333.745000;4334.775000;4333.635000;4333.665000;0
20260814 030900;4333.655000;4334.705000;4333.285000;4334.385000;0
20260814 031000;4334.485000;4334.665000;4332.995000;4333.275000;0
20260814 031100;4333.155000;4334.555000;4333.035000;4334.445000;0
20260814 031200;4334.595000;4334.695000;4333.745000;4334.475000;0
20260814 031300;4334.305000;4334.305000;4331.715000;4332.225000;0
20260814 031400;4332.225000;4332.435000;4330.945000;4331.005000;0
20260814 031500;4331.205000;4332.575000;4330.995000;4332.135000;0
20260814 031600;4332.285000;4332.555000;4331.625000;4331.805000;0
20260814 031700;4331.865000;4333.245000;4331.645000;4332.965000;0
20260814 031800;4333.025000;4333.255000;4332.585000;4332.975000;0
20260814 031900;4333.025000;4333.075000;4332.085000;4332.195000;0
20260814 032000;4332.245000;4332.645000;4331.195000;4331.395000;0
20260814 032100;4331.385000;4333.175000;4329.505000;4333.155000;0
20260814 032200;4333.175000;4334.615000;4333.175000;4334.315000;0
20260814 032300;4334.335000;4334.885000;4332.695000;4332.835000;0
20260814 032400;4333.005000;4336.355000;4332.635000;4336.335000;0
20260814 032500;4336.225000;4336.355000;4334.685000;4334.685000;0
20260814 032600;4334.815000;4334.905000;4332.975000;4333.205000;0
20260814 032700;4333.205000;4333.355000;4332.435000;4333.135000;0
20260814 032800;4333.135000;4333.885000;4332.815000;4333.045000;0
20260814 032900;4333.045000;4333.305000;4331.655000;4331.735000;0
20260814 033000;4331.765000;4332.965000;4331.765000;4332.065000;0
20260814 033100;4331.675000;4332.485000;4331.445000;4332.325000;0
20260814 033200;4332.355000;4333.515000;4332.005000;4332.965000;0
20260814 033300;4332.935000;4333.835000;4332.565000;4333.355000;0
20260814 033400;4333.425000;4333.955000;4333.125000;4333.475000;0
20260814 033500;4333.435000;4335.135000;4333.255000;4335.015000;0
20260814 033600;4335.015000;4336.045000;4334.735000;4334.785000;0
20260814 033700;4334.695000;4335.975000;4334.435000;4335.365000;0
20260814 033800;4335.365000;4335.695000;4334.615000;4335.015000;0
20260814 033900;4335.135000;4336.535000;4334.935000;4336.315000;0
20260814 034000;4336.315000;4337.235000;4336.055000;4337.175000;0
20260814 034100;4337.285000;4339.075000;4337.145000;4339.075000;0
20260814 034200;4339.025000;4339.645000;4338.495000;4339.135000;0
20260814 034300;4339.095000;4339.335000;4337.585000;4338.315000;0
20260814 034400;4338.225000;4340.085000;4337.845000;4339.535000;0
20260814 034500;4339.515000;4343.245000;4339.455000;4340.755000;0
20260814 034600;4340.715000;4341.165000;4339.275000;4339.515000;0
20260814 034700;4339.535000;4340.385000;4339.245000;4340.305000;0
20260814 034800;4340.195000;4341.805000;4339.795000;4341.255000;0
20260814 034900;4341.275000;4342.735000;4341.155000;4342.385000;0
20260814 035000;4342.385000;4343.205000;4342.315000;4342.625000;0
20260814 035100;4342.825000;4342.895000;4341.535000;4341.675000;0
20260814 035200;4341.765000;4342.915000;4341.355000;4341.585000;0
20260814 035300;4341.535000;4342.845000;4341.535000;4342.585000;0
20260814 035400;4342.475000;4343.295000;4342.475000;4343.115000;0
20260814 035500;4343.115000;4343.255000;4341.505000;4342.345000;0
20260814 035600;4342.345000;4342.925000;4342.325000;4342.325000;0
20260814 035700;4342.405000;4342.555000;4341.835000;4342.485000;0
20260814 035800;4342.485000;4344.215000;4342.355000;4344.015000;0
20260814 035900;4344.015000;4345.065000;4343.405000;4343.495000;0
20260814 040000;4343.555000;4347.945000;4343.125000;4347.185000;0
20260814 040100;4347.165000;4347.245000;4344.785000;4345.395000;0
20260814 040200;4345.395000;4345.395000;4343.075000;4343.545000;0
20260814 040300;4343.585000;4343.805000;4342.005000;4342.575000;0
20260814 040400;4342.615000;4343.655000;4342.355000;4342.605000;0
20260814 040500;4342.525000;4343.065000;4341.715000;4342.395000;0
20260814 040600;4342.485000;4344.115000;4342.395000;4343.985000;0
20260814 040700;4343.985000;4344.315000;4343.025000;4343.115000;0
20260814 040800;4343.115000;4344.685000;4343.115000;4344.025000;0
20260814 040900;4344.145000;4346.125000;4343.915000;4345.205000;0
20260814 041000;4345.025000;4345.315000;4344.275000;4344.745000;0
20260814 041100;4344.745000;4346.255000;4344.385000;4345.375000;0
20260814 041200;4345.375000;4345.495000;4344.015000;4344.635000;0
20260814 041300;4344.635000;4346.435000;4344.425000;4346.195000;0
20260814 041400;4346.195000;4347.795000;4346.125000;4347.675000;0
20260814 041500;4347.585000;4348.475000;4347.175000;4347.575000;0
20260814 041600;4347.555000;4348.645000;4346.925000;4347.195000;0
20260814 041700;4347.185000;4348.975000;4346.985000;4348.585000;0
20260814 041800;4348.555000;4348.555000;4345.995000;4346.525000;0
20260814 041900;4346.595000;4346.805000;4345.845000;4346.285000;0
20260814 042000;4346.245000;4346.845000;4344.805000;4344.965000;0
20260814 042100;4344.955000;4345.305000;4344.115000;4344.435000;0
20260814 042200;4344.415000;4344.465000;4343.365000;4343.755000;0
20260814 042300;4343.735000;4344.695000;4343.495000;4344.545000;0
20260814 042400;4344.475000;4344.525000;4343.555000;4343.975000;0
20260814 042500;4343.955000;4344.375000;4343.615000;4344.125000;0
20260814 042600;4344.125000;4344.955000;4343.625000;4343.845000;0
20260814 042700;4343.825000;4345.165000;4343.595000;4344.935000;0
20260814 042800;4344.915000;4345.575000;4344.345000;4345.205000;0
20260814 042900;4345.065000;4345.605000;4344.235000;4345.605000;0
20260814 043000;4345.545000;4346.305000;4344.385000;4344.915000;0
20260814 043100;4344.785000;4346.415000;4344.695000;4345.185000;0
20260814 043200;4345.205000;4345.885000;4344.555000;4344.665000;0
20260814 043300;4344.545000;4344.865000;4344.035000;4344.345000;0
20260814 043400;4344.415000;4344.595000;4344.095000;4344.125000;0
20260814 043500;4344.315000;4345.115000;4344.195000;4344.885000;0
20260814 043600;4344.795000;4346.735000;4344.795000;4346.415000;0
20260814 043700;4346.435000;4348.935000;4346.175000;4348.815000;0
20260814 043800;4348.685000;4348.685000;4347.005000;4347.615000;0
20260814 043900;4347.735000;4348.175000;4347.135000;4347.965000;0
20260814 044000;4347.975000;4348.855000;4347.855000;4347.925000;0
20260814 044100;4347.905000;4349.145000;4347.775000;4347.825000;0
20260814 044200;4347.855000;4348.175000;4345.595000;4345.595000;0
20260814 044300;4345.735000;4346.075000;4345.165000;4345.215000;0
20260814 044400;4345.215000;4345.605000;4343.355000;4343.515000;0
20260814 044500;4343.505000;4343.585000;4342.615000;4343.495000;0
20260814 044600;4343.495000;4344.515000;4343.375000;4343.905000;0
20260814 044700;4344.055000;4344.465000;4343.555000;4343.915000;0
20260814 044800;4344.045000;4344.405000;4343.605000;4343.895000;0
20260814 044900;4343.855000;4344.445000;4343.425000;4344.255000;0
20260814 045000;4344.165000;4344.505000;4343.735000;4344.295000;0
20260814 045100;4344.545000;4345.825000;4344.005000;4345.625000;0
20260814 045200;4345.485000;4346.435000;4345.425000;4346.135000;0
20260814 045300;4346.225000;4347.415000;4345.945000;4346.895000;0
20260814 045400;4346.895000;4347.115000;4346.455000;4346.545000;0
20260814 045500;4346.645000;4348.705000;4346.515000;4348.355000;0
20260814 045600;4348.265000;4349.565000;4348.265000;4348.775000;0
20260814 045700;4348.685000;4348.855000;4347.065000;4347.065000;0
20260814 045800;4347.145000;4348.475000;4347.005000;4348.325000;0
20260814 045900;4348.395000;4348.765000;4348.205000;4348.475000;0
20260814 050000;4348.335000;4348.875000;4347.125000;4348.325000;0
20260814 050100;4348.215000;4348.705000;4347.815000;4348.375000;0
20260814 050200;4348.245000;4348.685000;4347.555000;4347.685000;0
20260814 050300;4347.745000;4347.825000;4347.205000;4347.605000;0
20260814 050400;4347.785000;4348.315000;4347.285000;4347.285000;0
20260814 050500;4347.235000;4347.315000;4346.555000;4346.795000;0
20260814 050600;4346.845000;4347.615000;4346.385000;4347.095000;0
20260814 050700;4347.135000;4347.695000;4345.915000;4347.555000;0
20260814 050800;4347.695000;4348.065000;4347.365000;4347.365000;0
20260814 050900;4347.485000;4349.105000;4347.395000;4348.695000;0
20260814 051000;4348.705000;4348.835000;4347.865000;4348.665000;0
20260814 051100;4348.695000;4349.355000;4347.795000;4349.015000;0
20260814 051200;4348.925000;4349.195000;4348.445000;4349.005000;0
20260814 051300;4349.005000;4349.285000;4348.315000;4349.285000;0
20260814 051400;4349.175000;4350.855000;4349.145000;4350.595000;0
20260814 051500;4350.625000;4351.725000;4350.535000;4351.225000;0
20260814 051600;4351.275000;4351.645000;4350.255000;4350.565000;0
20260814 051700;4350.615000;4351.405000;4350.305000;4350.565000;0
20260814 051800;4350.565000;4350.825000;4349.565000;4349.855000;0
20260814 051900;4349.855000;4349.865000;4349.145000;4349.355000;0
20260814 052000;4349.335000;4351.225000;4348.535000;4350.915000;0
20260814 052100;4350.905000;4352.365000;4350.775000;4351.125000;0
20260814 052200;4351.115000;4351.115000;4349.985000;4350.445000;0
20260814 052300;4350.555000;4350.615000;4349.945000;4350.245000;0
20260814 052400;4350.375000;4352.135000;4349.745000;4352.135000;0
20260814 052500;4352.235000;4354.005000;4352.085000;4352.835000;0
20260814 052600;4352.815000;4353.435000;4352.715000;4352.755000;0
20260814 052700;4352.755000;4352.855000;4350.795000;4350.985000;0
20260814 052800;4350.875000;4351.595000;4349.795000;4351.145000;0
20260814 052900;4351.185000;4351.705000;4350.475000;4351.605000;0
20260814 053000;4351.655000;4351.895000;4350.265000;4351.735000;0
20260814 053100;4351.625000;4352.295000;4349.865000;4349.935000;0
20260814 053200;4350.105000;4352.665000;4350.005000;4352.375000;0
20260814 053300;4352.365000;4353.055000;4352.155000;4352.465000;0
20260814 053400;4352.375000;4353.935000;4352.235000;4352.565000;0
20260814 053500;4352.565000;4354.015000;4352.455000;4353.775000;0
20260814 053600;4353.795000;4354.325000;4352.955000;4352.975000;0
20260814 053700;4352.975000;4353.795000;4352.875000;4353.755000;0
20260814 053800;4353.705000;4353.765000;4352.095000;4352.205000;0
20260814 053900;4352.125000;4352.575000;4352.095000;4352.495000;0
20260814 054000;4352.515000;4353.015000;4352.225000;4352.255000;0
20260814 054100;4352.255000;4353.255000;4351.595000;4353.135000;0
20260814 054200;4353.205000;4353.255000;4352.135000;4352.135000;0
20260814 054300;4352.155000;4353.245000;4352.055000;4353.035000;0
20260814 054400;4352.965000;4353.295000;4352.385000;4353.295000;0
20260814 054500;4353.315000;4354.495000;4353.315000;4354.235000;0
20260814 054600;4354.235000;4354.325000;4353.305000;4353.345000;0
20260814 054700;4353.285000;4353.475000;4352.735000;4352.915000;0
20260814 054800;4352.795000;4353.315000;4352.485000;4353.195000;0
20260814 054900;4353.325000;4354.435000;4353.075000;4353.515000;0
20260814 055000;4353.515000;4355.225000;4352.855000;4354.575000;0
20260814 055100;4354.305000;4354.375000;4353.145000;4353.265000;0
20260814 055200;4353.165000;4354.375000;4352.875000;4354.235000;0
20260814 055300;4354.245000;4354.425000;4353.905000;4354.245000;0
20260814 055400;4354.185000;4354.945000;4354.055000;4354.735000;0
20260814 055500;4354.735000;4355.365000;4353.685000;4354.745000;0
20260814 055600;4354.785000;4355.385000;4354.335000;4354.785000;0
20260814 055700;4354.845000;4355.175000;4354.165000;4354.545000;0
20260814 055800;4354.565000;4355.135000;4354.195000;4355.135000;0
20260814 055900;4355.005000;4357.365000;4354.895000;4356.985000;0
20260814 060000;4357.155000;4357.355000;4355.835000;4355.935000;0
20260814 060100;4355.885000;4356.605000;4355.745000;4356.025000;0
20260814 060200;4355.995000;4356.815000;4355.915000;4356.445000;0
20260814 060300;4356.375000;4356.875000;4356.245000;4356.705000;0
20260814 060400;4356.695000;4357.285000;4356.665000;4356.725000;0
20260814 060500;4356.605000;4356.915000;4356.335000;4356.525000;0
20260814 060600;4356.565000;4357.095000;4356.415000;4357.015000;0
20260814 060700;4356.885000;4358.515000;4356.625000;4356.635000;0
20260814 060800;4356.655000;4356.725000;4355.905000;4356.655000;0
20260814 060900;4356.775000;4357.395000;4355.575000;4355.955000;0
20260814 061000;4355.965000;4356.495000;4355.095000;4355.555000;0
20260814 061100;4355.675000;4356.665000;4355.565000;4356.285000;0
20260814 061200;4356.285000;4356.425000;4355.535000;4356.315000;0
20260814 061300;4356.375000;4356.725000;4355.575000;4355.705000;0
20260814 061400;4355.565000;4355.565000;4353.695000;4354.215000;0
20260814 061500;4354.305000;4355.045000;4354.045000;4354.775000;0
20260814 061600;4354.905000;4355.305000;4353.015000;4353.135000;0
20260814 061700;4353.135000;4354.005000;4353.135000;4353.675000;0
20260814 061800;4353.685000;4353.905000;4352.915000;4353.195000;0
20260814 061900;4352.035000;4353.425000;4351.795000;4353.255000;0
20260814 062000;4353.255000;4353.605000;4352.885000;4353.045000;0
20260814 062100;4353.155000;4353.195000;4352.235000;4352.935000;0
20260814 062200;4352.935000;4354.215000;4352.935000;4353.815000;0
20260814 062300;4353.885000;4354.125000;4353.665000;4353.795000;0
20260814 062400;4353.795000;4354.105000;4353.605000;4353.775000;0
20260814 062500;4353.805000;4354.015000;4353.125000;4353.125000;0
20260814 062600;4353.085000;4353.285000;4350.925000;4351.215000;0
20260814 062700;4351.275000;4351.795000;4350.915000;4350.915000;0
20260814 062800;4350.935000;4351.545000;4350.675000;4350.725000;0
20260814 062900;4350.765000;4351.235000;4349.835000;4351.165000;0
20260814 063000;4351.265000;4351.335000;4350.205000;4350.365000;0
20260814 063100;4350.465000;4350.635000;4348.705000;4349.145000;0
20260814 063200;4348.945000;4349.405000;4348.695000;4348.725000;0
20260814 063300;4348.625000;4349.365000;4348.035000;4349.085000;0
20260814 063400;4349.065000;4349.865000;4349.025000;4349.305000;0
20260814 063500;4349.295000;4349.645000;4348.965000;4349.475000;0
20260814 063600;4349.505000;4349.995000;4349.255000;4349.995000;0
20260814 063700;4349.925000;4349.955000;4348.625000;4348.745000;0
20260814 063800;4348.805000;4349.265000;4348.805000;4348.985000;0
20260814 063900;4348.995000;4349.345000;4348.345000;4348.755000;0
20260814 064000;4348.835000;4348.995000;4348.615000;4348.735000;0
20260814 064100;4348.815000;4350.365000;4348.445000;4349.855000;0
20260814 064200;4349.875000;4350.215000;4348.695000;4349.615000;0
20260814 064300;4349.745000;4351.115000;4349.215000;4351.115000;0
20260814 064400;4351.175000;4351.785000;4350.525000;4351.755000;0
20260814 064500;4351.695000;4352.245000;4351.565000;4352.235000;0
20260814 064600;4352.235000;4352.365000;4351.295000;4351.495000;0
20260814 064700;4351.525000;4352.265000;4351.175000;4352.165000;0
20260814 064800;4352.255000;4352.385000;4351.285000;4351.365000;0
20260814 064900;4351.505000;4351.585000;4351.145000;4351.295000;0
20260814 065000;4351.295000;4352.485000;4351.115000;4352.285000;0
20260814 065100;4352.355000;4352.735000;4352.285000;4352.725000;0
20260814 065200;4352.615000;4353.495000;4352.615000;4352.955000;0
20260814 065300;4352.955000;4352.955000;4350.925000;4351.105000;0
20260814 065400;4351.245000;4351.265000;4350.665000;4350.895000;0
20260814 065500;4350.895000;4350.895000;4349.255000;4349.835000;0
20260814 065600;4349.735000;4349.905000;4349.215000;4349.215000;0
20260814 065700;4349.335000;4349.625000;4348.535000;4349.485000;0
20260814 065800;4349.535000;4349.615000;4347.725000;4349.015000;0
20260814 065900;4349.155000;4349.665000;4349.125000;4349.155000;0
20260814 070000;4349.405000;4349.775000;4348.315000;4349.775000;0
20260814 070100;4349.775000;4350.205000;4349.375000;4349.815000;0
20260814 070200;4349.845000;4350.825000;4349.775000;4350.555000;0
20260814 070300;4350.605000;4350.605000;4348.935000;4348.955000;0
20260814 070400;4349.155000;4349.545000;4348.795000;4348.985000;0
20260814 070500;4348.975000;4349.445000;4348.825000;4349.445000;0
20260814 070600;4349.585000;4349.975000;4349.145000;4349.485000;0
20260814 070700;4349.515000;4349.915000;4349.165000;4349.825000;0
20260814 070800;4349.885000;4351.295000;4349.875000;4351.255000;0
20260814 070900;4351.125000;4351.225000;4350.335000;4350.775000;0
20260814 071000;4350.845000;4351.025000;4350.445000;4350.745000;0
20260814 071100;4350.755000;4351.295000;4350.745000;4351.215000;0
20260814 071200;4351.195000;4351.295000;4350.595000;4351.035000;0
20260814 071300;4351.055000;4351.475000;4350.255000;4350.405000;0
20260814 071400;4350.335000;4350.695000;4349.785000;4350.475000;0
20260814 071500;4350.515000;4351.315000;4350.475000;4351.255000;0
20260814 071600;4351.315000;4353.585000;4350.915000;4353.555000;0
20260814 071700;4353.495000;4354.765000;4353.315000;4354.315000;0
20260814 071800;4354.325000;4354.545000;4353.485000;4354.405000;0
20260814 071900;4354.365000;4355.345000;4354.365000;4355.285000;0
20260814 072000;4355.325000;4355.915000;4355.105000;4355.705000;0
20260814 072100;4355.605000;4356.655000;4355.605000;4356.365000;0
20260814 072200;4356.275000;4356.465000;4354.855000;4355.135000;0
20260814 072300;4355.285000;4355.615000;4353.225000;4353.825000;0
20260814 072400;4353.825000;4354.145000;4353.505000;4353.815000;0
20260814 072500;4353.755000;4354.095000;4353.135000;4353.475000;0
20260814 072600;4353.475000;4355.565000;4352.975000;4355.525000;0
20260814 072700;4355.505000;4356.465000;4355.235000;4356.375000;0
20260814 072800;4356.335000;4356.925000;4356.235000;4356.775000;0
20260814 072900;4356.735000;4356.905000;4355.965000;4356.555000;0
20260814 073000;4356.495000;4360.195000;4356.285000;4358.565000;0
20260814 073100;4358.365000;4358.985000;4356.825000;4358.135000;0
20260814 073200;4358.105000;4358.645000;4357.695000;4357.995000;0
20260814 073300;4357.945000;4358.635000;4357.665000;4358.025000;0
20260814 073400;4357.955000;4361.605000;4357.765000;4361.445000;0
20260814 073500;4361.445000;4362.015000;4361.075000;4361.605000;0
20260814 073600;4361.605000;4361.625000;4360.115000;4360.865000;0
20260814 073700;4360.895000;4361.795000;4360.055000;4361.695000;0
20260814 073800;4361.625000;4362.525000;4361.325000;4362.355000;0
20260814 073900;4362.365000;4363.265000;4361.455000;4361.495000;0
20260814 074000;4361.585000;4362.215000;4361.265000;4362.135000;0
20260814 074100;4362.105000;4362.585000;4361.865000;4362.295000;0
20260814 074200;4362.255000;4363.355000;4362.075000;4362.915000;0
20260814 074300;4362.855000;4363.215000;4362.215000;4362.835000;0
20260814 074400;4362.845000;4362.985000;4362.075000;4362.265000;0
20260814 074500;4362.235000;4362.965000;4361.625000;4362.075000;0
20260814 074600;4362.085000;4362.455000;4361.545000;4361.735000;0
20260814 074700;4361.735000;4362.295000;4360.755000;4361.315000;0
20260814 074800;4361.395000;4361.495000;4360.955000;4361.275000;0
20260814 074900;4361.275000;4361.935000;4361.275000;4361.625000;0
20260814 075000;4361.645000;4365.485000;4361.595000;4364.705000;0
20260814 075100;4365.015000;4365.865000;4364.085000;4365.685000;0
20260814 075200;4365.685000;4367.295000;4365.565000;4366.835000;0
20260814 075300;4366.785000;4368.145000;4366.785000;4367.495000;0
20260814 075400;4367.465000;4367.465000;4365.795000;4366.925000;0
20260814 075500;4366.935000;4367.285000;4366.315000;4366.435000;0
20260814 075600;4366.455000;4367.045000;4365.545000;4365.705000;0
20260814 075700;4365.675000;4366.825000;4365.435000;4366.435000;0
20260814 075800;4366.435000;4367.695000;4366.175000;4367.645000;0
20260814 075900;4367.645000;4369.235000;4367.465000;4369.035000;0
20260814 080000;4369.035000;4372.625000;4368.815000;4371.515000;0
20260814 080100;4371.505000;4371.625000;4370.305000;4371.605000;0
20260814 080200;4371.495000;4374.145000;4371.435000;4373.425000;0
20260814 080300;4373.375000;4375.165000;4372.715000;4373.515000;0
20260814 080400;4373.505000;4374.785000;4373.365000;4373.645000;0
20260814 080500;4373.515000;4374.325000;4372.875000;4374.225000;0
20260814 080600;4374.355000;4374.725000;4373.445000;4373.565000;0
20260814 080700;4373.725000;4373.965000;4373.015000;4373.365000;0
20260814 080800;4373.215000;4376.775000;4372.965000;4373.685000;0
20260814 080900;4373.555000;4373.935000;4371.635000;4371.955000;0
20260814 081000;4371.895000;4372.015000;4370.745000;4371.635000;0
20260814 081100;4371.735000;4371.795000;4369.785000;4370.085000;0
20260814 081200;4370.125000;4370.765000;4369.505000;4370.335000;0
20260814 081300;4370.335000;4371.135000;4365.635000;4368.495000;0
20260814 081400;4368.495000;4371.755000;4368.495000;4371.475000;0
20260814 081500;4371.515000;4372.055000;4369.995000;4370.115000;0
20260814 081600;4370.055000;4370.455000;4369.405000;4369.985000;0
20260814 081700;4369.955000;4371.005000;4369.935000;4370.235000;0
20260814 081800;4370.275000;4371.305000;4369.845000;4371.025000;0
20260814 081900;4370.815000;4372.395000;4370.815000;4372.125000;0
20260814 082000;4372.265000;4377.045000;4372.265000;4376.435000;0
20260814 082100;4376.215000;4377.335000;4375.545000;4377.045000;0
20260814 082200;4377.065000;4378.885000;4377.025000;4377.945000;0
20260814 082300;4377.885000;4379.525000;4376.955000;4379.015000;0
20260814 082400;4378.745000;4380.075000;4378.445000;4378.915000;0
20260814 082500;4378.895000;4379.945000;4378.525000;4379.805000;0
20260814 082600;4379.885000;4380.175000;4378.175000;4378.375000;0
20260814 082700;4378.305000;4378.735000;4377.105000;4377.685000;0
20260814 082800;4377.515000;4379.455000;4377.405000;4378.575000;0
20260814 082900;4378.445000;4380.195000;4378.245000;4379.375000;0
20260814 083000;4379.375000;4383.455000;4377.365000;4381.285000;0
20260814 083100;4381.165000;4386.665000;4380.015000;4386.465000;0
20260814 083200;4386.495000;4386.495000;4382.095000;4382.995000;0
20260814 083300;4383.135000;4384.355000;4382.205000;4382.825000;0
20260814 083400;4382.805000;4383.395000;4380.225000;4381.245000;0
20260814 083500;4381.195000;4381.665000;4379.995000;4380.075000;0
20260814 083600;4379.835000;4379.895000;4378.475000;4378.555000;0
20260814 083700;4378.485000;4379.195000;4377.655000;4377.655000;0
20260814 083800;4377.695000;4378.925000;4376.945000;4376.955000;0
20260814 083900;4376.815000;4377.685000;4375.795000;4377.635000;0
20260814 084000;4377.445000;4377.445000;4374.295000;4374.615000;0
20260814 084100;4374.455000;4375.005000;4372.725000;4373.135000;0
20260814 084200;4373.495000;4374.145000;4373.295000;4373.415000;0
20260814 084300;4373.445000;4374.235000;4371.965000;4372.795000;0
20260814 084400;4372.785000;4374.135000;4371.935000;4372.645000;0
20260814 084500;4372.735000;4373.155000;4371.495000;4371.915000;0
20260814 084600;4371.805000;4373.535000;4370.775000;4370.875000;0
20260814 084700;4370.905000;4372.715000;4370.885000;4372.715000;0
20260814 084800;4372.665000;4376.345000;4372.665000;4376.155000;0
20260814 084900;4376.085000;4376.695000;4374.595000;4374.635000;0
20260814 085000;4374.635000;4374.855000;4373.415000;4373.615000;0
20260814 085100;4373.595000;4374.385000;4372.995000;4373.415000;0
20260814 085200;4373.415000;4374.615000;4372.655000;4374.385000;0
20260814 085300;4374.625000;4376.235000;4374.215000;4375.635000;0
20260814 085400;4375.685000;4377.645000;4375.205000;4375.255000;0
20260814 085500;4375.155000;4375.585000;4374.265000;4374.505000;0
20260814 085600;4374.555000;4375.195000;4373.215000;4373.445000;0
20260814 085700;4373.305000;4374.255000;4372.305000;4373.785000;0
20260814 085800;4373.845000;4374.515000;4373.395000;4374.235000;0
20260814 085900;4374.235000;4374.555000;4372.665000;4373.505000;0
20260814 090000;4373.535000;4374.045000;4370.095000;4372.855000;0
20260814 090100;4372.935000;4375.335000;4372.445000;4374.085000;0
20260814 090200;4373.985000;4374.495000;4371.365000;4373.005000;0
20260814 090300;4373.165000;4378.505000;4373.165000;4378.505000;0
20260814 090400;4378.375000;4378.825000;4376.005000;4378.165000;0
20260814 090500;4377.995000;4378.755000;4376.545000;4377.245000;0
20260814 090600;4377.095000;4380.015000;4377.065000;4379.115000;0
20260814 090700;4379.035000;4379.445000;4377.925000;4378.645000;0
20260814 090800;4378.745000;4378.745000;4376.075000;4376.735000;0
20260814 090900;4376.765000;4379.615000;4376.625000;4379.615000;0
20260814 091000;4379.475000;4380.895000;4378.585000;4378.595000;0
20260814 091100;4378.495000;4379.465000;4378.045000;4378.625000;0
20260814 091200;4378.615000;4380.315000;4378.575000;4379.425000;0
20260814 091300;4379.365000;4380.185000;4378.135000;4378.355000;0
20260814 091400;4378.385000;4378.675000;4374.675000;4374.945000;0
20260814 091500;4375.055000;4378.035000;4374.965000;4377.905000;0
20260814 091600;4377.995000;4379.085000;4377.175000;4379.065000;0
20260814 091700;4378.925000;4380.475000;4378.275000;4378.945000;0
20260814 091800;4379.065000;4380.225000;4378.285000;4378.795000;0
20260814 091900;4378.735000;4380.785000;4377.515000;4380.735000;0
20260814 092000;4380.805000;4381.155000;4379.645000;4380.475000;0
20260814 092100;4380.305000;4381.055000;4379.625000;4380.735000;0
20260814 092200;4380.755000;4382.405000;4380.755000;4381.555000;0
20260814 092300;4381.545000;4384.455000;4381.005000;4384.455000;0
20260814 092400;4384.415000;4385.315000;4383.565000;4385.255000;0
20260814 092500;4385.285000;4386.275000;4385.095000;4385.445000;0
20260814 092600;4385.445000;4386.305000;4384.185000;4385.645000;0
20260814 092700;4385.795000;4386.315000;4384.785000;4385.785000;0
20260814 092800;4385.715000;4385.795000;4383.765000;4384.855000;0
20260814 092900;4384.815000;4385.695000;4383.795000;4384.325000;0
20260814 093000;4384.405000;4387.835000;4383.555000;4387.265000;0
20260814 093100;4387.205000;4389.225000;4385.335000;4387.345000;0
20260814 093200;4387.225000;4390.195000;4386.895000;4389.565000;0
20260814 093300;4389.535000;4389.935000;4387.215000;4388.665000;0
20260814 093400;4388.615000;4391.415000;4388.385000;4390.945000;0
20260814 093500;4391.235000;4393.535000;4390.815000;4392.235000;0
20260814 093600;4392.295000;4393.815000;4391.495000;4393.025000;0
20260814 093700;4393.065000;4394.995000;4390.865000;4394.535000;0
20260814 093800;4394.535000;4396.615000;4393.955000;4396.445000;0
20260814 093900;4396.525000;4396.765000;4393.445000;4395.085000;0
20260814 094000;4395.165000;4395.535000;4392.555000;4393.525000;0
20260814 094100;4393.565000;4393.805000;4390.335000;4390.845000;0
20260814 094200;4391.055000;4394.585000;4390.625000;4394.585000;0
20260814 094300;4394.615000;4396.045000;4393.985000;4394.125000;0
20260814 094400;4394.335000;4395.355000;4393.225000;4393.545000;0
20260814 094500;4393.595000;4394.605000;4393.175000;4394.105000;0
20260814 094600;4393.935000;4394.145000;4389.565000;4389.705000;0
20260814 094700;4389.715000;4390.045000;4387.155000;4389.645000;0
20260814 094800;4389.665000;4390.405000;4388.305000;4389.045000;0
20260814 094900;4389.085000;4389.205000;4386.255000;4386.435000;0
20260814 095000;4386.605000;4388.365000;4386.085000;4387.555000;0
20260814 095100;4387.695000;4387.755000;4384.835000;4387.515000;0
20260814 095200;4387.525000;4387.895000;4384.295000;4384.675000;0
20260814 095300;4384.645000;4385.315000;4383.345000;4384.605000;0
20260814 095400;4384.535000;4386.185000;4382.845000;4384.435000;0
20260814 095500;4384.515000;4385.575000;4383.495000;4385.455000;0
20260814 095600;4385.375000;4385.555000;4383.085000;4383.805000;0
20260814 095700;4383.835000;4384.975000;4383.475000;4383.535000;0
20260814 095800;4383.485000;4384.475000;4382.695000;4383.685000;0
20260814 095900;4383.845000;4385.615000;4383.845000;4384.435000;0
20260814 100000;4384.205000;4392.765000;4384.145000;4391.975000;0
20260814 100100;4391.945000;4392.345000;4387.605000;4388.175000;0
20260814 100200;4388.175000;4390.195000;4387.685000;4389.525000;0
20260814 100300;4389.505000;4389.615000;4387.715000;4389.095000;0
20260814 100400;4389.335000;4392.215000;4388.935000;4391.145000;0
20260814 100500;4391.195000;4391.285000;4390.075000;4390.845000;0
20260814 100600;4390.735000;4391.765000;4389.145000;4391.585000;0
20260814 100700;4391.625000;4391.655000;4389.575000;4391.005000;0
20260814 100800;4391.075000;4391.105000;4389.535000;4389.745000;0
20260814 100900;4389.365000;4390.455000;4388.565000;4388.565000;0
20260814 101000;4388.625000;4389.415000;4387.465000;4387.705000;0
20260814 101100;4387.845000;4391.165000;4386.855000;4389.755000;0
20260814 101200;4389.775000;4392.685000;4389.205000;4392.685000;0
20260814 101300;4392.735000;4392.905000;4391.325000;4391.655000;0
20260814 101400;4391.775000;4392.585000;4389.225000;4390.255000;0
20260814 101500;4390.285000;4392.035000;4389.095000;4390.285000;0
20260814 101600;4390.255000;4390.765000;4388.225000;4388.965000;0
20260814 101700;4389.005000;4391.135000;4388.705000;4391.135000;0
20260814 101800;4391.195000;4391.315000;4387.775000;4388.565000;0
20260814 101900;4388.525000;4388.555000;4385.255000;4386.145000;0
20260814 102000;4386.015000;4386.165000;4384.965000;4385.325000;0
20260814 102100;4385.345000;4387.945000;4385.145000;4387.525000;0
20260814 102200;4387.475000;4388.265000;4386.485000;4387.405000;0
20260814 102300;4387.375000;4389.985000;4387.055000;4389.845000;0
20260814 102400;4389.845000;4392.185000;4389.565000;4391.885000;0
20260814 102500;4391.755000;4394.385000;4391.055000;4392.935000;0
20260814 102600;4392.935000;4393.285000;4392.065000;4392.125000;0
20260814 102700;4392.005000;4393.585000;4391.805000;4391.805000;0
20260814 102800;4391.785000;4391.935000;4391.045000;4391.255000;0
20260814 102900;4391.235000;4391.915000;4390.205000;4390.495000;0
20260814 103000;4390.415000;4391.325000;4388.235000;4388.235000;0
20260814 103100;4388.345000;4390.795000;4388.095000;4390.175000;0
20260814 103200;4390.045000;4390.445000;4388.645000;4389.565000;0
20260814 103300;4389.505000;4389.735000;4388.105000;4388.825000;0
20260814 103400;4388.725000;4388.725000;4384.025000;4384.225000;0
20260814 103500;4384.445000;4386.255000;4384.195000;4385.125000;0
20260814 103600;4385.145000;4386.545000;4384.955000;4386.535000;0
20260814 103700;4386.675000;4386.825000;4383.775000;4383.965000;0
20260814 103800;4383.995000;4385.315000;4383.995000;4385.295000;0
20260814 103900;4385.425000;4386.835000;4385.175000;4385.785000;0
20260814 104000;4385.885000;4386.405000;4384.635000;4385.635000;0
20260814 104100;4385.635000;4385.635000;4383.295000;4383.475000;0
20260814 104200;4383.345000;4383.625000;4381.345000;4381.635000;0
20260814 104300;4381.745000;4383.415000;4381.745000;4382.735000;0
20260814 104400;4382.735000;4384.845000;4381.685000;4384.065000;0
20260814 104500;4384.065000;4384.345000;4381.435000;4381.805000;0
20260814 104600;4381.965000;4381.965000;4379.345000;4380.295000;0
20260814 104700;4380.295000;4380.795000;4378.685000;4380.795000;0
20260814 104800;4380.685000;4382.235000;4380.195000;4381.675000;0
20260814 104900;4381.785000;4382.195000;4379.945000;4380.255000;0
20260814 105000;4380.255000;4380.255000;4379.355000;4379.595000;0
20260814 105100;4379.435000;4380.685000;4379.345000;4379.465000;0
20260814 105200;4379.425000;4381.515000;4379.285000;4380.825000;0
20260814 105300;4380.735000;4382.945000;4380.705000;4382.705000;0
20260814 105400;4382.705000;4382.915000;4381.275000;4381.385000;0
20260814 105500;4381.415000;4382.735000;4381.305000;4382.345000;0
20260814 105600;4382.345000;4382.455000;4379.695000;4379.985000;0
20260814 105700;4379.855000;4382.365000;4379.635000;4381.415000;0
20260814 105800;4381.285000;4382.015000;4379.915000;4380.585000;0
20260814 105900;4380.585000;4381.575000;4379.925000;4381.165000;0
20260814 110000;4381.185000;4383.465000;4380.815000;4383.255000;0
20260814 110100;4383.255000;4385.665000;4383.105000;4385.435000;0
20260814 110200;4385.525000;4387.635000;4385.325000;4386.815000;0
20260814 110300;4386.695000;4390.655000;4386.695000;4389.265000;0
20260814 110400;4389.265000;4389.775000;4386.545000;4386.545000;0
20260814 110500;4386.515000;4387.845000;4385.855000;4386.755000;0
20260814 110600;4386.605000;4388.375000;4386.555000;4387.405000;0
20260814 110700;4387.255000;4388.515000;4386.555000;4387.965000;0
20260814 110800;4387.945000;4388.975000;4387.185000;4387.185000;0
20260814 110900;4387.115000;4387.115000;4385.265000;4386.255000;0
20260814 111000;4386.265000;4386.915000;4385.805000;4386.415000;0
20260814 111100;4386.515000;4389.075000;4386.515000;4387.845000;0
20260814 111200;4387.845000;4390.355000;4387.115000;4389.995000;0
20260814 111300;4389.855000;4392.905000;4389.595000;4392.885000;0
20260814 111400;4392.925000;4393.865000;4391.755000;4391.955000;0
20260814 111500;4392.065000;4393.525000;4389.595000;4389.595000;0
20260814 111600;4389.455000;4389.785000;4387.405000;4389.175000;0
20260814 111700;4389.175000;4392.225000;4388.985000;4390.845000;0
20260814 111800;4390.575000;4390.605000;4387.465000;4387.705000;0
20260814 111900;4387.655000;4387.655000;4385.675000;4386.125000;0
20260814 112000;4385.975000;4386.645000;4385.675000;4386.585000;0
20260814 112100;4386.465000;4386.895000;4385.015000;4385.255000;0
20260814 112200;4385.215000;4385.755000;4383.595000;4384.195000;0
20260814 112300;4384.305000;4385.895000;4383.505000;4385.345000;0
20260814 112400;4385.415000;4385.645000;4382.685000;4383.145000;0
20260814 112500;4383.005000;4383.775000;4381.425000;4381.905000;0
20260814 112600;4382.005000;4382.005000;4378.665000;4380.405000;0
20260814 112700;4380.385000;4382.625000;4379.795000;4382.485000;0
20260814 112800;4382.565000;4383.745000;4382.465000;4382.695000;0
20260814 112900;4382.695000;4384.875000;4382.585000;4384.605000;0
20260814 113000;4384.805000;4388.815000;4383.615000;4386.835000;0
20260814 113100;4387.165000;4387.305000;4384.915000;4385.315000;0
20260814 113200;4385.315000;4385.315000;4384.325000;4384.945000;0
20260814 113300;4384.945000;4386.605000;4384.665000;4384.995000;0
20260814 113400;4385.005000;4387.525000;4385.005000;4387.395000;0
20260814 113500;4387.385000;4389.395000;4386.725000;4388.465000;0
20260814 113600;4388.605000;4389.745000;4388.435000;4389.565000;0
20260814 113700;4389.455000;4389.575000;4387.695000;4388.335000;0
20260814 113800;4388.315000;4388.685000;4386.675000;4386.675000;0
20260814 113900;4386.675000;4388.375000;4386.525000;4387.395000;0
20260814 114000;4387.525000;4387.945000;4386.735000;4387.425000;0
20260814 114100;4387.425000;4388.685000;4387.115000;4388.665000;0
20260814 114200;4388.545000;4389.385000;4386.415000;4386.515000;0
20260814 114300;4386.545000;4388.035000;4386.435000;4387.585000;0
20260814 114400;4387.545000;4389.655000;4387.525000;4389.375000;0
20260814 114500;4389.375000;4391.385000;4389.115000;4390.815000;0
20260814 114600;4390.675000;4393.245000;4389.975000;4392.025000;0
20260814 114700;4391.945000;4394.545000;4391.735000;4393.585000;0
20260814 114800;4393.445000;4394.735000;4393.425000;4393.895000;0
20260814 114900;4393.895000;4394.015000;4391.845000;4391.845000;0
20260814 115000;4392.005000;4392.335000;4391.425000;4391.815000;0
20260814 115100;4391.695000;4392.995000;4391.075000;4392.475000;0
20260814 115200;4392.475000;4392.865000;4392.005000;4392.175000;0
20260814 115300;4392.175000;4392.555000;4391.635000;4391.915000;0
20260814 115400;4391.915000;4392.315000;4389.765000;4390.165000;0
20260814 115500;4390.195000;4391.845000;4390.195000;4391.725000;0
20260814 115600;4391.725000;4392.905000;4391.425000;4392.265000;0
20260814 115700;4392.285000;4392.285000;4391.015000;4391.725000;0
20260814 115800;4391.725000;4391.965000;4391.245000;4391.365000;0
20260814 115900;4391.365000;4391.555000;4390.495000;4391.515000;0
20260814 120000;4391.495000;4393.715000;4391.405000;4393.055000;0
20260814 120100;4393.035000;4396.465000;4392.815000;4394.285000;0
20260814 120200;4394.285000;4394.955000;4391.765000;4392.685000;0
20260814 120300;4392.715000;4393.095000;4391.535000;4392.095000;0
20260814 120400;4392.095000;4392.125000;4390.645000;4390.645000;0
20260814 120500;4390.655000;4392.675000;4390.655000;4392.675000;0
20260814 120600;4392.675000;4393.005000;4391.425000;4392.255000;0
20260814 120700;4392.105000;4392.575000;4391.575000;4391.845000;0
20260814 120800;4391.845000;4391.895000;4390.615000;4390.795000;0
20260814 120900;4390.795000;4390.795000;4389.025000;4389.835000;0
20260814 121000;4389.835000;4389.835000;4388.665000;4388.665000;0
20260814 121100;4388.665000;4389.765000;4388.565000;4389.225000;0
20260814 121200;4388.985000;4390.115000;4388.985000;4389.565000;0
20260814 121300;4389.565000;4390.005000;4388.695000;4389.565000;0
20260814 121400;4389.465000;4390.205000;4389.215000;4389.535000;0
20260814 121500;4389.535000;4390.625000;4389.095000;4390.185000;0
20260814 121600;4390.165000;4391.245000;4390.165000;4391.215000;0
20260814 121700;4391.215000;4391.785000;4390.555000;4391.565000;0
20260814 121800;4391.495000;4391.545000;4390.535000;4391.115000;0
20260814 121900;4391.115000;4391.655000;4390.715000;4391.655000;0
20260814 122000;4391.655000;4392.885000;4391.515000;4392.515000;0
20260814 122100;4392.425000;4392.865000;4392.095000;4392.555000;0
20260814 122200;4392.565000;4392.565000;4390.995000;4391.075000;0
20260814 122300;4391.005000;4391.045000;4390.345000;4390.405000;0
20260814 122400;4390.575000;4390.615000;4389.335000;4389.525000;0
20260814 122500;4389.525000;4389.595000;4387.735000;4387.735000;0
20260814 122600;4387.835000;4388.475000;4387.325000;4387.485000;0
20260814 122700;4387.485000;4387.695000;4386.935000;4387.255000;0
20260814 122800;4387.185000;4387.795000;4386.645000;4386.735000;0
20260814 122900;4386.825000;4387.555000;4386.745000;4387.285000;0
20260814 123000;4387.335000;4387.395000;4385.275000;4386.215000;0
20260814 123100;4386.405000;4386.925000;4384.165000;4384.835000;0
20260814 123200;4384.955000;4384.955000;4382.505000;4382.635000;0
20260814 123300;4382.615000;4383.225000;4380.005000;4382.695000;0
20260814 123400;4382.785000;4383.995000;4382.665000;4383.625000;0
20260814 123500;4383.595000;4384.645000;4383.155000;4384.415000;0
20260814 123600;4384.415000;4386.835000;4384.405000;4386.055000;0
20260814 123700;4385.915000;4386.645000;4385.225000;4386.555000;0
20260814 123800;4386.515000;4387.665000;4385.785000;4387.495000;0
20260814 123900;4387.445000;4388.805000;4387.325000;4388.155000;0
20260814 124000;4387.825000;4388.455000;4386.945000;4387.215000;0
20260814 124100;4387.255000;4387.255000;4385.395000;4386.345000;0
20260814 124200;4386.415000;4387.345000;4386.395000;4386.795000;0
20260814 124300;4386.675000;4386.815000;4386.135000;4386.225000;0
20260814 124400;4386.335000;4386.335000;4385.455000;4385.515000;0
20260814 124500;4385.665000;4386.585000;4385.485000;4385.595000;0
20260814 124600;4385.545000;4386.685000;4385.365000;4386.655000;0
20260814 124700;4386.655000;4386.655000;4385.065000;4385.995000;0
20260814 124800;4386.065000;4386.845000;4386.025000;4386.375000;0
20260814 124900;4386.335000;4386.985000;4386.145000;4386.715000;0
20260814 125000;4386.645000;4386.715000;4385.295000;4385.765000;0
20260814 125100;4385.655000;4386.525000;4385.445000;4386.275000;0
20260814 125200;4386.355000;4386.505000;4385.635000;4386.185000;0
20260814 125300;4385.995000;4387.355000;4385.805000;4385.805000;0
20260814 125400;4385.835000;4386.275000;4385.685000;4386.235000;0
20260814 125500;4386.355000;4386.505000;4385.125000;4385.855000;0
20260814 125600;4385.855000;4385.855000;4384.715000;4385.355000;0
20260814 125700;4385.185000;4385.535000;4384.925000;4385.355000;0
20260814 125800;4385.355000;4385.455000;4384.915000;4385.105000;0
20260814 125900;4385.275000;4386.125000;4385.155000;4385.615000;0
20260814 130000;4385.705000;4386.385000;4385.135000;4386.035000;0
20260814 130100;4385.875000;4386.095000;4383.765000;4384.165000;0
20260814 130200;4384.165000;4384.305000;4382.915000;4382.995000;0
20260814 130300;4382.995000;4383.925000;4382.785000;4383.355000;0
20260814 130400;4383.355000;4384.095000;4382.915000;4383.375000;0
20260814 130500;4383.375000;4383.915000;4382.525000;4382.525000;0
20260814 130600;4382.905000;4382.935000;4381.735000;4381.735000;0
20260814 130700;4381.755000;4382.345000;4381.245000;4381.915000;0
20260814 130800;4382.105000;4382.735000;4381.215000;4382.205000;0
20260814 130900;4382.285000;4382.315000;4381.815000;4381.995000;0
20260814 131000;4381.975000;4382.265000;4381.495000;4381.875000;0
20260814 131100;4381.775000;4382.315000;4381.355000;4381.355000;0
20260814 131200;4381.325000;4381.325000;4380.355000;4380.565000;0
20260814 131300;4380.575000;4380.955000;4380.145000;4380.485000;0
20260814 131400;4380.515000;4382.215000;4380.485000;4382.205000;0
20260814 131500;4382.205000;4383.875000;4382.005000;4383.685000;0
20260814 131600;4383.815000;4384.495000;4382.175000;4382.175000;0
20260814 131700;4382.015000;4382.345000;4381.255000;4381.315000;0
20260814 131800;4381.335000;4382.325000;4381.335000;4381.785000;0
20260814 131900;4381.675000;4382.495000;4381.255000;4381.295000;0
20260814 132000;4381.095000;4381.885000;4379.565000;4381.755000;0
20260814 132100;4381.805000;4382.235000;4381.375000;4381.805000;0
20260814 132200;4381.795000;4381.865000;4381.305000;4381.545000;0
20260814 132300;4381.665000;4382.165000;4381.485000;4381.775000;0
20260814 132400;4381.905000;4382.125000;4381.255000;4381.365000;0
20260814 132500;4381.355000;4382.225000;4380.415000;4381.415000;0
20260814 132600;4381.375000;4381.425000;4380.125000;4380.825000;0
20260814 132700;4380.795000;4380.995000;4379.645000;4380.145000;0
20260814 132800;4380.215000;4380.915000;4379.865000;4380.915000;0
20260814 132900;4381.275000;4381.645000;4378.995000;4379.165000;0
20260814 133000;4379.115000;4382.085000;4379.115000;4381.455000;0
20260814 133100;4381.575000;4382.005000;4380.715000;4381.365000;0
20260814 133200;4381.485000;4381.635000;4380.535000;4381.205000;0
20260814 133300;4381.045000;4381.735000;4380.725000;4380.855000;0
20260814 133400;4380.975000;4382.635000;4380.825000;4382.485000;0
20260814 133500;4382.495000;4382.495000;4380.285000;4380.545000;0
20260814 133600;4380.625000;4381.255000;4380.185000;4380.245000;0
20260814 133700;4380.355000;4380.355000;4379.075000;4379.785000;0
20260814 133800;4379.785000;4380.615000;4379.665000;4380.085000;0
20260814 133900;4380.085000;4380.195000;4379.115000;4379.215000;0
20260814 134000;4379.185000;4380.525000;4379.015000;4380.345000;0
20260814 134100;4380.345000;4380.475000;4379.645000;4379.915000;0
20260814 134200;4379.915000;4380.155000;4378.015000;4378.135000;0
20260814 134300;4378.025000;4378.445000;4376.745000;4377.205000;0
20260814 134400;4377.205000;4377.905000;4377.175000;4377.585000;0
20260814 134500;4377.585000;4377.795000;4376.365000;4376.525000;0
20260814 134600;4376.275000;4377.385000;4376.245000;4376.805000;0
20260814 134700;4376.815000;4376.995000;4376.075000;4376.275000;0
20260814 134800;4376.295000;4376.785000;4376.015000;4376.715000;0
20260814 134900;4376.695000;4377.305000;4376.135000;4376.645000;0
20260814 135000;4376.535000;4376.915000;4376.135000;4376.415000;0
20260814 135100;4376.375000;4377.015000;4376.355000;4376.555000;0
20260814 135200;4376.525000;4378.745000;4376.475000;4378.745000;0
20260814 135300;4378.625000;4378.825000;4377.935000;4378.055000;0
20260814 135400;4378.025000;4378.525000;4377.635000;4378.005000;0
20260814 135500;4377.805000;4378.225000;4377.625000;4378.075000;0
20260814 135600;4378.075000;4378.105000;4377.185000;4377.245000;0
20260814 135700;4377.255000;4377.865000;4377.145000;4377.615000;0
20260814 135800;4377.475000;4377.615000;4377.015000;4377.015000;0
20260814 135900;4377.195000;4378.255000;4376.885000;4378.115000;0
20260814 140000;4378.125000;4378.555000;4376.885000;4377.045000;0
20260814 140100;4377.145000;4377.275000;4376.255000;4376.805000;0
20260814 140200;4376.715000;4377.405000;4376.545000;4376.545000;0
20260814 140300;4376.515000;4379.245000;4376.515000;4379.015000;0
20260814 140400;4379.095000;4381.275000;4379.095000;4381.085000;0
20260814 140500;4381.015000;4381.485000;4380.335000;4381.455000;0
20260814 140600;4381.295000;4381.295000;4380.465000;4380.525000;0
20260814 140700;4380.395000;4380.645000;4379.005000;4379.495000;0
20260814 140800;4379.605000;4380.055000;4379.255000;4379.495000;0
20260814 140900;4379.495000;4380.335000;4379.195000;4379.655000;0
20260814 141000;4379.725000;4380.745000;4379.095000;4379.415000;0
20260814 141100;4379.295000;4379.495000;4378.255000;4378.835000;0
20260814 141200;4378.735000;4378.735000;4377.485000;4378.095000;0
20260814 141300;4378.055000;4378.085000;4376.675000;4377.465000;0
20260814 141400;4377.595000;4377.595000;4376.785000;4377.175000;0
20260814 141500;4377.175000;4377.805000;4376.815000;4377.675000;0
20260814 141600;4377.675000;4377.775000;4376.735000;4377.305000;0
20260814 141700;4377.305000;4378.665000;4377.295000;4378.325000;0
20260814 141800;4378.125000;4378.245000;4377.565000;4377.785000;0
20260814 141900;4377.785000;4378.895000;4377.785000;4378.255000;0
20260814 142000;4378.275000;4379.225000;4378.025000;4378.725000;0
20260814 142100;4378.725000;4380.185000;4378.725000;4379.885000;0
20260814 142200;4379.885000;4379.995000;4379.015000;4379.035000;0
20260814 142300;4379.045000;4379.435000;4378.975000;4379.325000;0
20260814 142400;4379.605000;4379.625000;4378.795000;4379.265000;0
20260814 142500;4379.265000;4379.895000;4379.165000;4379.405000;0
20260814 142600;4379.505000;4379.675000;4379.185000;4379.415000;0
20260814 142700;4379.415000;4380.345000;4379.105000;4379.195000;0
20260814 142800;4379.245000;4379.325000;4378.185000;4378.355000;0
20260814 142900;4378.355000;4379.525000;4377.795000;4379.245000;0
20260814 143000;4379.155000;4379.645000;4378.635000;4378.755000;0
20260814 143100;4378.855000;4379.215000;4377.785000;4377.785000;0
20260814 143200;4377.785000;4378.055000;4377.095000;4378.005000;0
20260814 143300;4377.885000;4378.075000;4377.285000;4377.845000;0
20260814 143400;4377.735000;4378.475000;4377.595000;4378.055000;0
20260814 143500;4378.155000;4378.555000;4377.925000;4378.245000;0
20260814 143600;4378.115000;4379.785000;4378.085000;4379.625000;0
20260814 143700;4379.605000;4379.995000;4379.015000;4379.845000;0
20260814 143800;4379.845000;4381.645000;4379.735000;4381.385000;0
20260814 143900;4381.385000;4382.525000;4381.135000;4382.525000;0
20260814 144000;4382.415000;4382.625000;4381.925000;4382.115000;0
20260814 144100;4382.085000;4382.245000;4381.285000;4381.335000;0
20260814 144200;4381.315000;4382.045000;4380.605000;4381.735000;0
20260814 144300;4381.735000;4381.905000;4377.975000;4379.045000;0
20260814 144400;4379.115000;4379.355000;4376.105000;4376.345000;0
20260814 144500;4376.345000;4376.865000;4370.615000;4372.875000;0
20260814 144600;4373.035000;4374.205000;4372.335000;4374.095000;0
20260814 144700;4374.095000;4374.685000;4373.405000;4373.625000;0
20260814 144800;4373.765000;4374.655000;4373.735000;4374.445000;0
20260814 144900;4374.575000;4374.705000;4373.785000;4373.855000;0
20260814 145000;4373.985000;4374.355000;4373.535000;4373.785000;0
20260814 145100;4373.645000;4374.065000;4373.135000;4374.015000;0
20260814 145200;4374.115000;4374.935000;4373.825000;4374.725000;0
20260814 145300;4374.865000;4375.585000;4373.965000;4374.075000;0
20260814 145400;4374.075000;4374.075000;4372.685000;4373.145000;0
20260814 145500;4373.145000;4373.875000;4372.815000;4373.495000;0
20260814 145600;4373.385000;4373.755000;4373.195000;4373.535000;0
20260814 145700;4373.375000;4374.135000;4372.665000;4373.615000;0
20260814 145800;4373.445000;4373.545000;4372.785000;4372.945000;0
20260814 145900;4372.945000;4373.695000;4372.765000;4373.315000;0
20260814 150000;4373.315000;4373.415000;4372.345000;4372.825000;0
20260814 150100;4372.635000;4373.445000;4372.605000;4373.235000;0
20260814 150200;4373.155000;4373.765000;4372.795000;4373.045000;0
20260814 150300;4373.175000;4373.505000;4372.775000;4372.965000;0
20260814 150400;4372.965000;4373.315000;4372.495000;4372.605000;0
20260814 150500;4372.785000;4372.865000;4371.705000;4372.815000;0
20260814 150600;4372.815000;4374.165000;4372.265000;4374.055000;0
20260814 150700;4374.155000;4374.385000;4373.485000;4373.485000;0
20260814 150800;4373.485000;4374.945000;4373.285000;4374.755000;0
20260814 150900;4374.755000;4376.655000;4374.745000;4376.235000;0
20260814 151000;4376.205000;4376.385000;4375.595000;4375.865000;0
20260814 151100;4375.865000;4376.975000;4375.735000;4376.475000;0
20260814 151200;4376.585000;4377.105000;4376.395000;4377.035000;0
20260814 151300;4377.035000;4377.085000;4376.305000;4376.485000;0
20260814 151400;4376.515000;4376.625000;4375.765000;4375.925000;0
20260814 151500;4375.735000;4376.515000;4375.485000;4376.075000;0
20260814 151600;4375.965000;4376.075000;4374.385000;4375.505000;0
20260814 151700;4375.475000;4375.595000;4374.725000;4375.445000;0
20260814 151800;4375.295000;4375.735000;4373.755000;4375.445000;0
20260814 151900;4375.445000;4375.725000;4374.905000;4375.005000;0
20260814 152000;4375.005000;4375.655000;4374.995000;4375.515000;0
20260814 152100;4375.515000;4376.905000;4375.515000;4376.175000;0
20260814 152200;4376.175000;4376.775000;4375.785000;4376.365000;0
20260814 152300;4376.535000;4376.665000;4375.975000;4376.435000;0
20260814 152400;4376.345000;4376.495000;4375.525000;4376.155000;0
20260814 152500;4376.265000;4376.705000;4376.115000;4376.515000;0
20260814 152600;4376.505000;4377.625000;4376.435000;4377.295000;0
20260814 152700;4377.295000;4377.375000;4376.295000;4376.295000;0
20260814 152800;4376.315000;4377.415000;4376.315000;4377.415000;0
20260814 152900;4377.675000;4377.725000;4376.635000;4377.045000;0
20260814 153000;4377.145000;4377.625000;4376.925000;4377.205000;0
20260814 153100;4377.125000;4377.285000;4376.785000;4377.255000;0
20260814 153200;4377.225000;4377.785000;4376.855000;4377.165000;0
20260814 153300;4377.165000;4377.295000;4376.675000;4376.795000;0
20260814 153400;4376.845000;4377.365000;4376.385000;4377.075000;0
20260814 153500;4376.995000;4377.575000;4376.875000;4377.265000;0
20260814 153600;4377.265000;4378.015000;4376.675000;4376.985000;0
20260814 153700;4377.085000;4377.095000;4375.975000;4376.175000;0
20260814 153800;4376.075000;4376.805000;4375.975000;4376.675000;0
20260814 153900;4376.715000;4376.785000;4375.845000;4376.295000;0
20260814 154000;4376.255000;4377.315000;4375.855000;4377.025000;0
20260814 154100;4376.945000;4377.235000;4376.495000;4376.845000;0
20260814 154200;4376.855000;4376.855000;4376.075000;4376.665000;0
20260814 154300;4376.765000;4376.765000;4376.165000;4376.745000;0
20260814 154400;4376.895000;4376.895000;4375.355000;4375.365000;0
20260814 154500;4375.365000;4375.935000;4375.365000;4375.545000;0
20260814 154600;4375.625000;4375.725000;4375.115000;4375.215000;0
20260814 154700;4375.215000;4375.615000;4374.945000;4375.105000;0
20260814 154800;4375.105000;4375.675000;4374.935000;4375.455000;0
20260814 154900;4375.305000;4375.605000;4375.035000;4375.545000;0
20260814 155000;4375.775000;4376.475000;4375.595000;4376.115000;0
20260814 155100;4376.225000;4376.885000;4375.875000;4376.625000;0
20260814 155200;4376.595000;4378.505000;4376.535000;4378.295000;0
20260814 155300;4378.255000;4379.845000;4378.165000;4379.045000;0
20260814 155400;4379.055000;4379.205000;4377.845000;4377.975000;0
20260814 155500;4377.955000;4377.955000;4373.265000;4374.435000;0
20260814 155600;4374.495000;4376.325000;4374.495000;4375.485000;0
20260814 155700;4375.665000;4375.935000;4374.715000;4374.935000;0
20260814 155800;4374.775000;4375.415000;4374.575000;4375.245000;0
20260814 155900;4375.255000;4376.005000;4375.015000;4375.875000;0
20260814 160000;4375.785000;4375.845000;4373.645000;4374.215000;0
20260814 160100;4374.095000;4375.055000;4373.905000;4374.855000;0
20260814 160200;4374.855000;4374.935000;4374.325000;4374.565000;0
20260814 160300;4374.565000;4374.585000;4373.395000;4373.525000;0
20260814 160400;4373.565000;4374.065000;4373.525000;4373.815000;0
20260814 160500;4373.825000;4374.255000;4372.575000;4372.595000;0
20260814 160600;4372.785000;4373.175000;4372.005000;4373.055000;0
20260814 160700;4373.055000;4373.455000;4372.885000;4372.985000;0
20260814 160800;4372.975000;4373.465000;4372.945000;4373.405000;0
20260814 160900;4373.405000;4373.775000;4371.805000;4371.815000;0
20260814 161000;4371.915000;4372.215000;4371.195000;4371.405000;0
20260814 161100;4371.405000;4371.885000;4371.325000;4371.685000;0
20260814 161200;4371.795000;4372.025000;4371.515000;4371.515000;0
20260814 161300;4371.405000;4372.195000;4371.255000;4372.025000;0
20260814 161400;4372.125000;4372.755000;4371.985000;4372.555000;0
20260814 161500;4372.655000;4373.635000;4372.565000;4373.275000;0
20260814 161600;4373.275000;4373.635000;4373.015000;4373.505000;0
20260814 161700;4373.505000;4373.535000;4373.225000;4373.355000;0
20260814 161800;4373.475000;4373.475000;4373.145000;4373.335000;0
20260814 161900;4373.335000;4373.335000;4373.025000;4373.025000;0
20260814 162000;4373.045000;4373.385000;4373.025000;4373.225000;0
20260814 162100;4373.115000;4373.875000;4373.115000;4373.635000;0
20260814 162200;4373.785000;4373.825000;4373.255000;4373.525000;0
20260814 162300;4373.525000;4373.645000;4372.235000;4372.675000;0
20260814 162400;4372.815000;4373.975000;4372.445000;4373.745000;0
20260814 162500;4373.845000;4373.845000;4373.395000;4373.785000;0
20260814 162600;4373.785000;4374.665000;4373.785000;4374.495000;0
20260814 162700;4374.495000;4374.505000;4374.095000;4374.145000;0
20260814 162800;4374.325000;4374.345000;4373.695000;4373.695000;0
20260814 162900;4373.805000;4374.555000;4373.755000;4374.485000;0
20260814 163000;4374.315000;4374.615000;4373.795000;4374.255000;0
20260814 163100;4374.235000;4374.535000;4374.225000;4374.335000;0
20260814 163200;4374.215000;4374.215000;4373.785000;4374.005000;0
20260814 163300;4374.005000;4374.125000;4373.695000;4373.955000;0
20260814 163400;4373.955000;4374.135000;4373.515000;4373.765000;0
20260814 163500;4373.765000;4374.365000;4373.475000;4374.245000;0
20260814 163600;4374.045000;4374.145000;4373.415000;4373.955000;0
20260814 163700;4373.765000;4375.785000;4373.665000;4375.315000;0
20260814 163800;4375.165000;4375.235000;4374.855000;4374.855000;0
20260814 163900;4374.825000;4375.345000;4374.825000;4374.965000;0
20260814 164000;4375.065000;4376.275000;4375.065000;4375.755000;0
20260814 164100;4375.615000;4375.685000;4375.255000;4375.455000;0
20260814 164200;4375.385000;4375.645000;4374.815000;4374.915000;0
20260814 164300;4374.725000;4374.825000;4374.135000;4374.255000;0
20260814 164400;4374.305000;4375.235000;4374.305000;4375.005000;0
20260814 164500;4374.955000;4375.345000;4374.695000;4375.045000;0
20260814 164600;4374.945000;4375.165000;4374.715000;4374.715000;0
20260814 164700;4374.655000;4374.935000;4374.625000;4374.785000;0
20260814 164800;4374.725000;4375.155000;4374.725000;4374.865000;0
20260814 164900;4374.825000;4375.035000;4374.685000;4374.735000;0
20260814 165000;4374.795000;4375.095000;4374.285000;4374.615000;0
20260814 165100;4374.675000;4375.165000;4374.615000;4374.945000;0
20260814 165200;4374.995000;4375.035000;4374.775000;4374.835000;0
20260814 165300;4374.905000;4375.185000;4374.595000;4374.625000;0
20260814 165400;4374.585000;4375.445000;4374.585000;4375.325000;0
20260814 165500;4375.265000;4375.335000;4374.715000;4375.065000;0
20260814 165600;4375.065000;4375.065000;4374.685000;4374.915000;0
20260814 165700;4374.975000;4375.215000;4374.585000;4375.085000;0
20260814 165800;4375.125000;4375.235000;4373.115000;4374.145000;0
